Bolagsnamn,Org.nr,Besöksadress,Postnr,Ort,Kommun,Omsättning (Mkr),Omsättningsår,Anställda,Grundat,Hemsida,Mejl,Status
A Society AB,5562221068,Mobilvägen 10,223 62,Lund,Lund,1967.1,2024,50,1982,https://www.asociety.se,rekrytering@asociety.se,Ny kandidat
Upgraded People AB,5568200462,Lillsjöraden 22,553 20,Jönköping,Jönköping,1731.2,2024,4,2010,https://upgraded.se,,Ny kandidat
Bonliva AB,5568572886,Sankt Eriksgatan 117 9tr,113 43,Stockholm,Stockholm,1559.4,2024,530,2011,https://www.bonliva.se,,Ny kandidat
Frilans Finans Sverige AB,5568021199,Dag Hammarskjölds Väg 13,752 37,Uppsala,Uppsala,1468.4,2025,23,2010,https://www.frilansfinans.se,info@frilansfinans.se,Ny kandidat
Key Man Aktiebolag,5565270153,Kungsgatan 44 4tr,111 35,Stockholm,Stockholm,1219.9,2025,23,1995,https://www.keyman.se,,Ny kandidat
DistIT Services AB,5561615864,Glasfibergatan 8,125 45,Älvsjö,Stockholm,632.8,2025,0,1972,,,Ny kandidat
Remote Technology Sweden AB,5592820327,Box 16285,103 25,Stockholm,Stockholm,511.9,2024,302,2020,https://remote.com,,Ny kandidat
Cool Company Skandinavien AB,5564328390,Tegnérgatan 2C,113 58,Stockholm,Stockholm,492.6,2025,462,1991,https://coolcompany.com/se,info@coolcompany.com,Ny kandidat
Agila Doctor AB,5567552863,"c/o UNITED SPACES, Götgatan 22 a",118 46,Stockholm,Stockholm,429.3,2023,76,2008,https://www.agila.se,,Ny kandidat
Mpya Finance AB,5590691555,Centralplan 15,111 20,Stockholm,Stockholm,420.6,2025,241,2016,https://mpyafinance.se,hej@mpya.se,Ny kandidat
Jobandtalent Logistics Sweden AB,5567582647,Norra Promenaden 63,602 38,Norrköping,Norrköping,396.4,2024,787,2008,https://www.jobandtalent.se,,Ny kandidat
LäkarLeasing Sverige AB,5566784426,Norra Stationsgatan 93,113 64,Stockholm,Stockholm,354.1,2024,85,2005,https://lakarleasing.se,kontakt@lakarleasing.se,Ny kandidat
Medlink Nordic AB,5569606188,Kungsgatan 12,111 35,Stockholm,Solna,318.3,2024,115,2014,https://medlink.se,info@medlink.se,Ny kandidat
Invoicery Business AB,5591175541,Dag Hammarskjölds Väg 13,752 37,Uppsala,Uppsala,318.1,2025,8331,2017,,,Ny kandidat
Globalization Partners HR Sweden AB,5591213995,Villagatan 19,114 32,Stockholm,Stockholm,317.8,2024,171,2017,https://www.globalization-partners.com,,Ny kandidat
Developers Bay AB,5590018122,Olof Palmes Gata 11 7tr.,111 37,Stockholm,Stockholm,304.7,2025,23,2015,https://developersbay.se,,Ny kandidat
Sverek AB,5566305461,Åsögatan 108,118 29,Stockholm,Stockholm,295.7,2024,140,2002,https://sverek.se,info@sverek.se,Ny kandidat
Svenska Storesupport Lager & Logistik AB,5590636295,Vretenvägen 13,171 54,Solna,Solna,262.4,2024,424,2016,https://storesupport.se,,Ny kandidat
F.H.U Premium AB,5593334609,Nobelvägen 2 Box 975,802 67,Gävle,Gävle,253.3,2025,50,2021,https://fhupremiumab.com,,Ny kandidat
Jobandtalent Staffing Sweden South AB,5567338727,Bures Gata 11,215 34,Malmö,Malmö,248.7,2024,173,2007,https://www.jobandtalent.se,,Ny kandidat
TG Tunnelgruppen AB,5593281289,Bjursta 204,881 93,Sollefteå,Sollefteå,241,2025,42,2021,,,Ny kandidat
Xamera AB,5569356735,Industrigatan 5,582 77,Linköping,Linköping,239,2025,219,2013,https://xamera.se,,Ny kandidat
Alumni AB,5564311826,Kungsbron 1 d 8,111 22,Stockholm,Stockholm,226.5,2025,66,1991,https://alumni.se,,Ny kandidat
Gazella AB,5569733982,Västra Järnvägsgatan 23,111 64,Stockholm,Stockholm,226,2024,115,2014,https://www.gazella.se,info@gazella.se,Ny kandidat
Braathens People AB,5569393712,Gårdsfogdevägen 16,168 67,Bromma,Stockholm,222.4,2025,249,2013,,,Ny kandidat
Sirius Crew AB,5591297360,Donsö Hamnväg 38,430 82,Donsö,Göteborg,219.4,2025,209,2017,,,Ny kandidat
Viva Bemanning AB,5591982029,Gånstavägen 4,749 43,Enköping,Enköping,212,2024,124,2019,https://www.vivabemanning.se,info@vivabemanning.se,Ny kandidat
Egon Zehnder Sweden AB,5569194177,Turning Torso,211 15,Malmö,Malmö,197,2025,1,2013,https://www.egonzehnder.com,,Ny kandidat
CXC Global Sweden AB,5591659932,Birger Jarlsgatan 57 b,113 56,Stockholm,Stockholm,196.5,2024,1,2018,https://www.cxcglobal.com,,Ny kandidat
Gigapay Sweden AB,5590703616,Brunnsgränd 4 5tr,111 30,Stockholm,Stockholm,195.3,2024,15,2016,https://www.gigapay.com,,Ny kandidat
Finance Recruitment Sweden AB,5569686552,Kungsgatan 4 A 3TR,111 43,Stockholm,Stockholm,186.8,2025,31,2014,https://www.financerecruitment.se,info@financerecruitment.se,Ny kandidat
MU Group AB,5594082009,Sveavägen 24-26,111 57,Stockholm,Stockholm,177.2,2024,49,2022,,,Ny kandidat
Friday Väst AB,5591411326,Kungsportsavenyen 10,411 36,Göteborg,Göteborg,176.8,2025,191,2017,https://www.friday.se,info@friday.se,Ny kandidat
Nordic Interim Executive Solutions Aktiebolag,5566554050,Vasagatan 11 11 TR,111 20,Stockholm,Stockholm,174.4,2024,14,2004,https://www.nordicinterim.com,info@nordicinterim.com,Ny kandidat
A-Staffing Construction AB,5590337464,Nya Tingstadsgatan 1,422 44,Hisings Backa,Göteborg,173.1,2025,172,2015,https://www.astaffing.se,info@astaffing.se,Ny kandidat
Effective Sourcing EFFSO AB,5567293922,Röntgenvägen 3 d,171 54,Solna,Solna,169.3,2025,62,2007,https://effso.se,info@effso.se,Ny kandidat
Wise Professionals Konsult AB,5566127030,Linnégatan 87,115 23,Stockholm,Stockholm,164.8,2025,89,2001,https://www.wise.se,info@wise.se,Ny kandidat
Egon Zehnder Management AB,5569194185,Hsb Turning Torso,211 15,Malmö,Malmö,159.8,2025,25,2013,https://www.egonzehnder.com,,Ny kandidat
AKG Sverige AB,5593579823,Hannebergsgatan 33,171 68,Solna,Solna,150.5,2025,131,2021,,,Ny kandidat
ProTrain Resurs AB,5591215578,Stora Torget 4 a,595 30,Mjölby,Mjölby,150.1,2025,143,2017,https://www.protrain.se/,,Ny kandidat
VG Consulting Sweden AB,5592555519,Jungmansgatan 12,211 11,Malmö,Malmö,149.5,2024,62,2020,,,Ny kandidat
Marieberg Media AB,5563347953,Gjörwellsgatan 30,112 60,Stockholm,Stockholm,148.6,2024,171,1988,https://www.mariebergmedia.se,,Ny kandidat
Medcura AB,5566426242,Sturegatan 56 1tr,114 36,Stockholm,Stockholm,141.1,2024,79,2003,https://medcura.se/,info@medcura.se,Ny kandidat
Novare Executive Search Aktiebolag,5563068211,Blasieholmsg. 4 B,111 48,Stockholm,Stockholm,130.5,2025,59,1987,https://novare.se/executive-search/en/,,Ny kandidat
Wise Consulting AB,5564219763,Linnégatan 87,115 23,Stockholm,Stockholm,127.3,2025,66,1991,https://en.wisegroup.se/verksamhet/wise-consulting/wiseconsulting/,,Ny kandidat
Future Value AB,5568024326,Lästmakargatan 10,111 44,Stockholm,Stockholm,125.2,2025,26,2010,https://futurevalue.se/,info@futurevalue.se,Ny kandidat
Corplus AB,5568863582,Gamla Brogatan 34,111 20,Stockholm,Stockholm,124.6,2025,22,2012,https://www.corplus.se/,,Ny kandidat
Agito Sverige AB,5567457121,Neptunigatan 52,211 18,Malmö,Malmö,124,2025,33,2007,https://www.agito.org,,Ny kandidat
Prodiem AB,5566374186,Saltmätargatan 7,113 59,Stockholm,Stockholm,123.8,2026,7,2002,https://www.prodiem.se/en/startpage/,,Ny kandidat
Partbyggen i Kalix AB,5564003357,Industrigatan 17,952 31,Kalix,Kalix,118.5,2024,205,1990,,,Ny kandidat
Agila FPA AB,5590853676,"c/o UNITED SPACES, Götgatan 22 a",118 46,Stockholm,Stockholm,118.1,2023,80,2016,https://www.agila.se/,,Ny kandidat
Jobandtalent Manufacturing Sweden AB,5564611845,Norra Promenaden 63,602 38,Norrköping,Norrköping,116,2024,214,1993,https://www.jobandtalent.se/foretag/industri-och-tillverkning/norrkoping,,Ny kandidat
Floatel Service AB,5569678856,Lilla Badhusgatan 2,411 21,Göteborg,Göteborg,114.9,2024,14,2014,https://www.floatel.no/,,Ny kandidat
Agila Social Care AB,5590026653,"c/o UNITED SPACES, Götgatan 22 a",118 46,Stockholm,Stockholm,114.5,2023,69,2015,https://www.agila.se/,,Ny kandidat
KilaPeople AB,5593366098,Tjusarvägen 38,744 51,Morgongåva,Heby,113.3,2025,301,2021,https://www.kila.se/en,,Ny kandidat
Flexcare Sweden AB,5590554399,Jungmansgatan 12,211 11,Malmö,Malmö,110.9,2025,8,2016,https://www.flexcare.se,lakare@flexcare.se,Ny kandidat
Palmelind Konsult AB,5568910235,Storgatan 93,90333,Umeå,Haparanda,110.9,2025,50,2012,https://www.magnifiq.nu/,,Ny kandidat
Norwegian Air Resources Sweden AB,5569174419,Tornvägen 17 a,190 60,Stockholm-Arlanda,Sigtuna,109.6,2024,58,2013,,,Ny kandidat
Colivia Sweden AB,5590624911,"c/o Adam Lindberg, Odengatan 36",113 51,Stockholm,Stockholm,107.1,2024,134,2016,https://colivia.com/sv/,,Ny kandidat
Brain Competence AB,5590165204,Brunnsgatan 5,111 38,Stockholm,Stockholm,105.3,2025,9,2015,https://braincompetence.se/,,Ny kandidat
CO-WORKER TECHNOLOGY SWEDEN AB,5568036585,Virkesvägen 12,120 30,Stockholm,Stockholm,98.6,2024,18,2010,,,Ny kandidat
SjukvårdsMäklarna Sverige AB,5569220469,"c/o Konrad Advokater, Box 2051",750 02,Uppsala,Uppsala,97.9,2023,20,2013,https://www.sjukvardsmaklarna.se/,,Ny kandidat
iDoc AB,5569456824,Sandgatan 9,602 21,Norrköping,Norrköping,93.3,2023,25,2013,,,Ny kandidat
Invida Vårdservice AB,5567326185,Lustbergsvägen 6,781 71,Borlänge,Borlänge,93.1,2024,12,2007,,,Ny kandidat
Doktorsjouren Nordic AB,5590500061,Alströmergatan 36 Bv,112 47,Stockholm,Stockholm,90.2,2023,58,2016,,,Ny kandidat
Tech Talents Consulting i Sverige AB,5591906689,Platensgatan 26,582 20,Linköping,Linköping,88.1,2025,107,2019,https://techtalents.se,,Ny kandidat
Athletic Work Sverige AB,5568455058,Arenavägen 41,121 77,Johanneshov,Stockholm,87.8,2022,187,2011,,,Ny kandidat
ProTrain Bemanning AB,5567587422,Stora Torget 4 a,595 30,Mjölby,Mjölby,86.8,2025,0,2008,https://www.protrain.se/bemanning/,,Ny kandidat
Brightmill AB,5568618697,Norrlandsgatan 10,111 43,Stockholm,Stockholm,85,2025,12,2011,https://www.brightmill.se,kontakt@brightmill.se,Ny kandidat
SEnterprise Sverige AB,5569962771,Kungsgatan 62,111 22,Stockholm,Stockholm,82.8,2025,10,2014,https://www.senterprise.se,info@senterprise.se,Ny kandidat
Evolution Recruitment Solutions AB,5593165961,"c/o Servando Bolag AB, Box 5814",102 48,Stockholm,Stockholm,82.2,2024,1-4,2021,https://www.evolutionjobs.com,,Ny kandidat
Eyes4work AB,5591640734,Bäckstensgatan 9,431 49,Mölndal,Mölndal,82.1,2024,91,2018,https://www.eyes4work.se,info@eyes4work.se,Ny kandidat
Capa AgnC AB,5591979710,Oxtorgsgatan 4,111 57,Stockholm,Stockholm,82,2025,13,2019,https://capa.se,info@capa.se,Ny kandidat
Tribonum Vårdbemanning AB,5590702550,"c/o Medelia AB, Mailbox 2307",111 75,Stockholm,Stockholm,81.6,2025,13,2016,https://www.tribonum.se,kontakt@tribonum.se,Ny kandidat
SS COMPANY AB,5569090466,Norra Kopparslagargatan 18,803 11,Gävle,Gävle,80.6,2024,5,2012,,,Ny kandidat
PRO TEMPORE Sthlm AB,5592140379,Norrlandsgatan 22,111 43,Stockholm,Stockholm,79.9,2025,20,2019,https://www.protempore.com,,Ny kandidat
Instacura AB,5590931381,Markörvägen 13,191 44,Sollentuna,Sollentuna,78.7,2025,59,2016,https://instacura.se,info@instacura.se,Ny kandidat
Z.K Services AB,5590431812,Nobelvägen 2,802 67,Gävle,Gävle,78.4,2025,120,2015,,,Ny kandidat
Markresurserna i Sala AB,5568065931,Eljansbo 109,733 92,Sala,Sala,77.5,2025,32,2010,https://markresurserna.se,,Ny kandidat
Academic Search International Consulting AB,5566834874,Sveavägen 47,113 59,Stockholm,Stockholm,77.4,2024,41,2005,https://www.academicsearch.se,,Ny kandidat
TrainPool Sverige AB,5569620189,Växlarevägen 25,170 63,Solna,Solna,77.3,2024,42,2014,https://www.trainpool.se,,Ny kandidat
Brödernas Group AB,5590838073,Kungsgatan 9,111 43,Stockholm,Stockholm,76.6,2024,27,2016,https://www.brodernas.nu,,Ny kandidat
B Singh Investment AB,5569635120,Iei 678-9 Billo,106 43,Stockholm,Stockholm,76.5,2024,0,2014,,,Ny kandidat
Meritmind Resources AB,5568152648,Sveavägen 17,111 57,Stockholm,Stockholm,76.2,2025,84,2010,https://meritmind.se,info@meritmind.se,Ny kandidat
Q Workforce AB,5592002702,Banvaktsvägen 24,171 48,Solna,Solna,73.9,2025,55,2019,https://q-workforce.com,,Ny kandidat
Dreamwork Scandinavia AB,5566957600,Drottninggatan 1,252 21,Helsingborg,Helsingborg,72.6,2024,71,2006,https://www.dreamwork.se,,Ny kandidat
Butängens Bud & Lots AB,5568759004,Hydraulvägen 2,616 34,Åby,Norrköping,72.4,2024,44,2011,https://butangensbud.se,,Ny kandidat
Idaliv AB,5592435209,Skolhusallén 3,852 32,Sundsvall,Sundsvall,72.3,2025,50,2020,https://idaliv.se,,Ny kandidat
R.M din bemanning AB,5593445637,Sörbygatan 23,464 61,Brålanda,Vänersborg,72.1,2025,75,2021,,,Ny kandidat
Pontus Frithiof Crew AB,5590307236,Travbanevägen 1,168 64,Bromma,Stockholm,70.9,2025,188,2015,,,Ny kandidat
IndustriQompetens Mälardalen AB,5565877759,Pilgatan 8 C,721 30,Västerås,Västerås,70.5,2025,97,2000,https://industriqompetens.se,info@industriqompetens.se,Ny kandidat
RGB Sweden AB,5590130463,Västergatan 19,434 30,Kungsbacka,Kungsbacka,69.8,2025,2,2015,https://rgbsweden.se,,Ny kandidat
Consensus Sverige AB,5566299284,Aspholmsv. 9,702 27,Örebro,Örebro,69.4,2025,47,2002,http://www.consensus.nu,,Ny kandidat
Novare Interim & Recruitment AB,5566338017,Blasieholmsgatan 4 b,111 48,Stockholm,Stockholm,69.2,2025,25,2002,https://www.novare.se,,Ny kandidat
Svenska Tjänstegruppen Aktiebolag,5568419005,Dagagatan 32,646 32,Gnesta,Gnesta,67.3,2025,55,2011,https://www.svenskatjanstegruppen.se,,Ny kandidat
Market Partner Scandinavia AB,5567754782,Drottninggatan 33 3tr,111 51,Stockholm,Stockholm,65.7,2025,38,2009,https://marketpartner.se,,Ny kandidat
Innovative People Sweden AB,5594666926,Hangövägen 29,115 41,Stockholm,Stockholm,65,2025,146,2024,https://www.innovativepeople.se,info@innovativepeople.se,Ny kandidat
Stensjö Vårdresurs AB,5591939839,Engelbrektsgatan 7 a,411 27,Göteborg,Göteborg,64.3,2026,8,2019,,,Ny kandidat
Twindej Experience AB,5568014095,Hamngränd 6,721 30,Västerås,Västerås,63.9,2024,31,2010,https://www.twindej.se,info@twindej.se,Ny kandidat
S R Intelligence AB,5590889381,Kungsgatan 58,111 22,Stockholm,Stockholm,62,2025,35,2016,https://sri.se,,Ny kandidat
Aktiebolaget Stockholms Brunnsbad,5564693074,Drottninggatan 88,111 36,Stockholm,Stockholm,61.8,2024,18,1993,,,Ny kandidat
Sharp Recruitment Sweden AB,5569928467,Barnhusgatan 4,111 23,Stockholm,Stockholm,61.7,2025,17,2014,https://sharprecruitment.se,info@sharprecruitment.se,Ny kandidat
SMBF Service Aktiebolag,5565494605,Flygfältsgatan 8 b,128 30,Skarpnäck,Stockholm,61.7,2025,37,1997,,,Ny kandidat
OIO Väst AB,5593515835,Kungsportsavenyen 10,411 36,Göteborg,Göteborg,61.6,2025,86,2021,https://oio.se,,Ny kandidat
Scandinavian Executive AB,5569773947,Box 161,18122,Täby,Stockholm,61.6,2025,4,2014,https://www.scandinavianexecutive.se,info@scandinavianexecutive.se,Ny kandidat
Skvalberget Bygg AB,5593542599,Solkraftsvägen 16 b,135 70,Stockholm,Stockholm,60.8,2024,57,2021,,,Ny kandidat
Xamera Consulting AB,5591108179,Industrigatan 5,582 77,Linköping,Linköping,60.7,2025,96,2017,https://www.xamera.se,,Ny kandidat
Friday Öst AB,5592225253,Skeppsbron 38,111 30,Stockholm,Stockholm,60.5,2025,72,2019,https://www.friday.se,info@friday.se,Ny kandidat
Re:Con Finance AB,5590455274,Luntmakargatan 85,113 51,Stockholm,Stockholm,60.2,2025,43,2015,https://www.reconfinance.se/,,Ny kandidat
Health Connect 365 AB,5594546888,Lodjursstråket 1,417 51,Göteborg,Göteborg,58.9,2025,52,2023,https://www.healthconnect365.se/,,Ny kandidat
AdatoCare AB,5590231857,Brännavägen 45,871 62,Härnösand,Härnösand,58,2025,44,2015,https://adatocare.se/,info@adatocare.se,Ny kandidat
Devine Group AB,5594078585,Kungsvägen 18,147 31,Tumba,Botkyrka,57.4,2025,9,2022,,,Ny kandidat
Skicklig Service i Stockholm AB,5564990710,Skolvägen 10,121 32,Enskededalen,Stockholm,57.1,2025,60,1994,,,Ny kandidat
Inneklimat Jönköping AB,5568942600,Ringvägen 67,331 32,Värnamo,Värnamo,56.7,2025,14,2012,,,Ny kandidat
Utbetalning Sverige AB,5594849407,Markvardsgatan 11,113 53,Stockholm,Stockholm,55.6,2025,60,2024,https://utbetalning.com/,,Ny kandidat
KGT Trafik AB,5563351674,Skenvägen 7,281 43,Hässleholm,Hässleholm,55.5,2022,20,1988,https://www.kgtkristianstad.se/,,Ny kandidat
Demox AB,5591104087,Box 2195,600 02,Norrköping,Norrköping,55.4,2025,28,2017,https://www.demoxab.se/,,Ny kandidat
Coop Butiksservice i Sverige AB,5594056011,Norra Stationsgatan 69,113 64,Stockholm,Stockholm,55.3,2024,48,2022,,,Ny kandidat
MR Logistik AB,5590389085,Stenbrovägen 21,253 68,Helsingborg,Helsingborg,54.8,2024,17,2015,https://mrlogistik.se/,info@mrlogistik.se,Ny kandidat
Newr AB,5592302615,Vasagatan 28,111 20,Stockholm,Stockholm,54.5,2025,19,2019,https://www.newr.se/,hej@newr.se,Ny kandidat
Flipr AB,5593466757,Mässans Gata 18 Vån 8,412 51,Göteborg,Göteborg,53.9,2025,10,2021,https://flipr.se/,,Ny kandidat
Crowd Collective Stockholm AB,5591746028,Gamla Tanneforsvägen 92,582 52,Linköping,Linköping,53.7,2024,38,2018,https://www.crowdcollective.com/,,Ny kandidat
Oirps AB,5590701800,Karlavägen 65 3 Tr,114 49,Stockholm,Stockholm,52.9,2024,135,2016,https://sprio.se/,,Ny kandidat
Andcompany Sweden AB,5592212566,Karlavägen 73 3 TR,114 49,Stockholm,Danderyd,52.9,2025,25,2019,https://www.andcompany.se/,,Ny kandidat
Curonova Consulting AB,5569807455,Östermalmstorg 1,114 42,Stockholm,Stockholm,52.7,2025,43,2014,https://www.curonova.se/,,Ny kandidat
ShowPro TN AB,5567112791,Renstiernas Gata 14,116 28,Stockholm,Stockholm,52.1,2024,64,2006,https://www.showpro.se/,,Ny kandidat
Agigo AB,5593295339,Sveavägen 34,111 34,Stockholm,Stockholm,51.7,2025,24,2021,https://agigo.se/,info@agigo.se,Ny kandidat
UngdomsKraft AB,5591713606,Södra Hamnvägen 44,115 41,Stockholm,Stockholm,51.6,2025,71,2018,,,Ny kandidat
DK lyft&transport AB,5567335665,Energivägen 11,19637,Kungsängen,Upplands-Bro,51.3,2024,20,2007,http://www.dklyft.nu,,Ny kandidat
Wheelwork Sweden AB,5592471386,Saleby Dalen Jung 1,535 92,Kvänum,Lidköping,51,2024,105,2020,,,Ny kandidat
Matchedin AB,5590137716,Wallingatan 42 Bv,111 24,Stockholm,Stockholm,50.4,2025,37,2015,https://www.matchedin.se/,,Ny kandidat
D&J Solutions AB,5593745697,Birger Svenssons Väg 11,432 40,Varberg,Varberg,50.3,2025,40,2022,,,Ny kandidat
Friday Syd AB,5594520750,Adelgatan 9,211 22,Malmö,Malmö,50.2,2025,53,2023,https://friday.se/,info@friday.se,Ny kandidat
HSA Söderqvist Service AB,5566380472,Kungsgatan 36,111 35,Stockholm,Stockholm,49.7,2025,30,2003,,,Ny kandidat
Procruitment Jönköping AB,5592185507,Gjuterigatan 9 Bv,553 18,Jönköping,Jönköping,49.7,2024,46,2019,https://www.procruitment.se/,info@procruitment.se,Ny kandidat
Academic Search International Aktiebolag,5564069879,Sveavägen 47,113 59,Stockholm,Stockholm,49.6,2024,32,1990,https://www.academicsearch.se/,info@academicsearch.se,Ny kandidat
Devoote AB,5569458333,Per Weijersgatan 2,211 34,Malmö,Malmö,49.4,2025,14,2013,https://www.devoote.se/,,Ny kandidat
Entreprenad Partner i Stockholm AB,5593769242,Box 27 Trident,762 21,Rimbo,Norrtälje,48.8,2025,3,2022,https://www.entreprenadpartner.se/,,Ny kandidat
BUILDBASE ÖREBRO AB,5590949961,Skottvägen 24,703 84,Örebro,Örebro,48.8,2024,58,2016,,,Ny kandidat
Svenska Storesupport Bemanning AB,5566559422,Vretenvägen 13,171 54,Solna,Solna,48.6,2024,76,2004,https://www.storesupport.se/,,Ny kandidat
TWINDEJ AB,5567597272,Hamngränd 6,721 30,Västerås,Västerås,48.3,2024,30,2008,https://www.twindej.se/,info@twindej.se,Ny kandidat
Ikett Elektro AB,5567785901,Aklejavägen 6,371 54,Karlskrona,Karlskrona,48.3,2024,60,2009,https://www.ikett.com/,,Ny kandidat
Real Competence Svenska AB,5565832564,Kungsgatan 35,111 56,Stockholm,Stockholm,48.2,2025,10,2000,https://www.realcompetence.se/,info@realcompetence.se,Ny kandidat
Capio Bemanning och Rekrytering AB,5568994361,Lilla Bommen 5,405 22,Göteborg,Göteborg,48.1,2025,28,2012,,,Ny kandidat
Nordisk Spårteknik AB,5591794721,Tolvmilavägen 1,784 74,Borlänge,Borlänge,47.7,2024,21,2018,,,Ny kandidat
Invoicery Europe AB,5595041681,Dag Hammarskjölds Väg 13,752 37,Uppsala,Uppsala,47.6,2025,1,2024,https://www.invoicery.com/,info@invoicery.com,Ny kandidat
Amrop AB,5562944032,Blasieholmsgatan 5 6tr,111 48,Stockholm,Stockholm,46.4,2025,29,1987,https://www.amrop.com/sweden,,Ny kandidat
ANTS Akademiskt Nätverk av Tekniska Studenter AB,5566536230,Sveavägen 34,111 34,Stockholm,Stockholm,46.3,2025,48,2004,https://www.ants.se/,rekrytering@ants.se,Ny kandidat
Crowd Collective Linköping AB,5593342586,Gamla Tanneforsvägen 92,582 52,Linköping,Linköping,45.7,2024,27,2021,https://www.crowdcollective.com/,,Ny kandidat
Astrid Crew Sverige AB,5594162280,Lilla Sörikringsvägen 10,475 53,Rörö,Öckerö,45.3,2025,27,2023,,,Ny kandidat
H o S Sverige AB,5591184618,Vasagatan 16,111 20,Stockholm,Stockholm,45.1,2025,3,2017,https://www.houseofskills.se/,,Ny kandidat
CureLink AB,5592170194,Esplanaden 15 b,234 39,Lomma,Lomma,45.1,2025,6,2019,https://curelink.se/,,Ny kandidat
Mediate Nordic AB,5566443023,Stora Södergatan 49,222 23,Lund,Lund,44.3,2025,5,2003,https://mediatenordic.se/,,Ny kandidat
TB-Group AB,5590966759,Gävlegatan 12 a,113 30,Stockholm,Stockholm,44.1,2025,40,2017,https://www.tb-group.se/,info@tb-group.se,Ny kandidat
Korn Ferry RPO (Sweden) AB,5593139867,Norrlandsgatan 18,111 43,Stockholm,Stockholm,44.1,2025,45,2021,https://www.kornferry.com/,,Ny kandidat
Software Skills International AB,5569001927,Drottninggatan 38 3tr,411 07,Göteborg,Göteborg,43.7,2025,6,2012,https://softwareskills.se/,,Ny kandidat
Lagersupport AB,5563944130,Fågelviksvägen 5 g,145 53,Norsborg,Botkyrka,43.7,2025,46,1990,,,Ny kandidat
SEVR Finance AB,5593277113,Fredsgatan 1,411 07,Göteborg,Göteborg,43.1,2025,21,2021,https://www.sevr.se,,Ny kandidat
Curaliv AB,5569869513,Järva Skjutbaneväg 62,170 62,Solna,Solna,43.1,2025,15,2014,https://www.curaliv.se/,,Ny kandidat
Svensk Vårdsupport AB,5568095375,Vasagatan 12,111 20,Stockholm,Stockholm,42.4,2024,19,2010,https://www.vardsupport.se,kontor@vardsupport.se,Ny kandidat
Star People Partner Sweden AB,5569414724,Grev Turegatan 11 a Vån 5,114 46,Stockholm,Stockholm,42.2,2025,42,2013,,,Ny kandidat
Human Capital Group HCG AB,5567011225,Torsgatan 13,111 23,Stockholm,Stockholm,42.1,2025,20,2006,https://humancapital.se,info@humancapital.se,Ny kandidat
Musikalliansen i Sverige AB,5567538615,Hornsgatan 103 12tr,117 28,Stockholm,Stockholm,41.9,2025,172,2008,https://musikalliansen.se,info@musikalliansen.se,Ny kandidat
Daysa Construction AB,5594751140,Lodjursstråket 1,417 51,Göteborg,Göteborg,41.7,2025,29,2024,https://www.daysa.se,,Ny kandidat
Digitalenta AB,5592480486,Malmskillnadsgatan 44 a,111 57,Stockholm,Stockholm,41.6,2025,36,2020,https://www.digitalenta.se,hej@digitalenta.se,Ny kandidat
Engvalls Spår & Mark AB,5590500616,Nordhemsgatan 41 c,413 06,Göteborg,Göteborg,40.6,2024,8,2016,,,Ny kandidat
CMG Logistik AB,5569607723,Styrstad Holken,605 92,Norrköping,Norrköping,40.2,2025,39,2014,,,Ny kandidat
Styrka Transport och Logistik AB,5593943854,Mariehällsvägen 22,131 47,Nacka,Nacka,40.1,2025,15,2022,,,Ny kandidat
Wise Professionals AB,5567612865,Linnégatan 87,115 23,Stockholm,Stockholm,39.9,2025,18,2008,https://www.wise.se,,Ny kandidat
Operationskonsulterna Stockholm AB,5569643561,Kindstugatan 1,111 31,Stockholm,Stockholm,39.6,2024,65,2014,https://operationskonsulterna.se,,Ny kandidat
Kraftsam Rekrytering & Bemanning AB,5590649207,Odengatan 40,113 51,Stockholm,Stockholm,39.5,2025,10,2016,https://kraftsam.se,info@kraftsam.se,Ny kandidat
IMPRESSIVE RELATIONS SWEDEN AB,5568514003,Sveavägen 163,113 46,Stockholm,Stockholm,39.4,2025,46,2011,https://www.impressiverelations.se,,Ny kandidat
LäkarAkademien Sverige AB,5567203871,Skårängsvägen 26,806 32,Gävle,Gävle,39,2025,1,2007,,,Ny kandidat
Safemind AB,5566420393,Kammakargatan 7 6tr,111 40,Stockholm,Stockholm,38.8,2025,17,2003,https://www.safemind.se,mail@safemind.se,Ny kandidat
Farmartjänst Kungsbacka AB,5566013925,Höglandavägen 214 a,434 95,Kungsbacka,Kungsbacka,38.8,2025,5,2000,https://www.farmartjanst.se,,Ny kandidat
KellyOCG Sweden AB,5594071622,Hollsvattnet 221,975 91,Luleå,Luleå,38.3,2024,0,2022,https://www.kellyocg.com,,Ny kandidat
Medfind AB,5567245351,Östra Vittusgatan 36,371 14,Karlskrona,Karlskrona,38.2,2023,20,2007,https://www.medfind.se,,Ny kandidat
Friday Sydost AB,5594675117,Ågatan 14,582 22,Linköping,Linköping,38.1,2025,44,2024,https://friday.se,,Ny kandidat
Invoicery AB,5569015349,Dag Hammarskjölds Väg 13,752 37,Uppsala,Uppsala,37.7,2025,20,2012,https://www.invoicery.com,,Ny kandidat
Pharm match AB,5591279012,Musseronvägen 21,141 60,Huddinge,Huddinge,37.2,2024,0,2017,https://www.pharmmatch.se,,Ny kandidat
Wise IT AB,5569195356,Linnégatan 87,115 23,Stockholm,Stockholm,37,2025,21,2013,https://www.wiseit.se,,Ny kandidat
NORSE DIAMOND DRILLING AB,5593949752,Fabriksgatan 4,939 32,Malå,Malå,37,2025,16,2022,https://www.norsedd.com,,Ny kandidat
Hultmark Sweden AB,5569825531,Dunhammarvägen 18,374 51,Asarum,Karlshamn,37,2025,21,2014,https://hultmarksweden.se,,Ny kandidat
Stuvbutiken Bemanning AB,5590618996,Bromsgatan 5,653 41,Karlstad,Karlstad,36.5,2024,62,2016,https://www.stuvbutiken.com,,Ny kandidat
SEOO Bemanning AB,5593893448,Lilla Strandvägen 4,444 31,Stenungsund,Stenungsund,36.4,2025,37,2022,,,Ny kandidat
ETU Match AB,5566086798,Prästgårdsgatan 1,172 32,Sundbyberg,Sundbyberg,35.9,2025,42,2001,,,Ny kandidat
Procruitment Karlstad AB,5592152937,Södra Kyrkogatan 6,652 24,Karlstad,Karlstad,35.7,2024,42,2019,https://www.procruitment.se,,Ny kandidat
Bricegroup AB,5592006695,Torsgatan 26,113 21,Stockholm,Stockholm,35.4,2025,13,2019,https://www.brice.se,info@brice.se,Ny kandidat
Just Arrived Sweden AB,5592087125,"c/o CMNTY, Stureplan 6 3 Trappor",114 35,Stockholm,Stockholm,35.1,2022,9,2019,,,Ny kandidat
Actina Aktiebolag,5564031994,Bogårdsvägen 45,128 62,Sköndal,Stockholm,35,2025,44,1990,,,Ny kandidat
New Professional Minds AB,5569908105,Kungsportsavenyen 37,411 36,Göteborg,Göteborg,34.8,2025,40,2014,,,Ny kandidat
Level Recruitment AB,5567664312,Skeppsbron 26,111 30,Stockholm,Stockholm,34.8,2025,15,2008,,,Ny kandidat
Actum Greentech AB,5590465547,Tennvägen 14,371 50,Karlskrona,Karlskrona,34.8,2025,17,2016,,,Ny kandidat
Gigstep AB,5591878227,Storgatan 22 a,211 42,Malmö,Malmö,34.7,2025,44,2018,,,Ny kandidat
SA Månsarps Fastigheter AB,5567198535,Dammhagsvägen 22,556 31,Jönköping,Jönköping,34.7,2025,8,2007,,,Ny kandidat
EAAB Byggbemanning AB,5566864582,Valhallavägen 77,114 28,Stockholm,Stockholm,34.6,2025,50,2005,,,Ny kandidat
AAAA Mextision AB,5566964002,Vegagatan 3,113 29,Stockholm,Stockholm,34.6,2025,47,2006,,,Ny kandidat
Trade Gothenburg AB,5591949853,Södra Larmgatan 6,411 16,Göteborg,Göteborg,34.4,2025,18,2019,,,Ny kandidat
Comstream AB,5569458911,Östra Vittusgatan 36,371 14,Karlskrona,Karlskrona,34.3,2025,0,2013,,,Ny kandidat
TESIA AB,5565831301,Västgötavägen 12,451 34,Uddevalla,Uddevalla,34.3,2024,62,2000,,,Ny kandidat
Doctor on Demand Healthcare Sweden AB,5569093999,Kungsgatan 12,111 35,Stockholm,Stockholm,33.4,2025,3,2012,,,Ny kandidat
Nexer Recruit AB,5569754970,Lindholmspiren 9,417 56,Göteborg,Göteborg,33.3,2024,25,2014,,,Ny kandidat
Mesh AB,5590363015,Västra Järnvägsgatan 15,111 64,Stockholm,Stockholm,33.3,2025,5,2015,,,Ny kandidat
SDÅ-Bygg AB,5591610240,Travgatan 6,431 62,Mölndal,Mölndal,33.3,2024,5,2018,,,Ny kandidat
Just Arrived AB,5590606652,"c/o CMNTY STUREPLAN 6, Stureplan 6 3 Trappor",114 35,Stockholm,Stockholm,32.8,2022,72,2016,,,Ny kandidat
Industrilandslaget Bemanning AB,5594410325,Stationsgatan 17 b,931 29,Skellefteå,Skellefteå,32.6,2025,20,2023,,,Ny kandidat
Akuro AB,5567832307,Kungsgatan 57,411 15,Göteborg,Göteborg,32.1,2025,32,2009,,,Ny kandidat
KLETOR Sverige AB,5569031197,Studentgatan 2,211 38,Malmö,Malmö,32.1,2024,6,2012,,,Ny kandidat
Advokatfirman Nordia Service AB,5567431050,Kungsbron 1,111 22,Stockholm,Stockholm,31.9,2025,33,2007,,,Ny kandidat
Shark Bemanning AB,5592705247,Kyrkogatan 16,745 31,Enköping,Enköping,31.5,2025,45,2020,,,Ny kandidat
Noor Jobs AB,5590457650,Götgatan 8 c,903 27,Umeå,Umeå,31.5,2025,18,2015,,,Ny kandidat
ABC Doctor AB,5569167165,Lagerbergsgatan 33,451 31,Uddevalla,Uddevalla,31.4,2025,9,2012,,,Ny kandidat
Head Agent Executive Interim AB,5591291173,Brahegatan 10,114 37,Stockholm,Stockholm,31.1,2025,3,2017,,,Ny kandidat
SMW Group AB,5591250989,Masthamnsgatan 21,413 29,Göteborg,Göteborg,30.9,2024,20,2017,,,Ny kandidat
Söndrums Styckningscentral Aktiebolag,5563047371,Plönninge 476,305 61,Harplinge,Halmstad,30.7,2024,49,1987,,,Ny kandidat
Four Service AB,5563755882,Arenavägen 45 18tr,121 77,Johanneshov,Stockholm,30.6,2025,40,1989,,,Ny kandidat
24 Staffing AB,5569870412,"c/o Konrad Advokater AB, Box 2051",750 02,Uppsala,Uppsala,30.5,2024,42,2014,,,Ny kandidat
Human Capital Source Executive Sweden AB,5565505574,Kungsgatan 12,111 35,Stockholm,Stockholm,30.4,2025,17,1998,,,Ny kandidat
Vårdbron Sverige AB,5568909195,Armégatan 40,171 71,Solna,Solna,30.2,2024,10,2012,,,Ny kandidat
Wrknest AB,5592932213,Medborgarplatsen 25,118 72,Stockholm,Stockholm,30.1,2025,20-49,2020,,,Ny kandidat
HelloLilly AB,5592683840,Löjtnantsgatan 3,115 50,Stockholm,Stockholm,30,2024,38,2020,,,Ny kandidat
Cura Nord bemanning & rekrytering AB,5590823935,Västra Esplanaden 2,903 26,Umeå,Umeå,29.9,2025,13,2016,,,Ny kandidat
SalesOnly Sverige AB,5565768099,Linnégatan 87,115 23,Stockholm,Stockholm,29.8,2025,15,1999,,,Ny kandidat
Holy Kebab Group AB,5593834285,Korpgatan 21,554 39,Jönköping,Jönköping,29.4,2025,44,2022,,,Ny kandidat
Nator Personal AB,5593187569,Krögerspromenad 7,191 37,Sollentuna,Sollentuna,29.1,2025,39,2021,,,Ny kandidat
Haeger & Carlsson Executive Search and Interim AB,5590183769,Rimbogatan 8 Search&Interim Ab,114 32,Stockholm,Stockholm,29.1,2025,11,2015,,,Ny kandidat
Partner 2 Work AB,5593302986,Vassbottengatan 14,462 38,Vänersborg,Vänersborg,29.1,2025,46,2021,,,Ny kandidat
SIMS Interim AB,5594802216,Korsgatan 3 4 Trappor,411 16,Göteborg,Göteborg,28.6,2025,4,2024,,,Ny kandidat
WeeCan AB,5592390735,Per Mattissons Väg 47,291 91,Kristianstad,Kristianstad,28.6,2025,20,2020,,,Ny kandidat
K J Larsson Byggnads Aktiebolag,5563916294,Bärnstensvägen 53,434 51,Kungsbacka,Kungsbacka,28.5,2025,27,1990,,,Ny kandidat
Telge Tillväxt (i Södertälje) AB,5568372568,Storgatan 42,151 36,Södertälje,Södertälje,28.4,2024,50,2011,,,Ny kandidat
QR Work AB,5569172660,"c/o Advokatbyrån Balk AB, Box 111",971 04,Luleå,Luleå,28.4,2023,11,2013,,,Ny kandidat
Qlose Recruitment & Consulting AB,5590462841,Dockplatsen 1,211 19,Malmö,Malmö,28.3,2025,7,2015,,,Ny kandidat
Novare Bemanning AB,5567834782,Blasieholmsgatan 4 b,111 48,Stockholm,Stockholm,28.1,2025,25,2009,,,Ny kandidat
Marketpeople Logistik AB,5595214817,Föreningsgatan 26,211 52,Malmö,Malmö,27.9,2025,60,2025,,,Ny kandidat
Isaksson Byggbemanning AB,5593560120,Kärleksgatan 1,211 45,Malmö,Malmö,27.8,2025,30,2021,,,Ny kandidat
Allmedica AB,5565067021,Strandbergsgatan 61,112 51,Stockholm,Stockholm,27.7,2024,18,1995,,,Ny kandidat
Bohmans Nätverk Aktiebolag,5564828407,Grev Turegatan 20,114 46,Stockholm,Stockholm,27.6,2024,4,1994,,,Ny kandidat
Kraftsam Personal AB,5591216204,Odengatan 40,113 51,Stockholm,Stockholm,27.4,2025,60,2017,,,Ny kandidat
Global Security IPS AB,5566717236,Dugatorps Åsväg 37,439 75,Fjärås,Kungsbacka,27.4,2025,20,2004,,,Ny kandidat
Netray Consulting AB,5590498035,Barbackagatan 2,291 32,Kristianstad,Kristianstad,27.2,2024,37,2016,,,Ny kandidat
Cura Connect AB,5590763735,C/O Helio Sundbybergs Torg 1,172 67,Sundbyberg,Sundbyberg,27,2025,11,2016,,,Ny kandidat
Personlig Assistansförmedling i Jämtland AB,5592009665,Krondikesvägen 93 d,831 46,Östersund,Östersund,26.9,2025,62,2019,,,Ny kandidat
Dala Industrisupport AB,5591612709,Industrivägen 10,777 34,Smedjebacken,Smedjebacken,26.9,2025,39,2018,,,Ny kandidat
Åkeritjänster i Gefle AB,5563913077,Ritargatan 6 1 Tr,781 70,Borlänge,Borlänge,26.9,2025,41,1990,,,Ny kandidat
Annsam AB,5566197660,Box 90143,120 21,Stockholm,Stockholm,26.8,2025,11,2001,,,Ny kandidat
Artion Service AB,5590736566,Karolinska Vägen 18,171 64,Solna,Solna,26.8,2025,50,2016,,,Ny kandidat
Te Crea Care AB,5569368607,Erik Dahlbergsgatan 9,411 26,Göteborg,Göteborg,26.7,2025,10,2013,,,Ny kandidat
Jobbpunkten AB,5590739032,Södergatan 39,252 19,Helsingborg,Helsingborg,26.6,2024,37,2016,,,Ny kandidat
Worko AB,5568420755,Norra Stationsgatan 67,113 64,Stockholm,Stockholm,26.4,2024,15,2011,,,Ny kandidat
Newmill Bemanning AB,5590985791,Lilla Gölhult 5,566 91,Habo,Habo,26.4,2024,14,2017,,,Ny kandidat
Nordic Concrete RM AB,5593330458,Kontorsvägen 10,246 43,Löddeköpinge,Kävlinge,26.2,2024,30,2021,,,Ny kandidat
BEST Fastighet AB,5567473862,Lanna Golfbana 4,719 93,Vintrosa,Lekeberg,26.1,2025,19,2007,,,Ny kandidat
Montage Installation och Konsult i Hudiksvall AB,5567080824,Gammelbansvägen 3,824 40,Hudiksvall,Hudiksvall,26.1,2025,9,2006,,,Ny kandidat
OMNILS GROUP AB,5592714009,Västerled 31,167 55,Bromma,Stockholm,26,2025,39,2020,,,Ny kandidat
WORKNORDIC GROUP AB,5568261001,Strandvägen 47,114 56,Stockholm,Stockholm,25.9,2025,27,2010,,,Ny kandidat
NW NORDIC AB,5594312315,Skogsgatan 11,814 41,Skutskär,Älvkarleby,25.9,2025,42,2023,,,Ny kandidat
TRIB AB,5568040207,Stadsgården 6,116 45,Stockholm,Stockholm,25.8,2025,2,2010,,,Ny kandidat
Joy Personal & Rekrytering AB,5591357685,Sveavägen 33,111 34,Stockholm,Stockholm,25.7,2025,40,2017,,,Ny kandidat
Agillo AB,5567412282,August Barks Gata 25 b,421 32,Västra Frölunda,Göteborg,25.7,2024,45,2007,,,Ny kandidat
JTL Entreprenad AB,5590016670,Sätravägen 22,819 30,Skärplinge,Tierp,25.7,2024,13,2015,,,Ny kandidat
Caland Företagsservice AB,5561805234,Herrövägen 4,656 71,Skattkärr,Karlstad,25.7,2025,29,1973,,,Ny kandidat
Upwards AB,5592401797,Munkbrogatan 2,111 27,Stockholm,Stockholm,25.6,2025,9,2020,,,Ny kandidat
Tornedalens Infrastruktur AB,5594898735,Hedbackavägen 74,975 96,Luleå,Luleå,25.6,2025,24,2024,,,Ny kandidat
Eccera Partner Network AB,5567539803,Gårdsvägen 18 7tr,169 70,Solna,Solna,25.5,2025,0,2008,,,Ny kandidat
Medpeople AB,5565960555,Björnidegränd 4,162 46,Vällingby,Stockholm,25.5,2025,18,2000,,,Ny kandidat
Procruitment Stockholm AB,5592152945,Döbelnsgatan 64,113 54,Stockholm,Stockholm,25.4,2024,25,2019,,,Ny kandidat
Balkefors & Ponsiluoma Aktiebolag,5590699632,Första Magasinsgatan 3 Bv,803 10,Gävle,Gävle,25.3,2025,1,2016,,,Ny kandidat
Spets Rörinstallationer AB,5592480999,Ulvsundavägen 176 c,168 67,Bromma,Stockholm,25.3,2024,32,2020,,,Ny kandidat
AB Coachgruppen Strömbergs,5566397997,Box 2337,103 18,Stockholm,Stockholm,25.2,2024,34,2003,,,Ny kandidat
Qura Care AB,5591840805,Stora Gatan 34,722 12,Västerås,Västerås,25.1,2025,20,2018,,,Ny kandidat
Sola Service i Karlstad AB,5592915606,Zakrisdalsvägen 1,653 36,Karlstad,Karlstad,25,2024,7,2020,,,Ny kandidat
Add-Up Bemanning AB,5590867973,Erik Dahlbergsgatan 12,561 31,Huskvarna,Jönköping,24.9,2025,38,2016,,,Ny kandidat
Seequaly AB,5569877458,Odengatan 22,113 51,Stockholm,Stockholm,24.6,2025,2,2014,,,Ny kandidat
Michael Page International (Sweden) AB,5566152343,Kungsbro Strand 29,112 26,Stockholm,Stockholm,24.5,2024,0,2001,,,Ny kandidat
Tracon Consulting AB,5591334494,Krangatan 1,721 32,Västerås,Västerås,24.5,2025,25,2017,,,Ny kandidat
Treko Climate AB,5591052005,Box 4001,182 04,Enebyberg,Danderyd,24.4,2024,11,2017,,,Ny kandidat
People of Interim & Finance Sweden AB,5594746249,Villagatan 25,114 32,Stockholm,Stockholm,24.1,2025,7,2024,,,Ny kandidat
Devi Recruit AB,5569166662,Karlavägen 53,114 49,Stockholm,Stockholm,24.1,2025,43,2012,,,Ny kandidat
Intensogruppen AB,5563543726,Klippan 1 a,414 51,Göteborg,Göteborg,24,2025,19,1989,,,Ny kandidat
Operationsspecialisten Stockholm AB,5592849474,Ardennervägen 46 b,184 94,Åkersberga,Österåker,23.9,2026,20,2020,,,Ny kandidat
Adxto Recruitment & Consulting AB,5567472534,Birger Jarlsgatan 12 5tr,114 34,Stockholm,Stockholm,23.8,2025,10,2007,,,Ny kandidat
Mitter Entreprenad AB,5590784723,Källängsvägen 1,141 71,Segeltorp,Huddinge,23.8,2025,10,2016,,,Ny kandidat
Michaël Berglund Executive Search AB,5562827369,Skeppsbron 44,111 30,Stockholm,Stockholm,23.6,2025,10,1986,,,Ny kandidat
Desider AB,5593274326,Birger Jarlsgatan 22,114 34,Stockholm,Stockholm,23.5,2025,7,2021,,,Ny kandidat
Mälardalen Bemanning och transport AB,5594109737,"c/o ABDULNASER ALRAHBAN, Västmannavägen 4 Lgh 1102",737 40,Fagersta,Fagersta,23.4,2024,1,2022,,,Ny kandidat
Håpe Kraft AB,5568007545,Mickelsvägen 3 a,824 34,Hudiksvall,Hudiksvall,23.4,2025,17,2010,,,Ny kandidat
Cia Assistans AB,5567473045,Algatan 70,231 42,Trelleborg,Trelleborg,23.3,2025,32,2007,,,Ny kandidat
Traindrivers Rental Scandinavia AB,5568216096,Norrlandsgatan 16 Bv,111 43,Stockholm,Stockholm,23.1,2024,23,2010,,,Ny kandidat
Emjoco AB,5591237200,Djuphamnsvägen 6 b,724 65,Västerås,Västerås,23.1,2025,24,2017,,,Ny kandidat
GO Support AB,5590059399,Albybergsringen 105 Lgh 3008,137 69,Österhaninge,Haninge,23,2025,61,2015,,,Ny kandidat
CoronaBorealis AB,5591439459,Storgatan 73,852 33,Sundsvall,Sundsvall,23,2024,45,2018,,,Ny kandidat
FC Crew AB,5592570765,Box 540,551 17,Jönköping,Jönköping,22.8,2025,47,2020,,,Ny kandidat
RealTrack Engineering Mälardalen AB,5592059355,Pilgatan 8 c,721 30,Västerås,Västerås,22.8,2024,14,2019,,,Ny kandidat
Themis Pelagic AB,5590382296,Hålabergsvägen 16,475 53,Rörö,Öckerö,22.7,2025,13,2015,,,Ny kandidat
Maquire Sverige AB,5567563506,Mässans Gata 18,412 51,Göteborg,Göteborg,22.6,2025,12,2008,,,Ny kandidat
K&E People AB,5593065112,Alströmergatan 39,112 47,Stockholm,Stockholm,22.6,2025,40,2021,,,Ny kandidat
ExpanderaMera byggbemanning och rekrytering i Europa AB,5567129928,Valhallavägen 77,114 28,Stockholm,Stockholm,22.6,2025,35,2006,,,Ny kandidat
Oftalmed AB,5592297559,Storgatsbacken 9,331 37,Värnamo,Värnamo,22.6,2025,9,2019,,,Ny kandidat
Kens Allmek AB,5593230864,Maskinvägen 4,938 32,Arjeplog,Arjeplog,22.6,2025,13,2021,,,Ny kandidat
Butler facility service Sweden AB,5566043419,Box 5242,102 45,Stockholm,Stockholm,22.4,2023,22,2001,,,Ny kandidat
Awexia Executive Search AB,5592335060,Hovslagargatan 5 b,111 48,Stockholm,Stockholm,22.3,2025,9,2019,,,Ny kandidat
Anchor Management BPM Aktiebolag,5567564454,"c/o WIN WIN EKONOMI, Box 92138",120 08,Stockholm,Stockholm,21.9,2024,12,2008,,,Ny kandidat
ANGI Bemanning AB,5569202160,Markbovägen 12 b 1 Tr,423 70,Säve,Göteborg,21.9,2025,39,2013,,,Ny kandidat
Winox Ultra Service AB,5592196694,Lundavägen 19,212 18,Malmö,Malmö,21.9,2025,19,2019,,,Ny kandidat
Job&Talent Southeast Sweden AB,5566087689,Norra Promenaden 63,602 38,Norrköping,Norrköping,21.9,2024,27,2001,,,Ny kandidat
Kubat & Partners AB,5569321044,Barnsjöslingan 10 a,135 53,Tyresö,Tyresö,21.8,2025,1,2013,,,Ny kandidat
Pharma Bemanning Sverige AB,5592470644,Skomakarvägen 20,136 70,Vendelsö,Haninge,21.7,2025,28,2020,,,Ny kandidat
VTA Entreprenad Sverige AB,5592020480,Industrivägen 13,972 54,Luleå,Luleå,21.7,2025,24,2019,,,Ny kandidat
Najmoddin CRM AB,5592352321,Birger Jarlsgatan 39,111 45,Stockholm,Stockholm,21.6,2024,11,2020,,,Ny kandidat
Inda Utveckling AB,5569125361,Adolfsbergsvägen 4,702 27,Örebro,Örebro,21.6,2025,26,2012,,,Ny kandidat
FHS AB,5593181257,Södravägen 2,267 39,Bjuv,Bjuv,21.6,2025,6,2021,,,Ny kandidat
Klara Bemannings AB,5590178561,Donsö Hamnväg 16 b,430 82,Donsö,Göteborg,21.5,2025,12,2015,,,Ny kandidat
Valida Personal Due Diligence AB,5567358113,Blasieholmsgatan 4 b,111 48,Stockholm,Stockholm,21.4,2024,12,2007,,,Ny kandidat
DA Dansalliansen Aktiebolag,5567068472,Ryssviksvägen 2,131 36,Nacka,Nacka,21.4,2025,68,2006,,,Ny kandidat
Åkeritjänster i Borlänge AB,5567376685,Ritargatan 6 1 Tr,781 70,Borlänge,Borlänge,21.4,2025,38,2007,,,Ny kandidat
Go-Rock Förmedling AB,5567305320,Förrådsgränd 7,162 50,Vällingby,Stockholm,21.2,2025,0,2007,,,Ny kandidat
HAGA Rekrytering AB,5569233645,Skolgatan 36,413 02,Göteborg,Göteborg,21.1,2024,22,2013,,,Ny kandidat
Östgöta Byggresurs AB,5568379381,Navestadsgatan 37,603 66,Norrköping,Norrköping,21.1,2025,31,2011,,,Ny kandidat
Kungsbacka Byggtjänst AB,5569686164,Hvitfeldtsgatan 8,411 20,Göteborg,Göteborg,21,2025,17,2014,,,Ny kandidat
Medkomp Vårdbemanning Aktiebolag,5590212121,Borevägen 7,191 43,Sollentuna,Sollentuna,21,2025,11,2015,,,Ny kandidat
Sydantenn och Tele Installations Aktiebolag,5564691425,Danska Vägen 57,212 29,Malmö,Malmö,21,2025,33,1993,,,Ny kandidat
Isaksson Rekrytering & Bemanning AB,5567255699,Norrtullsgatan 12 n,113 27,Stockholm,Stockholm,20.9,2025,18,2007,,,Ny kandidat
VEDDIGE bemanning AB,5592473747,Almvägen 5,432 66,Veddige,Varberg,20.9,2025,16,2020,,,Ny kandidat
Blackfish Core AB,5593460743,Textilgatan 43,120 30,Stockholm,Stockholm,20.7,2025,9,2021,,,Ny kandidat
Uddevalla Bemanning AB,5591572432,Landhult 2,458 96,Högsäter,Färgelanda,20.7,2025,17,2018,,,Ny kandidat
People Partner Group Sweden AB,5592700099,Östermalmstorg 1,114 42,Stockholm,Stockholm,20.6,2025,4,2020,https://www.peoplegroup.se/,,Ny kandidat
Horeca AB,5590989694,Sönderborgsgatan 2,195 30,Märsta,Sigtuna,20.6,2025,35,2017,,,Ny kandidat
Bemanningscentralen I Norr AB,5594382383,Villastigen 9,962 70,Vuollerim,Jokkmokk,20.6,2025,28,2023,,,Ny kandidat
Sveda & Värk AB,5591955124,Drottninggatan 32,111 51,Stockholm,Stockholm,20.5,2025,17,2019,,,Ny kandidat
Exakt Bygg & Bemanning i Sälen AB,5568129422,Varuvägen 9,125 30,Älvsjö,Stockholm,20.5,2025,5,2010,,,Ny kandidat
Nordia Administration AB,5568783970,Kungsportsavenyen 1,411 36,Göteborg,Göteborg,20.5,2025,18,2011,,,Ny kandidat
Job By Instep AB,5592830979,Stenkumlagatan 10,724 69,Västerås,Västerås,20.2,2025,22,2020,,,Ny kandidat
GTC Sweden AB,5592625965,Vellingevägen 4 b,235 43,Vellinge,Vellinge,20.2,2025,2,2020,,,Ny kandidat
Upgraded People Resources AB,5591019525,Lillsjöraden 22,553 20,Jönköping,Jönköping,20.1,2025,26,2017,,,Ny kandidat
Edda Group Sweden AB,5592174618,Storgatan 14,352 31,Växjö,Växjö,20.1,2024,38,2019,,,Ny kandidat
Dabster Systems Sweden AB,5590541073,Lilla Nygatan 23,111 28,Stockholm,Stockholm,20.1,2024,1-4,2016,,,Ny kandidat
Always Bemanning AB,5590476650,Ekingevägen 15,137 54,Tungelsta,Haninge,20.1,2024,14,2016,,,Ny kandidat
Stella Rekrytering och Ledarskap AB,5567453559,Västra Storgatan 12,553 15,Jönköping,Jönköping,19.9,2025,13,2007,,,Ny kandidat
Exacy AB,5593647059,Dalkarlsvägen 14,132 47,Saltsjö-Boo,Nacka,19.9,2025,4,2022,,,Ny kandidat
Docia AB,5590494653,Kistagången 20 b,164 40,Kista,Stockholm,19.8,2025,9,2016,,,Ny kandidat
ByggLove Bemanning AB,5593875015,Korsgatan 2 e,602 33,Norrköping,Norrköping,19.8,2025,23,2022,,,Ny kandidat
JobMatch Sweden AB,5567818330,Skårs Led 3,412 63,Göteborg,Göteborg,19.7,2025,1,2009,,,Ny kandidat
Asta Agency AB,5594199704,Wallingatan 12,111 60,Stockholm,Stockholm,19.7,2025,22,2023,,,Ny kandidat
Power Elitgruppen AB,5590210687,Drottninggatan 63 a,602 32,Norrköping,Norrköping,19.6,2025,10-19,2015,,,Ny kandidat
E-commerce Recruit Nordic AB,5592273287,Lilla Torg 4,211 34,Malmö,Malmö,19.6,2025,8,2019,,,Ny kandidat
Musikevent Hoxell AB,5567614085,Mästaregatan 5,731 50,Köping,Köping,19.4,2025,2,2008,,,Ny kandidat
STHLM 08 ENTREPRENAD AB,5567641583,Östermalmstorg 2,114 42,Stockholm,Stockholm,19.4,2025,16,2008,,,Ny kandidat
PAYHOUR AB,5590977442,Karlbergsvägen 10,113 27,Stockholm,Stockholm,19.3,2025,4,2017,,,Ny kandidat
PersonalExpressen AB,5591070213,Mäster Samuelsgatan 42 15 Tr.,111 57,Stockholm,Stockholm,19.2,2024,28,2017,,,Ny kandidat
Oplana Resurs AB,5562664465,Torshamnsgatan 28 a 3tr,164 40,Kista,Stockholm,19.1,2025,43,1986,,,Ny kandidat
Capus AB,5566597828,Repslagargatan 15 b 3tr,118 46,Stockholm,Stockholm,18.9,2025,11,2004,,,Ny kandidat
Verdi Vård AB,5592492895,Stortorget 2,371 12,Karlskrona,Karlskrona,18.9,2025,17,2020,,,Ny kandidat
Sparx Branding AB,5594794199,Liljeholmsvägen 32,117 61,Stockholm,Stockholm,18.8,2026,12,2024,,,Ny kandidat
Promediqa Group Sweden AB,5594705476,Hagaplan 4,113 68,Stockholm,Stockholm,18.6,2025,11,2024,,,Ny kandidat
YOUNES Bemanning AB,5593066482,Tuvängsvägen 4,152 42,Södertälje,Södertälje,18.6,2024,8,2021,,,Ny kandidat
workntravel i Sverige AB,5593475063,Mälarhöjdsvägen 2,129 40,Hägersten,Stockholm,18.3,2025,33,2021,,,Ny kandidat
Lawema AB,5565472114,Oxelgatan 3,186 48,Vallentuna,Vallentuna,18.3,2025,27,1997,,,Ny kandidat
Leaseright AB,5566956610,Kungsgatan 13,462 33,Vänersborg,Vänersborg,18.1,2025,18,2006,,,Ny kandidat
Crew Team Stockholm AB,5594665365,Aspvägen 11,175 64,Järfälla,Järfälla,18,2025,83,2024,,,Ny kandidat
Job&Talent Stockholm On site Sweden AB,5567695043,Huskvarnavägen 40,554 54,Jönköping,Jönköping,17.9,2024,24,2008,,,Ny kandidat
Spets Byggnadsplåt och Vent AB,5592472616,Ulvsundavägen 176 c,168 67,Bromma,Stockholm,17.9,2024,24,2020,,,Ny kandidat
Nobl Consulting Stockholm AB,5590710256,Kolonnvägen 18,169 70,Solna,Solna,17.9,2025,32,2016,,,Ny kandidat
Norra Resurs Rekrytering & Bemanning AB,5592904626,Smedjegatan 19,972 32,Luleå,Luleå,17.8,2025,23,2020,,,Ny kandidat
Jerrie AB,5568812571,Mässans Gata 18,412 51,Göteborg,Göteborg,17.7,2025,11,2012,,,Ny kandidat
Intalma - International Talent Management AB,5590044680,Ölandsgatan 49 a,116 63,Stockholm,Stockholm,17.7,2025,5-9,2015,,,Ny kandidat
RMTGL AB,5592357700,Frihamnen 16 a,417 70,Göteborg,Göteborg,17.7,2025,17,2020,,,Ny kandidat
Blomqvist Transport & Entreprenad AB,5592149446,Eskadergatan 14,721 31,Västerås,Västerås,17.6,2025,3,2019,,,Ny kandidat
"Lingmans Konsult, Maskin & Växtodling AB",5569953044,Växbo Överbacken 3163,821 95,Bollnäs,Bollnäs,17.5,2025,8,2014,,,Ny kandidat
Workwide AB,5569592404,Källsbyn Tunet 1,672 92,Årjäng,Årjäng,17.4,2025,1,2014,,,Ny kandidat
Dalma AB,5567135594,Sankt Pauligatan 7 Lgh 1503,416 60,Göteborg,Göteborg,17.4,2025,25,2006,,,Ny kandidat
Confido Bygg & Entreprenad AB,5592184427,Norrlandsgatan 44 a,752 29,Uppsala,Uppsala,17.4,2025,19,2019,,,Ny kandidat
KLB Scandinavia AB,5590685045,Bäckvägen 1,574 35,Vetlanda,Vetlanda,17.4,2025,1,2016,,,Ny kandidat
Smé Schakt AB,5568680648,Ryningsbergsvägen 9,633 70,Hållsta,Eskilstuna,17.3,2024,10,2011,,,Ny kandidat
Talent Node AB,5593552192,Själagårdsgatan 8 a,111 31,Stockholm,Stockholm,17.2,2025,21,2021,,,Ny kandidat
Gastro Solutions Sweden AB,5569967846,Djurkälla Oxelgården 175,591 96,Motala,Motala,17.2,2025,3,2014,,,Ny kandidat
Workcrew Scandinavia AB,5591647432,Industrigatan 18,312 34,Laholm,Laholm,17.1,2022,2,2018,,,Ny kandidat
UNQ Consulting AB,5594096728,"c/o Philip Roger Holmsten, Zls 837-5 Billo",106 46,Stockholm,Stockholm,17.1,2025,5,2022,,,Ny kandidat
Aros Matchning och Utbildning AB,5593061665,Fallhammargatan 3 b,721 33,Västerås,Västerås,17.1,2025,11,2021,,,Ny kandidat
JPB Wood AB,5568279383,Granvägen 2,342 35,Alvesta,Alvesta,17.1,2024,6,2010,,,Ny kandidat
Erevena AB,5592694367,"c/o Win Win Ekonomi AB, Box 92138",120 08,Stockholm,Stockholm,17,2025,3,2020,,,Ny kandidat
Doctors Of Competence Diagnostics Sweden AB,5592245525,Torkhusgatan 6 a,120 65,Stockholm,Stockholm,17,2025,1,2019,,,Ny kandidat
J1 Bemanning AB,5594185588,Oxelgatan 12,333 30,Smålandsstenar,Gislaved,17,2025,28,2023,,,Ny kandidat
M.O.R Logistik Restauranger AB,5593394850,"c/o MOHANNAD GHANDOUR, Brandkärrsvägen 90 Lgh 1402",611 66,Nyköping,Nyköping,16.9,2023,8,2021,,,Ny kandidat
Axcepta Bemanning AB,5591363444,Hammarby Allé 132,120 66,Stockholm,Stockholm,16.8,2024,21,2017,,,Ny kandidat
Lundin Bemanning AB,5569539496,Vasagatan 26,411 24,Göteborg,Göteborg,16.8,2024,25,2013,,,Ny kandidat
Head Agent Executive Search AB,5568033285,Brahegatan 10,11437,Stockholm,Stockholm,16.7,2025,7,2010,https://www.headagent.se,,Ny kandidat
Petsak AB,5593579625,Box 17032,200 10,Malmö,Malmö,16.7,2025,27,2021,,,Ny kandidat
Gazella Supply Chain AB,5592116304,Västra Järnvägsgatan 23,111 64,Stockholm,Stockholm,16.6,2025,18,2019,,,Ny kandidat
Industrimontage i Sandviken AB,5592005135,Svartrönningsvägen 21,811 95,Järbo,Sandviken,16.6,2025,21,2019,,,Ny kandidat
Jobway AB,5567269518,Linnégatan 14 6 Tr,114 47,Stockholm,Stockholm,16.4,2025,14,2007,,,Ny kandidat
JME Music AB,5590389572,Wallmovägen 26,714 32,Kopparberg,Ljusnarsberg,16.4,2025,2,2015,,,Ny kandidat
Nursehouse AB,5568096274,Gyllenstiernsgatan 14,115 26,Stockholm,Stockholm,16.3,2024,17,2010,,,Ny kandidat
Dakert facilities & staffing AB,5594251059,Plåtslagarvägen 3 a,861 36,Timrå,Timrå,16.3,2025,16,2023,,,Ny kandidat
Worko Group AB,5592930167,Norra Stationsgatan 67,113 64,Stockholm,Stockholm,16.2,2024,9,2020,,,Ny kandidat
Elements Talent Consultancy Sweden AB,5592082167,"c/o Talenom Consulting AB, Box 842",101 36,Stockholm,Stockholm,16.2,2024,5,2019,,,Ny kandidat
Green4U Sweden AB,5593334161,Per Mattissons Väg 47,291 91,Kristianstad,Kristianstad,16.2,2025,1,2021,,,Ny kandidat
Externia Bygg & Bemanning AB,5568024508,Åkerholmsvägen 13,754 55,Uppsala,Uppsala,16.2,2025,34,2010,,,Ny kandidat
DOCS International Sweden AB,5566497201,Slottsgatan 20,211 33,Malmö,Malmö,16.1,2024,13,2003,,,Ny kandidat
RTF Montage & Transport AB,5591493225,Enköpingsvägen 37,197 32,Bro,Upplands-Bro,16.1,2025,27,2018,,,Ny kandidat
Work Studio Interim & Recruitment Sweden AB,5591552467,Östermalmsgatan 26 a,114 26,Stockholm,Stockholm,16,2025,18,2018,,,Ny kandidat
Haugaard Shop Woman AB,5569636680,Rubingatan 3 c 1102,441 45,Alingsås,Alingsås,16,2025,4,2014,,,Ny kandidat
Medsource AB,5591724603,Arenavägen 45,121 77,Johanneshov,Stockholm,15.9,2025,18,2018,,,Ny kandidat
B & K Lots o Transport AB,5591123251,Kumla-Sörby 106,692 93,Kumla,Kumla,15.9,2025,21,2017,,,Ny kandidat
BG Personalbolag AB,5594183609,Ställverksvägen 1,831 52,Östersund,Östersund,15.9,2025,27,2023,,,Ny kandidat
ADA Hus AB,5591078943,Fjärilsgatan 55,603 61,Norrköping,Norrköping,15.8,2025,0,2017,,,Ny kandidat
Steen & Betong Sverige AB,5594147232,Lägatan 9,652 21,Karlstad,Karlstad,15.8,2024,18,2022,,,Ny kandidat
OLAR i Norr AB,5592802143,Ripbärsvägen 9,982 35,Gällivare,Gällivare,15.8,2025,8,2020,,,Ny kandidat
P&E Entreprenad i Burträsk AB,5569154908,Solbacksgatan 7,937 32,Burträsk,Skellefteå,15.8,2025,4,2012,,,Ny kandidat
Solid Personal i Sundsvall AB,5569702482,Klökanvägen 12 b,863 41,Sundsvall,Sundsvall,15.8,2025,34,2014,,,Ny kandidat
Compass Rekrytering & Utveckling AB,5565644548,Tryckerigatan 12 5tr,111 28,Stockholm,Stockholm,15.7,2025,3,1998,,,Ny kandidat
Eventpersonal i Sverige AB,5567272967,John Ericssonsgatan 7,112 22,Stockholm,Stockholm,15.7,2025,27,2007,,,Ny kandidat
Commitmed Group AB,5590944939,Kungsgatan 80,112 27,Stockholm,Stockholm,15.6,2025,12,2016,,,Ny kandidat
Bemanningsproffset i Stockholm AB,5595031856,Järnvägsgatan 84,172 75,Sundbyberg,Sundbyberg,15.6,2025,30,2024,,,Ny kandidat
Skandinaviska Bemanningspoolen AB,5568123235,Von Utfallsgatan 1,415 05,Göteborg,Göteborg,15.5,2025,28,2010,,,Ny kandidat
Pinetree AB,5590167044,Klarabergsviadukten 63 3tr,111 64,Stockholm,Stockholm,15.5,2024,2,2015,,,Ny kandidat
Grooo AB,5568060684,Floragatan 4 b 2tr,114 31,Stockholm,Stockholm,15.5,2025,12,2010,,,Ny kandidat
Headsource AB,5593730749,Arenavägen 45,121 77,Johanneshov,Stockholm,15.4,2025,13,2022,,,Ny kandidat
Dinamo AB,5590245972,Gryningsvägen 21,142 42,Skogås,Huddinge,15.4,2025,21,2015,,,Ny kandidat
House of Ports Holding AB,5590345558,Kungsgatan 42,411 15,Göteborg,Göteborg,15.4,2024,0,2015,,,Ny kandidat
Fand Rekrytering AB,5592429947,Kungsgatan 8,111 43,Stockholm,Stockholm,15.3,2025,4,2020,,,Ny kandidat
Certified Konsult Sweden AB,5592414915,World Trade Center Mässansgata 10,402 24,Göteborg,Göteborg,15.3,2025,1,2020,,,Ny kandidat
Jobandtalent Professional Sweden AB,5590746631,Stationsgatan 37 b,302 50,Halmstad,Halmstad,15.3,2024,25,2016,,,Ny kandidat
Rotsthens Transport AB,5590625959,Gröna Vägen 5,374 32,Karlshamn,Karlshamn,15.3,2025,24,2016,,,Ny kandidat
Norén & Lindholm AB,5566745047,Badhusgatan 4 b,722 15,Västerås,Västerås,15.2,2025,6,2005,,,Ny kandidat
MVI Bemanning AB,5592622400,Hökärrsvägen 101,141 91,Huddinge,Huddinge,15.2,2025,15,2020,,,Ny kandidat
JKT Bemanning AB,5568422546,Kyrkogatan 1,172 32,Sundbyberg,Sundbyberg,15.2,2025,21,2011,,,Ny kandidat
Cleverex Jobbförmedling & Utbildning AB,5569039166,Radiatorvägen 15,702 27,Örebro,Örebro,15.2,2025,15,2012,,,Ny kandidat
Bondi Executive Search AB,5568638232,Nybrokajen 7,111 48,Stockholm,Stockholm,15.2,2025,4,2011,,,Ny kandidat
AR.NE AB,5591069447,Sven Källfelts Gata 15,426 71,Västra Frölunda,Göteborg,15.2,2025,16,2017,,,Ny kandidat
Tecno Scandinavia AB,5566282421,Box 1300,581 13,Linköping,Linköping,15.2,2017,34,2002,,,Ny kandidat
Lots Akuten AB,5567911598,Hemsjö Kvarnkärrsväg 5,448 96,Tollered,Alingsås,15.1,2024,12,2009,,,Ny kandidat
Alovia AB,5569600876,Lantmannavägen 109 c,461 60,Trollhättan,Trollhättan,15,2024,12,2014,,,Ny kandidat
MP Åkeritjänster i Örebro AB,5594105206,Ritargatan 6,781 70,Borlänge,Borlänge,15,2025,25,2022,,,Ny kandidat
Wise IT Ascent AB,5569121675,Linnégatan 87,115 23,Stockholm,Stockholm,14.9,2025,13,2012,,,Ny kandidat
KD Saneringsteknik AB,5592776685,Oxelvägen 2,664 51,Vålberg,Karlstad,14.9,2025,17,2020,,,Ny kandidat
nvrmind AB,5591223432,"c/o PE ACCOUNTING, Box 90255",120 24,Stockholm,Stockholm,14.9,2025,9,2017,,,Ny kandidat
Mekoren Rekrytering AB,5566449897,Stormbyvägen 3-5,163 55,Spånga,Stockholm,14.9,2024,40,2003,,,Ny kandidat
Manaton Bemanning AB,5595082628,Jakobsbergsgatan 21,111 44,Stockholm,Stockholm,14.9,2025,48,2024,,,Ny kandidat
T&S Moranson Invest AB,5590373436,Sönderborgsgatan 2,195 30,Märsta,Sigtuna,14.9,2025,25,2015,,,Ny kandidat
Familjehemspoolen i Sverige AB,5564365459,Jerikodalsgatan 6,595 30,Mjölby,Mjölby,14.8,2025,25,1991,,,Ny kandidat
Personia AB,5590582994,Brantvägen 3,133 42,Saltsjöbaden,Nacka,14.8,2024,17,2016,,,Ny kandidat
We are hiring Sweden AB,5569754111,Torsgatan 5 b 4 Trappor,411 04,Göteborg,Göteborg,14.8,2023,15,2014,,,Ny kandidat
Vacant Vårdbemanning AB,5592201114,Lagerbergsgatan 33,451 31,Uddevalla,Uddevalla,14.8,2025,13,2019,,,Ny kandidat
ViVAB Aktiebolag,5590332721,Viktoriagatan 39,703 58,Örebro,Örebro,14.8,2025,10,2015,,,Ny kandidat
Vikkula nordic AB,5569505182,Björnstigen 16,646 32,Gnesta,Gnesta,14.8,2024,5,2013,,,Ny kandidat
KOKI:s Event och Bemanning AB,5569274623,Eskilstunavägen 31,644 30,Torshälla,Eskilstuna,14.8,2024,9,2013,,,Ny kandidat
Plåt & Ventilation Teknik PVT i Arvika Aktiebolag,5564529146,Maskingränd 2,671 41,Arvika,Arvika,14.8,2025,16,1992,,,Ny kandidat
LeadCompetence AB,5591974752,Norrtullsgatan 6 5 Tr,113 29,Stockholm,Stockholm,14.7,2025,7,2019,,,Ny kandidat
Strocken Förvaltning AB,5567873244,Strömsbrovägen 16,803 09,Gävle,Gävle,14.7,2025,9,2009,,,Ny kandidat
Beman AB,5594579020,Skortsedsvägen 9,891 50,Örnsköldsvik,Örnsköldsvik,14.6,2025,1,2023,,,Ny kandidat
Nordic IT Alliance AB,5590730452,Norra Ågatan 26 c,431 35,Mölndal,Mölndal,14.5,2025,2,2016,,,Ny kandidat
Allsam Group AB,5592828304,Drottninggatan 26,111 51,Stockholm,Stockholm,14.5,2025,9,2020,,,Ny kandidat
Osynliga Jobb Sverige AB,5569349003,Vasagatan 12,111 20,Stockholm,Stockholm,14.4,2025,13,2013,,,Ny kandidat
Lännbacka AB,5590929864,Lyftkransvägen 17,142 50,Skogås,Huddinge,14.4,2025,20,2016,,,Ny kandidat
Nossebro Energi Personal AB,5594263237,Liljegatan 15,465 30,Nossebro,Essunga,14.4,2025,15,2023,,,Ny kandidat
Res Track AB,5568119274,"c/o Advokatfirman Lindahl KB, Box 143",701 42,Örebro,Örebro,14.3,2020,3,2010,,,Ny kandidat
ProXecutive Interim AB,5594394925,Vasagatan 28,111 20,Stockholm,Stockholm,14.2,2025,1,2023,,,Ny kandidat
FNGA AB,5594329566,Kostergränd 4 e,211 75,Malmö,Malmö,14.2,2025,4,2023,,,Ny kandidat
Primel Resurs AB,5567469928,Klockarvägen 25,774 62,Avesta,Avesta,14.2,2025,10,2007,,,Ny kandidat
Djamgroup Consulting AB,5594224874,Glimmervägen 6 Lgh 1701,806 33,Gävle,Gävle,14.2,2025,17,2023,,,Ny kandidat
IntBiz Solutions AB,5566552567,Järntorgsgatan 3 2 Tr,703 39,Örebro,Örebro,14,2025,17,2004,,,Ny kandidat
Signera Rekrytering AB,5591388680,Klarabergsviadukten 63,111 64,Stockholm,Stockholm,13.9,2025,6,2017,,,Ny kandidat
Kombi konsult Norrland AB,5593386708,Centralesplanaden 20 d,891 34,Örnsköldsvik,Örnsköldsvik,13.9,2025,17,2021,,,Ny kandidat
Hamnkraft AB,5595064576,Fillanvägen 12 k,863 37,Sundsvall,Sundsvall,13.9,2025,15,2024,,,Ny kandidat
Access Hemomsorg i Sverige AB,5592447873,Frölundagatan 37,431 44,Mölndal,Mölndal,13.8,2025,46,2020,,,Ny kandidat
AB Effektiv Alingsås/Vårgårda,5593261646,Skaraborgsvägen 1 b,506 30,Borås,Borås,13.8,2025,21,2021,,,Ny kandidat
Folket Agency AB,5591683411,Götgatan 11,116 46,Stockholm,Stockholm,13.7,2025,10,2018,,,Ny kandidat
A-Karriär Sweden AB,5565302477,Olof Palmes Plats 1,214 44,Malmö,Malmö,13.7,2025,13,1996,,,Ny kandidat
A H Finance and Support AB,5594749391,Gävlegatan 16,113 30,Stockholm,Stockholm,13.7,2025,2,2024,,,Ny kandidat
LAFT Group AB,5590481692,Himlabacken 11,170 78,Solna,Solna,13.7,2024,3,2016,,,Ny kandidat
Skillway AB,5590699400,Kullagatan 32,252 20,Helsingborg,Helsingborg,13.6,2025,6,2016,https://www.skillway.se/,,Ny kandidat
Personal Power AB,5569467268,Gevärsgatan 19,254 66,Helsingborg,Helsingborg,13.6,2025,17,2013,,,Ny kandidat
Quispiam AB,5569559361,Storvretsvägen 78,147 54,Tumba,Botkyrka,13.5,2023,27,2013,,,Ny kandidat
MM Transport och Logistik AB,5594199381,Mariehällsvägen 22,131 47,Nacka,Nacka,13.5,2025,14,2023,,,Ny kandidat
Haninge Kött AB,5590865522,Olsängsvägen 5,136 48,Handen,Haninge,13.5,2025,17,2016,,,Ny kandidat
Stockholms Servicebemanning AB,5569050254,"c/o Melanders Group, Box 55682",102 15,Stockholm,Stockholm,13.4,2025,11,2012,,,Ny kandidat
NXT Interim Stockholm AB,5592774078,"c/o Convendum, Box 12122",102 24,Stockholm,Stockholm,13.4,2025,5,2020,,,Ny kandidat
Bemanning & Service Sverige AB,5567991061,Torstenssonsgatan 6 Lgh 1001,114 56,Stockholm,Stockholm,13.4,2025,22,2010,,,Ny kandidat
Rekargo AB,5569182313,Skyttevägen 1,192 58,Sollentuna,Sollentuna,13.4,2025,25,2013,,,Ny kandidat
A1 Logistik AB,5569871998,Box 4315,203 14,Malmö,Malmö,13.3,2025,2,2014,,,Ny kandidat
Servicepilen Skåne AB,5591069579,Box 1983,116 74,Stockholm,Stockholm,13.3,2025,9,2017,,,Ny kandidat
Nordic recruitment Group AB,5593182958,Norrtullsgatan 6 Plan 2,113 29,Stockholm,Stockholm,13.1,2025,6,2021,,,Ny kandidat
StoneLake Brainstorming AB,5569139990,Bankgatan 2,313 50,Åled,Halmstad,13.1,2025,11,2012,,,Ny kandidat
RM-AP Entreprenad AB,5591983035,Odenvägen 6,136 42,Handen,Haninge,13,2025,9,2019,,,Ny kandidat
North Mech AB,5590916390,Västra Gafsele 125,919 91,Åsele,Åsele,13,2024,14,2016,,,Ny kandidat
LIROS GROUP AB,5594470758,Sandeslättskroken 29,424 36,Angered,Göteborg,12.9,2025,15,2023,,,Ny kandidat
Socionomstöd i Sverige AB,5592484843,Järva Skjutbaneväg 27,170 60,Solna,Solna,12.8,2025,9,2020,,,Ny kandidat
Mircon Service AB,5591939284,Bronsåldersgatan 10 d,213 76,Malmö,Malmö,12.8,2025,11,2019,,,Ny kandidat
Beronia AB,5566352620,Parkgatan 39,282 72,Sösdala,Hässleholm,12.8,2025,0,2002,,,Ny kandidat
BrightDays AB,5594994724,Bergholmsvägen 20,562 30,Norrahammar,Jönköping,12.7,2025,16,2024,,,Ny kandidat
Best Staff i Sverige AB,5592734924,Lilla Nygatan 3,211 38,Malmö,Malmö,12.6,2025,21,2020,,,Ny kandidat
Aiming Executive AB,5594960105,Munksjötorget 5,553 40,Jönköping,Jönköping,12.6,2025,1,2024,,,Ny kandidat
EuroMaint Bemanning AB,5566703095,Box 1555,171 29,Solna,Solna,12.6,2024,14,2004,,,Ny kandidat
Linköpings Lotsbolag AB,5591462949,Idögatan 16,582 78,Linköping,Linköping,12.6,2025,13,2018,,,Ny kandidat
Sörmland's Alltjänst AB,5566645429,Marieborgsgatan 1 b,641 39,Katrineholm,Katrineholm,12.6,2025,25,2004,,,Ny kandidat
Eventwork Scandinavia AB,5593256893,Strömögatan 5,164 40,Kista,Stockholm,12.5,2025,17,2021,,,Ny kandidat
Stafettläkarna i Sverige AB,5568136518,Nybodagatan 16,171 42,Solna,Solna,12.5,2025,12,2010,,,Ny kandidat
Sverige Entreprenad Väst AB,5593265514,Fåglum Sörgården 601,465 96,Nossebro,Essunga,12.5,2025,10,2021,,,Ny kandidat
YM fueling and services AB,5569173353,General Schybergs Väg,611 92,Nyköping,Nyköping,12.5,2025,8,2013,,,Ny kandidat
TRANSEARCH International Sweden AB,5566408455,Lilla Bommen 2,411 04,Göteborg,Göteborg,12.4,2025,0,2003,,,Ny kandidat
Montico Rekrytering AB,5566965736,Västra Vägen 14,573 41,Tranås,Tranås,12.4,2025,13,2006,,,Ny kandidat
Andwik Partner AB,5592823768,Stampgatan 14,411 01,Göteborg,Göteborg,12.4,2025,13,2020,,,Ny kandidat
Carlstedts Åkeri AB,5563520922,Minnesbergsvägen 16,233 93,Svedala,Svedala,12.4,2025,6,1989,,,Ny kandidat
Nordecta AB,5568033160,Beckasinvägen 9 b,803 09,Gävle,Gävle,12.4,2025,21,2010,,,Ny kandidat
Östersunds Järnvägskompetens AB,5566347745,Postgränd 5,831 30,Östersund,Östersund,12.4,2025,10,2002,,,Ny kandidat
VetGig Sverige AB,5593402810,Storgatan 43 d,211 42,Malmö,Malmö,12.3,2025,7,2021,https://www.vetgig.se,,Ny kandidat
H International Search & Executive Management AB,5569737520,Fabriksgatan 7 3tr,412 50,Göteborg,Göteborg,12.3,2025,5,2014,,,Ny kandidat
Manpower El & Tele AB,5566066345,Evenemangsgatan 21-25 5tr,169 79,Solna,Solna,12.3,2024,25,2001,,,Ny kandidat
P Konsult Logistic och Uthyrning AB,5593777195,"c/o Advokatfirman Gulliksson AB, Box 4171",203 13,Malmö,Malmö,12.3,2025,1,2022,,,Ny kandidat
Sernert Allfågel AB,5593570301,Hassle Bösarp 810,274 93,Skurup,Skurup,12.2,2024,22,2021,,,Ny kandidat
Jansson & Bronse Logistikpartner AB,5590246020,Laängsvägen 14,732 91,Arboga,Arboga,12.1,2025,15,2015,,,Ny kandidat
Bygg Gänget i Stockholm AB,5590303821,,999 99,Adress Saknas,,12.1,2022,6,2015,,,Ny kandidat
Burgos Bygg AB,5568125768,Skarprättarvägen 1 b,176 77,Järfälla,Järfälla,12.1,2025,10,2010,,,Ny kandidat
GBI Bemanning AB,5594398975,Kungsgatan 37,111 36,Stockholm,Stockholm,12,2025,27,2023,,,Ny kandidat
BNICE Bemanning AB,5593279028,Kulladalsgatan 6 b,215 64,Malmö,Malmö,12,2025,5-9,2021,,,Ny kandidat
Proper People Sverige AB,5591537070,Sankt Paulsgatan 14,118 46,Stockholm,Stockholm,11.9,2025,0,2018,,,Ny kandidat
Kareli Search & Interim AB,5591460919,Svea Olofssons Väg 19,231 69,Skegrie,Trelleborg,11.9,2024,12,2018,,,Ny kandidat
Culpeo People & Culture Partner AB,5593712655,Köpmangatan 2,972 38,Luleå,Luleå,11.9,2025,7,2022,https://culpeo.se/,,Ny kandidat
RC Professional Search AB,5569518490,Nordenskiöldsgatan 24,211 19,Malmö,Malmö,11.8,2025,3,2013,,,Ny kandidat
Connectbase Coachning AB,5591517437,Östgötagatan 12,504 37,Borås,Borås,11.8,2024,5-9,2018,,,Ny kandidat
KLB Kontaktledningsbyggarna AB,5568773062,Långrevsvägen 6,865 91,Alnö,Sundsvall,11.8,2024,9,2011,,,Ny kandidat
Competence Interim Småland AB,5593520983,Jönköpingsvägen 15 Plan 3,331 34,Värnamo,Värnamo,11.7,2025,0,2021,,,Ny kandidat
Barneus Management Aktiebolag,5567737696,Dora Lamms Gata 8,183 72,Täby,Täby,11.7,2025,0,2008,,,Ny kandidat
B.A.M AB,5591409106,Korsgatan 38 f,447 35,Vårgårda,Vårgårda,11.7,2025,23,2017,,,Ny kandidat
B. King 3 AB,5594281759,Bergsgatan 3,434 32,Kungsbacka,Kungsbacka,11.7,2025,17,2023,,,Ny kandidat
VB Group Sweden AB,5566900162,Bollmoravägen 105,135 46,Tyresö,Tyresö,11.6,2025,4,2005,,,Ny kandidat
Holmbury AB,5590253133,Grevgatan 67,114 59,Stockholm,Stockholm,11.6,2025,1,2015,,,Ny kandidat
Agile Search AB,5568258536,Sankt Eriksgatan 48 f,112 34,Stockholm,Stockholm,11.6,2026,11,2010,,,Ny kandidat
Teamforce Sverige AB,5569092173,Förskolevägen 6,436 50,Hovås,Göteborg,11.6,2025,12,2012,,,Ny kandidat
Lomma Bemanning AB,5595046045,Box 2,234 21,Lomma,Lomma,11.6,2025,15,2024,,,Ny kandidat
Laanid AB,5594237108,Sporthallsvägen 2 b,263 35,Höganäs,Höganäs,11.6,2025,20-49,2023,,,Ny kandidat
Paga Miljö & Transport AB,5591651947,Granitvägen 32,746 41,Bålsta,Håbo,11.6,2024,9,2018,,,Ny kandidat
Precator Pedagogerna AB,5567848980,Gamla Brogatan 32,111 20,Stockholm,Stockholm,11.5,2025,20,2009,,,Ny kandidat
MB Family AB,5594170770,Albyvägen 2 a,145 59,Norsborg,Botkyrka,11.5,2024,12,2023,,,Ny kandidat
Badr entrepreneur AB,5591038087,Torvmyrsgatan 6,654 69,Karlstad,Karlstad,11.5,2025,14,2017,,,Ny kandidat
Lokförargruppen i Skövde AB,5569923500,Lillebovägen 5,549 65,Skövde,Skövde,11.5,2025,10,2014,,,Ny kandidat
AB Effektiv Falköping/Herrljunga,5592761844,Skaraborgsvägen 1 b,506 30,Borås,Borås,11.5,2025,17,2020,,,Ny kandidat
Omega Öresund AB,5569187965,Kosterögatan 5,211 24,Malmö,Malmö,11.5,2025,11,2013,,,Ny kandidat
KS - Kvalificerad Säkerhetstjänst AB,5593675142,Kungsporten 6 c,427 50,Billdal,Kungsbacka,11.5,2025,50-99,2022,,,Ny kandidat
3D Logistic AB,5594353723,Aktervägen 5 Lgh 1003,611 64,Nyköping,Nyköping,11.5,2025,14,2023,,,Ny kandidat
Prodiem Rekrytering AB,5591539464,Saltmätargatan 7 4tr,113 59,Stockholm,Stockholm,11.4,2026,10,2018,,,Ny kandidat
Novare Intro AB,5568925183,Blasieholmsgatan 4 b,111 48,Stockholm,Stockholm,11.4,2025,29,2012,,,Ny kandidat
K -Bemanning i Jönköping AB,5594813064,Vaggerydsgatan 1 Våning 10,553 30,Jönköping,Jönköping,11.4,2025,13,2024,,,Ny kandidat
Insight Competence AB,5590778444,Fyndevägen 29,191 63,Sollentuna,Sollentuna,11.4,2025,10,2016,,,Ny kandidat
Reveco Ekonomi AB,5592050826,Fågelviksvägen 9,145 53,Norsborg,Botkyrka,11.4,2025,19,2019,,,Ny kandidat
Sweden Mr Butler Services AB,5591210611,Box 2001,403 11,Göteborg,Göteborg,11.4,2021,22,2017,,,Ny kandidat
We are Skills Mälardalen AB,5591295752,Hantverkargatan 2 b,722 12,Västerås,Västerås,11.3,2025,3,2017,,,Ny kandidat
VITORIA GLOBAL AB,5568916950,Fagerstagatan 9,163 53,Spånga,Stockholm,11.3,2025,20,2012,,,Ny kandidat
Placement Sweden AB,5594356916,Kungsgatan 12-14,111 35,Stockholm,Stockholm,11.3,2025,2,2023,,,Ny kandidat
Personal Managment i Sverige AB,5591351860,Box 320,116 74,Stockholm,Stockholm,11.3,2022,23,2017,,,Ny kandidat
VV Security AB,5591590509,Grevgatan 4,114 53,Stockholm,Stockholm,11.3,2025,16,2018,,,Ny kandidat
Uniqruit AB,5592070634,Malmskillnadsgatan 36,111 57,Stockholm,Stockholm,11.3,2025,1,2019,,,Ny kandidat
Linck i Karlstad AB,5593271587,Kungsgatan 2 a,652 24,Karlstad,Karlstad,11.3,2025,9,2021,,,Ny kandidat
Din Meko Bilvård i Sverige AB,5592127509,Stenåldersgatan 17,213 76,MALMÖ,Malmö,11.1,2025,11,2019,https://dinmekopartner.se/,,Ny kandidat
Brunnsviken Service AB,5591337208,Gustav Iii:S Boulevard 34,169 73,Solna,Solna,11.1,2025,26,2017,,,Ny kandidat
Skadesanerarna i Skåne AB,5593574527,Slipstensgatan 6,213 76,Malmö,Malmö,11.1,2025,13,2021,,,Ny kandidat
Ernströms Företagsservice AB,5569429490,Kaptensgatan 6,827 32,Ljusdal,Ljusdal,11.1,2025,17,2013,,,Ny kandidat
Nortoms Bemanning AB,5568545924,Pellagårdsvägen 5,355 73,Gemla,Växjö,11.1,2025,16,2011,,,Ny kandidat
Barona Human Resource Services AB,5568825292,Hemvärnsgatan 9,171 54,Solna,Solna,11,2024,7,2012,,,Ny kandidat
Avanti Rekrytering & Interim AB,5590653076,Stockholmsvägen 33,181 33,Lidingö,Lidingö,11,2025,1,2016,,,Ny kandidat
Simplified Recruitment Sweden AB,5592398142,"c/o ADVANZE CONSULTING GROUP, Markvardsgatan 5 4tr i Stockholm Ab",113 53,Stockholm,Stockholm,11,2025,18,2020,,,Ny kandidat
Kullens bemanning AB,5593622086,Sollentunavägen 162 b,191 48,Sollentuna,Sollentuna,11,2025,26,2022,,,Ny kandidat
Ecovus Workforce AB,5591077895,Barkkulla 710,438 97,Rävlanda,Härryda,11,2024,20,2017,,,Ny kandidat
J & K i Kiruna AB,5594260472,Ripvägen 29,981 41,Kiruna,Kiruna,11,2025,8,2023,,,Ny kandidat
Job Solution Sweden Consulting AB,5594367608,Sankt Persgatan 99,602 32,Norrköping,Norrköping,10.9,2025,12,2023,,,Ny kandidat
Cvitch AB,5590511407,Torshamnsgatan 35,164 40,Kista,Stockholm,10.9,2025,4,2016,,,Ny kandidat
O-Entreprenad AB,5567216360,Fakturavägen 4,175 62,Järfälla,Järfälla,10.9,2025,4,2007,,,Ny kandidat
Thaipower AB,5592782493,Östra Ljungby 4308,264 71,Östra Ljungby,Klippan,10.8,2025,2,2020,,,Ny kandidat
Länk Recruitment Sweden AB,5594484171,Brännkyrkagatan 36,118 22,Stockholm,Stockholm,10.8,2025,2,2023,,,Ny kandidat
LPJ latestpilotjobs AB,5569465825,Lagmansgatan 17 a,416 53,Göteborg,Göteborg,10.8,2025,2,2013,,,Ny kandidat
Jobbie Sverige AB,5592643273,Sundstorget 2,252 21,Helsingborg,Helsingborg,10.8,2025,16,2020,,,Ny kandidat
Intenso Teknikrekrytering AB,5567652762,Klippan 1 a,414 51,Göteborg,Göteborg,10.8,2025,6,2008,,,Ny kandidat
Poolia Executive Search AB,5565736336,Torsgatan 11,111 23,Stockholm,Stockholm,10.8,2024,4,1999,,,Ny kandidat
Flyttpoolen Produktion Sverige AB,5567826333,Frukthandlarvägen 9,120 44,Årsta,Stockholm,10.8,2025,23,2009,,,Ny kandidat
MBP Sweden AB,5593497588,Knästorps Kvarnväg 220,245 93,Staffanstorp,Staffanstorp,10.8,2024,8,2021,,,Ny kandidat
CBC Norrköping AB,5592882574,Söderleden 102,602 28,Norrköping,Norrköping,10.8,2025,0,2020,,,Ny kandidat
JT industries AB,5594710922,Ställverksvägen 39,981 38,Kiruna,Kiruna,10.8,2025,4,2024,,,Ny kandidat
Flodin Kör Allt AB,5590688460,Lilla Mosjön 114,896 91,Husum,Örnsköldsvik,10.8,2025,8,2016,,,Ny kandidat
Botnia CleanTech AB,5567521488,Aklejavägen 6,371 54,Karlskrona,Karlskrona,10.8,2024,11,2008,,,Ny kandidat
LYL People AB,5594973330,Strandvägen 7 a,114 56,Stockholm,Stockholm,10.7,2025,4,2024,,,Ny kandidat
Hansson & Partners i Sverige AB,5568473697,Mariabacken 2,791 33,Falun,Falun,10.7,2025,0,2011,,,Ny kandidat
Conductus AB,5569479669,Fältmätargatan 19,721 35,Västerås,Västerås,10.7,2023,24,2013,,,Ny kandidat
Huusko Flytt och Städ AB,5594109711,Bergsgatan 15,172 71,Sundbyberg,Sundbyberg,10.7,2025,20,2022,,,Ny kandidat
Qyre AB,5591460364,Jungfrugatan 30,114 44,Stockholm,Stockholm,10.6,2024,1,2018,,,Ny kandidat
Andpartners Search AB,5593308132,Brahegatan 20 2 Tr.,114 37,Stockholm,Stockholm,10.6,2025,8,2021,,,Ny kandidat
HPM Fastigheter i Sverige AB,5593525347,Saturnusvägen 5,175 65,Järfälla,Järfälla,10.6,2025,1,2021,,,Ny kandidat
RÄTT Bemanning & Rekrytering Mälardalen AB,5566255294,Kulvägen 8,703 84,Örebro,Örebro,10.5,2024,16,2002,,,Ny kandidat
Addere AB,5595176313,Industrigatan 4 a,112 46,Stockholm,Stockholm,10.5,2025,2,2025,,,Ny kandidat
ME2YOU ÅKERISERVICE AB,5569028870,Korallstigen 23,184 92,Åkersberga,Österåker,10.5,2024,21,2012,,,Ny kandidat
Stafflink AB,5569580516,Box 8000,501 18,Borås,Borås,10.5,2024,24,2014,,,Ny kandidat
Bemanno AB,5568367170,Schaktmästaregatan 4,412 61,Göteborg,Göteborg,10.5,2023,24,2011,,,Ny kandidat
Kranbolaget Kompetens i Sverige AB,5567971980,"c/o Kranbolaget i Stockholm AB, Box 90136",120 21,Stockholm,Stockholm,10.4,2025,8,2009,,,Ny kandidat
Media Resurs Bemanning Sverige AB,5567778153,Liavångsvägen 10,272 97,Gärsnäs,Simrishamn,10.4,2025,15,2009,,,Ny kandidat
MMA Montage AB,5592543416,Möllegårdsvägen 96,235 94,Vellinge,Vellinge,10.4,2025,13,2020,,,Ny kandidat
Revelyn AB,5593662884,Dalagatan 7,111 23,Stockholm,Stockholm,10.3,2025,4,2022,,,Ny kandidat
Introfied AB,5568473432,Kivra: 5568473432,106 31,Stockholm,Stockholm,10.3,2025,10,2011,,,Ny kandidat
Interim Sverige Executive AB,5594849449,Lötängsgatan 6,80301,Gävle,Gävle,10.3,2026,5,2024,https://interimsverige.se/,,Ny kandidat
Ronden AB,5568137151,Österlånggatan 23 3tr,111 31,Stockholm,Stockholm,10.3,2025,4,2010,,,Ny kandidat
Trident Service Sweden AB,5566735543,Västra Stockholmsvägen 15,762 31,Rimbo,Norrtälje,10.2,2024,9,2004,,,Ny kandidat
Lets transport AB,5590812458,Orgelvägen 8,175 56,Järfälla,Järfälla,10.2,2025,7,2016,,,Ny kandidat
T.Viklund AB,5591044077,Mogatan 51,881 50,Sollefteå,Sollefteå,10.2,2026,4,2017,,,Ny kandidat
Future People AB,5593897274,Upplandsgatan 85 b,113 44,Stockholm,Stockholm,10.1,2025,12,2022,,,Ny kandidat
Viraliv AB,5593715682,Kista Since Tower Färögatan 33,164 51,Kista,Stockholm,10.1,2025,9,2022,,,Ny kandidat
Hito Sverige AB,5594216987,Kungsgatan 9,111 43,Stockholm,Stockholm,10,2025,7,2023,,,Ny kandidat
Aktiv Rehab Stockholm AB,5567163455,Kanalvägen 3 a,194 61,Upplands Väsby,Upplands Väsby,10,2025,8,2006,,,Ny kandidat
STAB AB,5568414899,Morgonbäcksvägen 52 Södervidinge Gård,244 93,Kävlinge,Kävlinge,10,2025,17,2011,,,Ny kandidat
LogComp i Norrköping AB,5592698376,Östra Bravikenvägen 10,616 35,Åby,Norrköping,10,2025,19,2020,,,Ny kandidat
A. Rentall AB,5567415202,Grytängsvägen 19,770 12,Sunnansjö,Ludvika,10,2025,11,2007,,,Ny kandidat
SWE Resurs AB,5567792212,Baumansgatan 7,593 32,Västervik,Västervik,10,2025,8,2009,,,Ny kandidat
JOBTEAM KONSULT R.L.H. AB,5569747040,Hyllie Boulevard 2 a,216 25,Malmö,Malmö,9.9,2025,14,2014,,,Ny kandidat
Check in Thai Strindbergsgatan AB,5590906359,Hovslagarvägen 30,136 73,Vendelsö,Haninge,9.9,2025,18,2016,,,Ny kandidat
Alessio AB,5595044776,Kungsgatan 37,111 56,Stockholm,Stockholm,9.9,2025,15,2024,,,Ny kandidat
VP International AB,5594655424,Norra Hamngatan 4,411 14,Göteborg,Göteborg,9.9,2025,1,2023,,,Ny kandidat
Sanandum AB,5592946163,Gnistagatan 8,754 54,Uppsala,Uppsala,9.9,2025,4,2021,,,Ny kandidat
JML Konsult & bemanning AB,5592104870,Strömvägen 8,901 32,Umeå,Umeå,9.9,2025,15,2019,,,Ny kandidat
Dalapharm Consulting AB,5593656084,Skålmyrsvägen 33,792 50,Mora,Mora,9.8,2025,9,2022,,,Ny kandidat
QwickWork Bygg AB,5593188468,Ydrevägen 14,575 35,Eksjö,Eksjö,9.8,2025,17,2021,,,Ny kandidat
BolagsBolaget Sverige AB,5569446098,Södra Järnvägsgatan 4 b,352 34,Växjö,Växjö,9.8,2024,7,2013,,,Ny kandidat
Lincoln Talent AB,5593644171,Gamla Brogatan 11,111 20,Stockholm,Stockholm,9.7,2024,4,2022,,,Ny kandidat
Based On People AB,5592137383,Drottninggatan 33,111 51,Stockholm,Stockholm,9.7,2024,4,2019,,,Ny kandidat
4Nite AB,5590996921,"c/o NSF STÄD AB, Veddestavägen 24 2tr",175 62,Järfälla,Järfälla,9.7,2022,24,2017,,,Ny kandidat
Spalin Staffing AB,5592002462,Parkgatan 14,267 76,Ekeby,Bjuv,9.7,2025,11,2019,,,Ny kandidat
Nominativ Bygg & Tak AB,5592347396,Kapplöpningsgatan 1,252 30,Helsingborg,Helsingborg,9.7,2025,6,2020,,,Ny kandidat
Brandtjänst Syd AB,5594226721,Utsiktsvägen 2,281 46,Tormestorp,Hässleholm,9.7,2024,11,2023,,,Ny kandidat
Crowd Collective Malmo AB,5594052556,Gamla Tanneforsvägen 92,582 52,Linköping,Linköping,9.7,2024,11,2022,,,Ny kandidat
JKpool AB,5593885006,Köpmansgatan 7 d,633 56,Eskilstuna,Eskilstuna,9.7,2025,19,2022,,,Ny kandidat
Progon AB,5594024415,Paksuniemivägen 700,981 91,Jukkasjärvi,Kiruna,9.7,2025,7,2022,,,Ny kandidat
OIO Öst AB,5594623554,Skeppsbron 38,111 30,Stockholm,Stockholm,9.6,2025,15,2023,,,Ny kandidat
Ny Teknik Talent AB,5594423039,Box 6323,102 35,Stockholm,Stockholm,9.5,2025,3,2023,,,Ny kandidat
GV Stars Bemanning Småland AB,5593626046,Herkulesvägen 4,553 03,Jönköping,Jönköping,9.5,2025,7,2022,,,Ny kandidat
BM transport AB,5594887530,Frihetsvägen 17,177 53,Järfälla,Järfälla,9.5,2025,19,2024,,,Ny kandidat
Dextro AB,5591444129,Nerebyskogens Väg 10,442 74,Harestad,Kungälv,9.5,2025,7,2018,,,Ny kandidat
CrownMatch AB,5592570336,Jössagatan 3 b,504 33,Borås,Borås,9.4,2025,9,2020,,,Ny kandidat
Brightness Executive Search AB,5590221684,Kungsgatan 37,111 56,Stockholm,Stockholm,9.4,2025,0,2015,,,Ny kandidat
Byggkonsulterna i borås AB,5590296207,Strömslundsgatan 3,507 62,Borås,Borås,9.4,2025,6,2015,,,Ny kandidat
EKS Service AB,5566183587,Källviken 13,774 91,Avesta,Hedemora,9.4,2025,4,2001,,,Ny kandidat
ORTIZ GROUP AB,5591955470,"c/o ENGSTRÖM, Ribby Allé 57 d",137 42,Västerhaninge,Haninge,9.3,2025,0,2019,,,Ny kandidat
Bohus Bemanning AB,5591545602,Framvägen 2,451 94,Uddevalla,Uddevalla,9.3,2025,13,2018,,,Ny kandidat
JS Personaluthyrning AB,5593313389,Planetvägen 1,352 64,Växjö,Växjö,9.3,2024,8,2021,,,Ny kandidat
Gotlands Tankstationer AB,5569991614,Box 1111,621 22,Visby,Gotland,9.3,2025,5,2014,,,Ny kandidat
Head Agent Talent Acquisition Sweden AB,5592885056,Brahegatan 10,114 37,Stockholm,Stockholm,9.2,2025,8,2020,,,Ny kandidat
Alar AB,5568714371,Backvägen 66,137 57,Tungelsta,Haninge,9.2,2025,2,2011,,,Ny kandidat
JJ Konsult SSK AB,5592993876,Norregatan 14,282 72,Sösdala,Hässleholm,9.2,2024,6,2021,,,Ny kandidat
Personalpärlan AB,5566070909,Södertuna Slott,646 91,Gnesta,Gnesta,9.2,2025,9,2001,,,Ny kandidat
Tamilan Service AB,5591470454,Midsommarvägen 66,126 35,Hägersten,Stockholm,9.1,2025,8,2018,,,Ny kandidat
Princess Effort på Lidingö AB,5569893448,Stockby Hantverksby 7,181 41,Lidingö,Lidingö,9.1,2025,26,2014,,,Ny kandidat
Orust Industri och Maskin AB,5567982565,Hjälmvik 291,472 97,Varekil,Orust,9.1,2025,9,2009,,,Ny kandidat
Gavs Bemanning AB,5590296595,Testvägen 9,232 37,Arlöv,Burlöv,9.1,2024,10,2015,,,Ny kandidat
NTB Norrköpings Transportbolag AB,5592266786,Koppargatan 3,602 23,Norrköping,Norrköping,9.1,2024,19,2019,,,Ny kandidat
AG Ställningar AB,5593218471,Rågångsvägen 20 b,802 62,Gävle,Gävle,9.1,2024,13,2021,,,Ny kandidat
Swedish Startup Recruitment AB,5590794466,Hillersjönäsvägen 19,179 95,Svartsjö,Ekerö,9,2025,5,2016,,,Ny kandidat
Lager & Partners AB,5562745389,Kungsgatan 10,111 43,Stockholm,Stockholm,9,2025,5,1986,,,Ny kandidat
CHuman Capital AB,5591972608,Hyllie Boulevard 8 c,215 32,Malmö,Malmö,9,2025,4,2019,,,Ny kandidat
Byggnadskompetens Värmdö AB,5594334988,Svarvarvägen 3 f,142 50,Skogås,Huddinge,9,2025,15,2023,,,Ny kandidat
Kainulasjärvi Transport och Bemanning AB,5590763461,Byavägen 35,984 90,Kainulasjärvi,Pajala,9,2024,3,2016,,,Ny kandidat
Sandson AB,5591710180,Bredgatan 2,222 21,Lund,Lund,8.9,2025,2,2018,,,Ny kandidat
At Yes Chef AB,5591731772,Kivra: 559173-1772,106 31,Stockholm,Sigtuna,8.9,2023,28,2018,,,Ny kandidat
Åkeritjänster i Jönköping AB,5590368154,Ritargatan 6,781 70,Borlänge,Borlänge,8.9,2025,19,2015,,,Ny kandidat
Proffsgruppen i Sverige AB,5591254684,Tysjövägen 8,831 52,Östersund,Östersund,8.8,2025,11,2017,,,Ny kandidat
Michaël Berglund Interim Effect AB,5593530115,Skeppsbron 44,111 30,Stockholm,Stockholm,8.8,2025,0,2021,,,Ny kandidat
Eclipse Sverige AB,5592239189,Jakobsbergsgatan 7,111 44,Stockholm,Stockholm,8.8,2024,5,2019,,,Ny kandidat
MediBemanning AB,5590150131,Box 89,116 74,Stockholm,Stockholm,8.8,2022,8,2015,,,Ny kandidat
KE Solutions AB,5592923261,Vattenkraftsvägen 7,135 70,Stockholm,Stockholm,8.8,2025,12,2020,,,Ny kandidat
Chillax Sverige AB,5594423914,Källvretsvägen 18,814 91,Furuvik,Gävle,8.8,2025,19,2023,,,Ny kandidat
WB works i Sala AB,5593970139,Hammarhagen 107,733 94,Sala,Sala,8.8,2025,2,2022,,,Ny kandidat
UTA Scandinavia AB,5566575311,Södergatan 28 3tr,211 34,Malmö,Malmö,8.7,2024,1,2004,,,Ny kandidat
Talent Eye AB,5569227209,Kungsgatan 33 7tr,111 56,Stockholm,Stockholm,8.7,2025,20-49,2013,,,Ny kandidat
DC Talents AB,5594730599,Vattengränden 2,602 22,Norrköping,Norrköping,8.7,2025,16,2024,,,Ny kandidat
Cyberway AB,5594777608,Glasförgyllaren 70,245 35,Staffanstorp,Staffanstorp,8.7,2026,1-4,2024,,,Ny kandidat
Be Professional AB,5592142821,Klostergatan 4,222 22,Lund,Lund,8.7,2025,8,2019,,,Ny kandidat
Advokatfirman MORE Evander Service AB,5593371486,"c/o Advokatfirman MORE Evander, Box 7330",103 90,Stockholm,Stockholm,8.7,2025,7,2021,,,Ny kandidat
Systrarnas bemanning AB,5592522980,Bryngelsgatan 2,521 44,Falköping,Falköping,8.7,2025,9,2020,,,Ny kandidat
Secure2Safe Sverige AB,5568561103,Bäverns Gränd 15 b,753 19,Uppsala,Uppsala,8.7,2024,12,2011,,,Ny kandidat
HR Alfot AB,5592162621,"c/o TaDe Café AB 8 Subway Söder), Södra Kungsgatan 13",802 51,Gävle,Gävle,8.7,2023,0,2019,,,Ny kandidat
workfind Sverige AB,5591234066,Järnvägsgatan 35,252 18,Helsingborg,Helsingborg,8.6,2025,5,2017,,,Ny kandidat
Timmis Personal AB,5590877162,Love Almqvists Väg 12,112 53,Stockholm,Stockholm,8.6,2025,7,2016,,,Ny kandidat
Telin Rekrytering & Konsult AB,5594054529,Kaggensgatan 39,392 48,Kalmar,Kalmar,8.5,2025,7,2022,,,Ny kandidat
PSAC AB,5591545180,Åvägen 24,412 51,Göteborg,Göteborg,8.5,2024,19,2018,,,Ny kandidat
Nav1rekrytering AB,5568599699,Ynglingagatan 16,113 47,Stockholm,Stockholm,8.5,2023,15,2011,,,Ny kandidat
Krenander Consulting AB,5568012255,Slånvägen 5 c,756 55,Uppsala,Uppsala,8.5,2025,1,2010,,,Ny kandidat
RMR Workforce AB,5594302282,Albinsrogatan 5 a,214 67,Malmö,Malmö,8.5,2025,4,2023,,,Ny kandidat
Moveup Consulting i Göteborg AB,5566056700,Gemenskapens Gata 9,431 53,Mölndal,Mölndal,8.4,2025,6,2001,,,Ny kandidat
"MRG, Match Recruitment Group AB",5567824569,Östermalmstorg 1,114 42,Stockholm,Stockholm,8.4,2025,5,2009,,,Ny kandidat
Jobbet.se Sverige AB,5563752822,Fyristorg 6,753 10,Uppsala,Uppsala,8.4,2025,8,1990,,,Ny kandidat
AC Hockey Aktiebolag,5567044457,Onsala Strandväg 20,439 37,Onsala,Kungsbacka,8.4,2025,1,2006,,,Ny kandidat
Impturbines AB,5593836413,Östgötagatan 79,116 64,Stockholm,Stockholm,8.4,2025,0,2022,,,Ny kandidat
Executive Solutions International AB,5593789703,Linnégatan 50,114 54,Stockholm,Stockholm,8.4,2025,2,2022,,,Ny kandidat
OpCon Building Sweden AB,5590958954,Kärnavägen 22,442 70,Kärna,Kungälv,8.4,2025,20,2017,,,Ny kandidat
TASIS Bemannings AB,5592372246,Gamla Malmövägen 3 b Lgh 1102,233 76,Klågerup,Svedala,8.4,2025,14,2020,,,Ny kandidat
The Finance Family Holding AB,5594109455,Drottninggatan 33 3 Tr,111 51,Stockholm,Stockholm,8.3,2025,5,2022,,,Ny kandidat
Novare Public HR AB,5591255350,Blasieholmsgatan 4 b,111 48,Stockholm,Stockholm,8.3,2025,3,2017,,,Ny kandidat
Mindful AB,5566295530,Norrtullsgatan 6,113 29,Stockholm,Stockholm,8.3,2025,6,2002,,,Ny kandidat
Leta Consulting AB,5593558884,Tallnäsvägen 17,861 43,Sörberge,Timrå,8.3,2026,20,2021,,,Ny kandidat
ADR Bemanning Stockholm AB,5566797204,Orrvägen 2,746 35,Bålsta,Håbo,8.3,2025,11,2005,,,Ny kandidat
Målerimästarna Region Stockholm AB,5592196462,Box 11013,100 61,Stockholm,Stockholm,8.3,2024,4,2019,,,Ny kandidat
Ådi Invest AB,5590836994,"c/o Johan Olsson, Skolgatan 13 b",553 16,Jönköping,Jönköping,8.3,2023,12,2016,,,Ny kandidat
Mia Andersson Lots & Bemanning AB,5592815889,Björkängsgatan 3,521 73,Kinnarp,Falköping,8.2,2025,10,2020,,,Ny kandidat
Sandviken El & Konsult AB,5590134176,Barrsätra Furuväg 25,811 36,Sandviken,Sandviken,8.2,2025,5,2015,,,Ny kandidat
Dmatch AB,5590917919,Skeppsbron 44 4 Tr,111 30,Stockholm,Stockholm,8.1,2025,4,2016,,,Ny kandidat
Anna Bonde Search AB,5567948749,Västra Vråkvägen 2,236 42,Höllviken,Vellinge,8.1,2025,2,2009,,,Ny kandidat
Rektorspoolen Sverige AB,5590473863,Datavägen 14 a,436 32,Askim,Göteborg,8,2025,5,2016,,,Ny kandidat
Begus Invest AB,5591650501,Flytthems Gård 2,590 42,Horn,Kinda,8,2024,15,2018,,,Ny kandidat
ENKL Frilansservice AB,5566994454,Sländstigen 22,191 38,Sollentuna,Sollentuna,8,2025,1,2006,,,Ny kandidat
Mårtenssons Lagertjänst AB,5594239278,Danska Vägen 25,231 68,Trelleborg,Trelleborg,8,2025,11,2023,,,Ny kandidat
Zaga Bemanning AB,5592338320,Stenbackavägen 6,702 25,Örebro,Örebro,8,2025,10-19,2019,,,Ny kandidat
RR I NORR AB,5594239831,Månsgårdsvägen 7,975 97,Luleå,Luleå,8,2026,8,2023,,,Ny kandidat
Motor och Rental i Norr AB,5592255664,Söderbergsvägen 13,982 36,Gällivare,Gällivare,8,2025,3,2019,,,Ny kandidat
Serei Solutions AB,5590560198,Tälläng 12,574 55,Kvillsfors,Vetlanda,7.9,2025,1,2016,,,Ny kandidat
Humanus Jobb Syd AB,5568771140,Anderstorpsvägen 22,171 54,Solna,Solna,7.9,2024,16,2011,,,Ny kandidat
Avancos Scandinavia AB,5568701352,Kemistvägen 2 a,183 79,Täby,Täby,7.9,2025,16,2011,,,Ny kandidat
YellowFin Contracting Solutions AB,5592847551,Textilgatan 33,120 30,Stockholm,Stockholm,7.9,2025,7,2020,,,Ny kandidat
AQC Boost AB,5592118532,Vasagatan 12,111 20,Stockholm,Stockholm,7.9,2025,5,2019,,,Ny kandidat
08 Täby AB,5590807375,Vallhallavägen 153,115 31,Stockholm,Stockholm,7.9,2025,17,2016,,,Ny kandidat
Smajl Solutions AB,5592677131,Månskärsvägen 5,141 75,Kungens Kurva,Huddinge,7.9,2025,12,2020,,,Ny kandidat
Aspirantkraft i Lund AB,5569893117,Örnvägen 72,227 31,Lund,Lund,7.9,2025,8,2014,,,Ny kandidat
Åbo Förvaltning AB,5562272616,Depågatan 1,334 33,Anderstorp,Gislaved,7.9,2024,1,1983,,,Ny kandidat
Tarantsec Masterwork AB,5590934757,"c/o Tarantsec, Box 42121",126 30,Hägersten,Stockholm,7.8,2025,9,2016,,,Ny kandidat
New Future Consulting Northwest AB,5592149040,Bro Centrum 19,197 31,Bro,Upplands-Bro,7.8,2025,6,2019,,,Ny kandidat
Maquire Group AB,5567258388,Mässans Gata 18,412 51,Göteborg,Göteborg,7.8,2025,3,2007,,,Ny kandidat
OWA AB,5591931950,Tegelbruksvägen 11,126 34,Hägersten,Stockholm,7.8,2025,6,2019,,,Ny kandidat
Omni Solutions i Östergötland AB,5569081713,Rothult Rotlyckan 2,590 39,Kisa,Kinda,7.8,2025,9,2012,,,Ny kandidat
Lovsjö Frakt AB,5593428575,Kärravägen 1,555 92,Jönköping,Jönköping,7.8,2025,10-19,2021,,,Ny kandidat
Bäckby gross AB,5593838450,Saltängsvägen 29,721 32,Västerås,Västerås,7.8,2024,5,2022,,,Ny kandidat
Ersmarksängarnas Lantbruk AB,5568582901,Ersmarksängarna 108,934 41,Ersmark,Skellefteå,7.8,2025,2,2011,,,Ny kandidat
Marek Gotland AB,5591546642,Halla Högbro 209 g,622 52,Romakloster,Gotland,7.8,2025,4,2018,,,Ny kandidat
Linkz AB,5590008917,Sundbybergs Torg 1,172 67,Sundbyberg,Sundbyberg,7.7,2025,3,2015,,,Ny kandidat
FollowU AB,5590746532,Huskvarnavägen 82,554 66,Jönköping,Jönköping,7.7,2025,4,2016,,,Ny kandidat
ExcelGens Consulting Sverige AB,5592056187,Vasagatan 28,111 20,Stockholm,Stockholm,7.7,2024,9,2019,,,Ny kandidat
Ecopro Sverige AB,5591941058,Blomsterrundan 21,137 36,Västerhaninge,Haninge,7.7,2025,35,2019,,,Ny kandidat
RP Elmontage AB,5593345753,Råggärdevägen 7,827 40,Tallåsen,Ljusdal,7.7,2025,8,2021,,,Ny kandidat
DB Åkeri AB,5594107160,Norra Ängsvägen 17,734 31,Hallstahammar,Hallstahammar,7.7,2025,2,2022,,,Ny kandidat
Vb Vårdbemanning Norden AB,5590789342,Sveavägen 98,113 50,Stockholm,Stockholm,7.6,2024,0,2016,,,Ny kandidat
Nåvi AB,5592864317,Tegnérgatan 5,553 34,Jönköping,Jönköping,7.6,2025,9,2020,,,Ny kandidat
Mejas Alert Nursing AB,5590222286,Forskningsringen 21,174 62,Sundbyberg,Sundbyberg,7.6,2024,9,2015,,,Ny kandidat
Jobconnect Sweden AB,5594043589,Östra Storgatan 17 b,553 21,Jönköping,Jönköping,7.6,2024,1,2022,,,Ny kandidat
Everhire Sverige AB,5594950189,Sveavägen 34,111 34,Stockholm,Stockholm,7.6,2025,3,2024,,,Ny kandidat
Bonrec AB,5590014667,Sandhamnsgatan 39 Bv,115 28,Stockholm,Stockholm,7.6,2025,6,2015,,,Ny kandidat
Morfar Ginko AB,5590429774,Swedenborgsgatan 11 1tr,118 48,Stockholm,Stockholm,7.6,2025,13,2015,,,Ny kandidat
AMA Transport AB,5566770193,Humblegatan 15,172 39,Sundbyberg,Sundbyberg,7.6,2025,9,2005,,,Ny kandidat
Dain AB,5590095187,Rosenlundsvägen 395,253 54,Mörarp,Helsingborg,7.6,2024,20,2015,,,Ny kandidat
SYBS Bemanning AB,5592365554,Låsbomsgatan 12 a,589 41,Linköping,Linköping,7.6,2025,7,2020,,,Ny kandidat
LS No I AB,5591946222,"c/o LVLS GROUP AB, Östermalmsgatan 26 a",114 26,Stockholm,Stockholm,7.5,2022,6,2019,,,Ny kandidat
Blaq Group AB,5569327090,Regeringsgatan 111 a,111 39,Stockholm,Stockholm,7.5,2025,6,2013,,,Ny kandidat
BayInCo AB,5594447988,Datavägen 14 a,436 32,Askim,Göteborg,7.5,2025,2,2023,,,Ny kandidat
QA nursescare AB,5591159651,Odenvägen 3,194 63,Upplands Väsby,Upplands Väsby,7.5,2025,6,2017,,,Ny kandidat
InredningsSnickarna Skåne AB,5566319876,Enoch Thulins Väg 15,261 53,Landskrona,Landskrona,7.5,2025,13,2002,,,Ny kandidat
Inlandsbemanning Aktiebolag,5568641103,Bergavägen 2,923 96,Barsele,Storuman,7.5,2025,15,2011,,,Ny kandidat
Skandinaviska Handelskompaniet Aktiebolag,5562844794,Valhallavägen 116,114 41,Stockholm,Stockholm,7.4,2024,6,1986,,,Ny kandidat
Franchise Group Nordic AB,5566586615,Brunnsgatan 6,111 38,Stockholm,Stockholm,7.4,2025,2,2004,,,Ny kandidat
Doktorpoolen i Sverige AB,5593516692,Atfares Väg 19,192 77,Sollentuna,Sollentuna,7.4,2025,1,2021,,,Ny kandidat
Blaq Executive Search AB,5594122615,Regeringsgatan 111,111 39,Stockholm,Stockholm,7.4,2025,3,2022,,,Ny kandidat
Tech Sourcing Sweden AB,5566631403,Vasagatan 28,111 20,Stockholm,Stockholm,7.4,2025,1,2004,,,Ny kandidat
Orzo Förvaltning AB,5569201410,Ynglingagatan 15,113 47,Stockholm,Stockholm,7.4,2025,5-9,2013,,,Ny kandidat
BRB Stockholm AB,5568803315,Tångvägen 4 Lgh 44,126 42,Hägersten,Stockholm,7.4,2025,17,2012,,,Ny kandidat
PFK Spår Konsult AB,5569223554,Ställverksvägen 38,981 38,Kiruna,Kiruna,7.4,2024,5,2013,,,Ny kandidat
people quality AB,5563652121,Svetsarvägen 8,171 41,Solna,Solna,7.3,2025,1,1989,,,Ny kandidat
Stegra Rekrytering AB,5592338858,Universitetsallén 32,852 34,Sundsvall,Sundsvall,7.3,2025,10,2019,,,Ny kandidat
SMK Göteborg AB,5591486963,Hagtornsvägen 13,475 37,Bohus-Björkö,Öckerö,7.3,2025,0,2018,,,Ny kandidat
JobRivers AB,5594106808,Borgarfjordsgatan 18,164 40,Kista,Stockholm,7.3,2025,4,2022,,,Ny kandidat
Lindström & Partner AB,5569624421,Grävlingsvägen 52,167 56,Bromma,Stockholm,7.3,2025,5,2014,,,Ny kandidat
Leveranza Sverige AB,5569722175,"c/o BLACK LIZZY GROUP AB, Funckens Gränd 1 3 Tr",111 27,Stockholm,Stockholm,7.3,2022,2,2014,,,Ny kandidat
Kristofer Björklunds Förvaltnings AB,5566372289,Gölingstorp Näbbagården,514 54,Nittorp,Tranemo,7.3,2025,7,2002,,,Ny kandidat
Aronius Entreprenad AB,5565071197,Hillringsberg Fabriken 2,671 97,Glava,Arvika,7.3,2025,4,1995,,,Ny kandidat
Entreprenadgruppen Service Västerås AB,5594590985,Tångsta 11,725 97,Västerås,Västerås,7.3,2025,11,2023,,,Ny kandidat
Areck AB,5592432909,Villagatan 19,732 34,Arboga,Arboga,7.3,2025,1,2020,,,Ny kandidat
"Kollega - matchning, rekrytering och bemanning AB",5590339262,Folkparksvägen 50,593 61,Västervik,Västervik,7.2,2024,6,2015,,,Ny kandidat
Mednurse Sverige AB,5593595167,Multrågatan 25,162 54,Vällingby,Stockholm,7.2,2025,1-4,2022,,,Ny kandidat
MWC Sweden AB,5591602650,Sliprännevägen 17,263 63,Viken,Höganäs,7.2,2025,3,2018,,,Ny kandidat
M Hallquist AB,5592298458,Storhallen 635,845 52,Åsarna,Berg,7.2,2025,1,2019,,,Ny kandidat
Valluga Services AB,5568762784,Skeppersholme 118,474 74,Käringön,Orust,7.1,2025,18,2011,,,Ny kandidat
Allt i 3 Aktiebolag,5592024581,Ekmansvägen 14,682 60,Lesjöfors,Filipstad,7.1,2023,0,2019,,,Ny kandidat
Stardust Search AB,5590681747,Munkbrogatan 2,111 27,Stockholm,Stockholm,7,2025,0,2016,,,Ny kandidat
Jock Dé Nation AB,5565644738,Hoppets Torg 5 Bv,553 21,Jönköping,Jönköping,7,2024,3,1998,,,Ny kandidat
Friday Vibes AB,5593906125,Tegnérgatan 34,113 59,Stockholm,Stockholm,7,2025,1-4,2022,,,Ny kandidat
S Martinssons Entreprenad AB,5591917074,Vitebrovägen 12,277 45,Sankt Olof,Simrishamn,7,2025,1,2019,,,Ny kandidat
LD Bemanning AB,5594442328,Hantverkaregatan 10 Lgh 1101,231 44,Trelleborg,Trelleborg,7,2024,0,2023,,,Ny kandidat
Jonas Sandström Partner AB,5591163406,Övre Västersjövägen 374,266 97,Hjärnarp,Ängelholm,7,2025,0,2017,,,Ny kandidat
True Platform Nordics AB,5593943532,"c/o BDO/Skatt, Box 6343",102 35,Stockholm,Stockholm,6.9,2024,3,2022,,,Ny kandidat
Temply AB,5593537474,Banérgatan 47,115 22,Stockholm,Stockholm,6.9,2024,50-99,2021,,,Ny kandidat
Novum Executive AB,5592815418,Östra Hamngatan 16,411 08,Göteborg,Göteborg,6.9,2025,1,2020,,,Ny kandidat
Lynqa AB,5591632780,Parkvägen 2,169 35,Solna,Solna,6.9,2025,2,2018,,,Ny kandidat
Aliby Consulting AB,5590741145,Fredsgatan 1,411 07,Göteborg,Göteborg,6.9,2025,7,2016,,,Ny kandidat
AAA Work&Coaching i Sverige AB,5591143531,Handenterminalen 5,136 40,Handen,Haninge,6.9,2025,4,2017,,,Ny kandidat
Trinh Bemanning AB,5569466120,Importörvägen 17,120 44,Årsta,Stockholm,6.9,2025,17,2013,,,Ny kandidat
KB Workforce AB,5594857087,Kungsbron 21,111 22,Stockholm,Stockholm,6.9,2025,13,2024,,,Ny kandidat
Badrumsverket AB,5568210610,Kaggeholmsvägen 68,122 60,Enskede,Stockholm,6.9,2025,3,2010,,,Ny kandidat
Alex bemanningsföretag AB,5591954358,Råbyvägen 57,125 43,Älvsjö,Stockholm,6.9,2025,5,2019,,,Ny kandidat
beqom Sweden AB,5592068810,Gyllene Hästens Torg 7,170 67,Solna,Solna,6.9,2024,4,2019,,,Ny kandidat
OSM Crew Management AB,5567362875,Vakthusbacken 5,426 71,Västra Frölunda,Göteborg,6.9,2025,7,2007,,,Ny kandidat
Corestone Partners AB,5592895907,Kungsportsavenyen 18,411 36,Göteborg,Göteborg,6.9,2025,16,2020,,,Ny kandidat
TalentCrew Sverige AB,5594431040,Kungsgatan 9,111 43,Stockholm,Stockholm,6.8,2025,6,2023,,,Ny kandidat
Ekoom Entreprenad AB,5569831018,Gillerbacken 10,124 64,Bandhagen,Stockholm,6.8,2025,4,2014,,,Ny kandidat
CB Bemanning AB,5594758582,Ryssnäsgatan 14,504 64,Borås,Borås,6.8,2025,9,2024,,,Ny kandidat
Albinskrafter Vård AB,5593153330,"c/o 559256-1129, Koppargatan 3",602 23,Norrköping,Norrköping,6.8,2022,0,2021,,,Ny kandidat
Vasa Kompetens AB,5593412140,Virdings Allé 32 b,754 50,Uppsala,Uppsala,6.8,2024,6,2021,,,Ny kandidat
Wallins Österbygrillen AB,5569079576,Storrymningsvägen 8 Lgh 1002,748 30,Österbybruk,Östhammar,6.8,2025,5,2012,,,Ny kandidat
Håbo bemanning AB,5593915480,Hornvägen 11,746 50,Bålsta,Håbo,6.8,2025,1,2022,,,Ny kandidat
Dala Artist & Event AB,5566934831,Knihsgatan 21,795 31,Rättvik,Rättvik,6.7,2025,1,2005,,,Ny kandidat
CoGig AB,5590518790,Västra Järnvägsgatan 3,111 64,Stockholm,Stockholm,6.7,2025,6,2016,,,Ny kandidat
Skönhetsgruppen Stockholm AB,5593547614,Franstorpsvägen 11,172 66,Sundbyberg,Sundbyberg,6.7,2025,16,2021,,,Ny kandidat
Bega bemanning AB,5569792830,Markörvägen 13,191 44,Sollentuna,Sollentuna,6.7,2025,8,2014,,,Ny kandidat
Himmelsta Holding i Norrköping AB,5566899018,Söderleden 106,602 28,Norrköping,Norrköping,6.7,2025,4,2005,,,Ny kandidat
Gällivare Maskinservice AB,5592219314,Barrvägen 10,983 34,Malmberget,Gällivare,6.7,2026,3,2019,,,Ny kandidat
MNS Veteran AB,5591592398,Björkågatan 3 b,904 20,Umeå,Umeå,6.7,2025,3,2018,,,Ny kandidat
Colmix AB,5566134523,Åsavägen 3,572 35,Oskarshamn,Oskarshamn,6.7,2025,8,2001,,,Ny kandidat
Carlssons Personalpool AB,5591073886,Norra Hansegatan 18,621 41,Visby,Gotland,6.7,2025,12,2017,,,Ny kandidat
Win Win Consulting Sweden AB,5569520033,Lilla Skotteksvägen 4,523 41,Ulricehamn,Ulricehamn,6.6,2025,2,2013,,,Ny kandidat
Techla Group AB,5594525056,Pumpgatan 1,417 55,Göteborg,Göteborg,6.6,2025,5,2023,,,Ny kandidat
Sway Sourcing Sweden Aktiebolag,5593607517,Olaus Magnus Väg 44,121 38,Johanneshov,Stockholm,6.6,2025,9,2022,,,Ny kandidat
Stenstadens Entreprenad AB,5592180714,Antenngatan 11 b,421 33,Västra Frölunda,Göteborg,6.6,2025,4,2019,,,Ny kandidat
Skaw Crewing AB,5593542896,Lilla Strandvägen 4,444 31,Stenungsund,Stenungsund,6.6,2025,6,2021,,,Ny kandidat
New Terms AB,5569868606,Kungsportsavenyen 37 1tr,411 36,Göteborg,Göteborg,6.6,2025,11,2014,,,Ny kandidat
WWIM AB,5593437915,Östra Bravikenvägen 10,616 35,Åby,Norrköping,6.6,2025,5,2021,,,Ny kandidat
PJ Bygg & Arbetskraft AB,5569463754,Bjurbäcksvägen 1,565 33,Mullsjö,Mullsjö,6.6,2024,8,2013,,,Ny kandidat
Strångkällan Invest AB,5569458721,Box 361,641 23,Katrineholm,Katrineholm,6.6,2025,2,2013,,,Ny kandidat
Johanssons Grävmaskiner i Böle AB,5591075915,Böle 461,955 91,Råneå,Luleå,6.6,2025,3,2017,,,Ny kandidat
We SeeQ AB,5594448572,Sven Hultins Plats 5,412 58,Göteborg,Göteborg,6.5,2025,2,2023,,,Ny kandidat
SEVR Finance Stockholm AB,5594767666,Fredsgatan 1,411 07,Göteborg,Göteborg,6.5,2025,5,2024,,,Ny kandidat
RDT Engineers Sweden AB,5592263726,Traktorvägen 6 b,226 60,Lund,Lund,6.5,2024,3,2019,,,Ny kandidat
MPYA AB,5590682711,Centralplan 15,111 20,Stockholm,Stockholm,6.5,2025,1,2016,,,Ny kandidat
Easy 4 you Göteborg AB,5568503220,Lillabomen 1,411 04,Göteborg,Göteborg,6.5,2025,0,2011,,,Ny kandidat
A.B Produktion AB,5594652546,Rotvägen 8,142 52,Skogås,Huddinge,6.5,2025,1,2023,,,Ny kandidat
E. Andersson Bemanning AB,5594676701,Kviavägen 13,430 82,Donsö,Göteborg,6.5,2025,5,2024,,,Ny kandidat
SERCO Bemanning AB,5590750807,Väppebyvägen 22,746 49,Bålsta,Håbo,6.5,2025,14,2016,,,Ny kandidat
Bladberg Bygg och Industriservice AB,5592011802,Hökärrsvägen 103,141 91,Huddinge,Huddinge,6.4,2025,11,2019,,,Ny kandidat
Operamini AB,5591108245,Lidköpingsvägen 102,533 33,Götene,Götene,6.4,2025,5,2017,,,Ny kandidat
DJS Bemanning AB,5593863763,Lilla Nygatan 11 7tr,211 38,Malmö,Malmö,6.4,2025,12,2022,,,Ny kandidat
Tbt Västerås AB,5592661937,Linslagargränd 5,721 30,Västerås,Västerås,6.4,2024,4,2020,,,Ny kandidat
Exigo AB,5568650856,Emblagatan 2,723 55,Västerås,Västerås,6.4,2025,8,2011,,,Ny kandidat
Kattis AB,5568116585,Röskär 5,185 93,Vaxholm,Vaxholm,6.3,2025,2,2010,,,Ny kandidat
Just Right AB,5594087727,Artillerigatan 6,114 51,Stockholm,Stockholm,6.3,2025,4,2022,,,Ny kandidat
Vi Work Sweden AB,5591741243,Box 317,116 74,Stockholm,Stockholm,6.3,2024,5,2018,,,Ny kandidat
O. Andersson Bemanning AB,5594676719,Lotsutkiken 5,430 83,Vrångö,Göteborg,6.3,2025,3,2024,,,Ny kandidat
Standby Workteam AB,5566005475,Lilla Nygatan 11,211 38,Malmö,Malmö,6.3,2025,7,2000,,,Ny kandidat
Untangle Bemanning AB,5569224990,Slättö Ekenäs 2,331 72,Forsheda,Värnamo,6.3,2024,12,2013,,,Ny kandidat
Gotland Bemanning AB,5592992621,Musselvägen 8,432 75,Träslövsläge,Varberg,6.3,2024,15,2021,,,Ny kandidat
MiJob Bemanning & Rekrytering i region Mitt AB,5590923180,Hamngatan 2,736 31,Kungsör,Kungsör,6.3,2025,11,2016,,,Ny kandidat
"Robert, M & M AB",5590605209,Mjällbyvägen 92-10,294 92,Sölvesborg,Sölvesborg,6.3,2024,17,2016,,,Ny kandidat
Rehdo AB,5569581357,Kristinelundsgatan 16 Bv,411 37,Göteborg,Göteborg,6.2,2025,2,2014,,,Ny kandidat
nosdivAD AB,5594011545,Sälggatan 63 a,213 63,Malmö,Malmö,6.2,2025,3,2022,,,Ny kandidat
Miri Entreprenad & Uthyrning AB,5569788861,Remontgatan 12,212 35,Malmö,Malmö,6.2,2024,9,2014,,,Ny kandidat
Kingsman Consulting AB,5590894985,"c/o Razan Hawez, Herrhagsvägen 207",752 67,Uppsala,Uppsala,6.2,2024,10,2016,,,Ny kandidat
Axamo Åkeri Moderbolag AB,5594744285,Resedastigen 26,554 56,Jönköping,Jönköping,6.2,2025,10,2024,,,Ny kandidat
Chefspoolen i Sverige AB,5567937866,Landsvägen 57 a,172 65,Sundbyberg,Sundbyberg,6.1,2025,0,2009,,,Ny kandidat
Thebestchefs i Stockholm AB,5592412869,Olshammarsgatan 7,124 75,Bandhagen,Stockholm,6.1,2024,9,2020,,,Ny kandidat
Marrakech Bemanning AB,5569667966,Sjöviksbacken 8,117 58,Stockholm,Stockholm,6.1,2025,5,2014,,,Ny kandidat
Helhetsbygg Öst AB,5568873342,Box 42217,126 17,Stockholm,Stockholm,6.1,2024,1,2012,,,Ny kandidat
Antrophia Bemanning AB,5594771965,Körsbärsvägen 7,114 23,Stockholm,Stockholm,6.1,2025,3,2024,,,Ny kandidat
Yoggi Transport AB,5595129197,Klintvägen 6,141 71,Segeltorp,Huddinge,6.1,2026,3,2024,,,Ny kandidat
Gastor AB,5569413411,Trollstigen 2,136 70,Vendelsö,Haninge,6.1,2025,5,2013,,,Ny kandidat
ROT-projekt i Kärra AB,5566985684,Kärrfibblestigen 9,425 42,Hisings Kärra,Göteborg,6.1,2025,7,2006,,,Ny kandidat
Emtunga Works AB,5593897175,Johan På Gårdas Gata 5,412 50,Göteborg,Göteborg,6.1,2024,4,2022,,,Ny kandidat
MK Frukt AB,5591565154,Sofiebergsvägen 84,256 61,Helsingborg,Helsingborg,6.1,2025,14,2018,,,Ny kandidat
Troykan montage AB,5591163711,Apelsinvägen 60,741 31,Knivsta,Knivsta,6.1,2025,6,2017,,,Ny kandidat
Ahlgren & Co Revisionsbyrå AB,5569243438,Box 26,311 21,Falkenberg,Falkenberg,6.1,2025,14,2013,,,Ny kandidat
PLIS Frakt AB,5569735623,Ramsnäs 172,790 15,Sundborn,Falun,6.1,2025,2,2014,,,Ny kandidat
ACT Personal AB,5592605744,Lunnargatan 34,593 62,Västervik,Västervik,6.1,2025,12,2020,,,Ny kandidat
Mona Education AB,5569469538,Norra Kopparslagargatan 9,803 11,Gävle,Gävle,6,2025,10,2013,,,Ny kandidat
Jobbkompaniet Nova AB,5593811606,Råtorpsvägen 8 b 1001,653 49,Karlstad,Karlstad,6,2025,8,2022,,,Ny kandidat
Infinity Human Resources Sweden AB,5567833156,Luxgatan 10,112 62,Stockholm,Stockholm,6,2025,3,2009,,,Ny kandidat
I Executive Search AB,5568199243,Prästgatan 44 a Lgh 1101,111 29,Stockholm,Stockholm,6,2025,2,2010,,,Ny kandidat
EQuality Rekrytering & Interim AB,5594511536,Hjorttackegatan 23,211 33,Malmö,Malmö,6,2025,2,2023,,,Ny kandidat
Trift Services AB,5568725740,Box 5154,102 44,Stockholm,Stockholm,6,2025,7,2011,,,Ny kandidat
Modersmålcenter I Stockholm AB,5564988862,Varpholmsgränd 5,127 46,Skärholmen,Stockholm,6,2024,17,1994,,,Ny kandidat
KSB BOSTAD AB,5590620786,Box 3578,111 74,Stockholm,Stockholm,6,2025,9,2016,,,Ny kandidat
Crew2you Stockholm AB,5592348626,Telefonvägen 30 Vån 1,126 26,Hägersten,Stockholm,6,2025,8,2020,,,Ny kandidat
Räkexport Produktion i Göteborg AB,5569074783,Fiskhamnen,414 51,Göteborg,Göteborg,6,2025,12,2012,,,Ny kandidat
Intact Vision AB,5567873491,Sämsholm Näsbacka 56,524 93,Herrljunga,Herrljunga,6,2025,2,2009,,,Ny kandidat
Örebro Maskin Lots Och transport AB,5593087116,Bondsätter 308,705 94,Örebro,Örebro,6,2025,6,2021,,,Ny kandidat
Wallers Bemanning AB,5595228544,Wallers 7,621 57,Visby,Gotland,6,2025,12,2025,,,Ny kandidat
M.Timan AB,5592342611,Förrådsgatan 10,803 09,Gävle,Gävle,5.9,2025,3,2019,,,Ny kandidat
EnRival Utbildning AB,5594932609,Stora Södergatan 25,222 23,Lund,Lund,5.9,2025,2,2024,,,Ny kandidat
Committo AB,5591901227,Vallgatan 4,411 16,Göteborg,Göteborg,5.9,2025,2,2019,,,Ny kandidat
ELEO Aktiebolag,5562328277,Artillerigatan 44,114 45,Stockholm,Stockholm,5.9,2025,7,1983,,,Ny kandidat
DALI AB,5569369704,Fågelvägen 32,195 33,Märsta,Sigtuna,5.9,2025,9,2013,,,Ny kandidat
City Work AB,5567555940,Elektronvägen 1 Entre 2,141 49,Huddinge,Huddinge,5.9,2025,6,2008,,,Ny kandidat
SKARPSYNT Ögonklinik AB,5568533177,Torggatan 19 1tr,503 34,Borås,Borås,5.9,2025,1,2011,,,Ny kandidat
MF Gävle AB,5594760927,Ruddammsgatan 12,803 20,Gävle,Gävle,5.9,2025,5-9,2024,,,Ny kandidat
Fastighetsgruppen Svekilag AB,5592224264,Västra Prinsgatan 6,903 20,Umeå,Umeå,5.9,2025,7,2019,,,Ny kandidat
Mellomsjö AB,5565965356,Snöbärsvägen 1,282 66,Vittsjö,Hässleholm,5.8,2024,1,2000,,,Ny kandidat
Jobcom Sweden AB,5591684302,Skäggetorp Centrum 1,586 42,Linköping,Linköping,5.8,2024,6,2018,,,Ny kandidat
FAS Kliv konsult AB,5592664469,Kvarntorpsvägen 13,136 47,Haninge,Haninge,5.8,2025,8,2020,,,Ny kandidat
Vård Vision 24 AB,5594697293,Kirunagatan 66,162 68,Vällingby,Stockholm,5.8,2026,1-4,2024,,,Ny kandidat
Vattenhorn Förvaltning AB,5565615241,Stallarholmsvägen 2,124 59,Bandhagen,Stockholm,5.8,2025,6,1998,,,Ny kandidat
Sogdiana AB,5591573836,Trångsundsvägen 50 d,142 64,Trångsund,Huddinge,5.8,2025,2,2018,,,Ny kandidat
JURT AB,5569371650,Föreningsgatan 39,411 27,Göteborg,Göteborg,5.8,2025,7,2013,,,Ny kandidat
Gamay AB,5594687260,Stora Torget 4,534 31,Vara,Vara,5.8,2025,8,2024,,,Ny kandidat
Work for you Matchning AB,5566811906,Betselgatan 4,213 77,Malmö,Malmö,5.8,2022,0,2005,,,Ny kandidat
Skönstaholms Ventilation AB,5569262107,Trädgårdsvägen 16,268 73,Billeberga,Svalöv,5.8,2025,6,2013,,,Ny kandidat
Widlund Mek & Elteknik AB,5590395090,Hydraulvägen 9,616 34,Åby,Norrköping,5.8,2025,9,2015,,,Ny kandidat
Tobluc AB,5594432873,Lindtorpsvägen 10,702 37,Örebro,Örebro,5.8,2025,5,2023,,,Ny kandidat
Proxi Vård AB,5565951331,Sintergatan 8 a,784 73,Borlänge,Borlänge,5.8,2024,10,2000,,,Ny kandidat
VP Bemanning AB,5594037078,Sörängsbacken 10,864 92,Matfors,Sundsvall,5.8,2025,7,2022,,,Ny kandidat
Stångebro Gatukök AB,5567621965,Gamla Tanneforsvägen 92,582 54,Linköping,Linköping,5.7,2025,10,2008,,,Ny kandidat
Active Search & HR Consulting in Europé AB,5566631254,"c/o Convendum Active Search AB, Box 5038",102 41,Stockholm,Stockholm,5.7,2025,2,2004,,,Ny kandidat
NOGAK i Sätra AB,5593804882,Alsätravägen 88,127 30,Skärholmen,Stockholm,5.7,2025,12,2022,,,Ny kandidat
Edfast Förvaltning AB,5565181681,Box 2401,116 74,Stockholm,Stockholm,5.7,2022,2,1995,,,Ny kandidat
BemanningsEliten i Sthlm AB,5592344468,Västervägen 16,194 68,Upplands Väsby,Upplands Väsby,5.7,2024,7,2019,,,Ny kandidat
A&D BEMANNING AB,5593847329,Teknikvägen 65,176 75,Järfälla,Järfälla,5.7,2025,11,2022,,,Ny kandidat
Intertalento Resource Agency AB,5591950885,"c/o Svenska Standardbolag AB, Box 292",791 27,Falun,Falun,5.7,2025,9,2019,,,Ny kandidat
AHTE Holding AB,5569764995,Drottninggatan 18,803 20,Gävle,Gävle,5.7,2025,4,2014,,,Ny kandidat
JRK Entreprenad AB,5569427643,Laestadiusvägen 45,984 31,Pajala,Pajala,5.7,2025,2,2013,,,Ny kandidat
Ignberg Rep. och Resurs (IRR) AB,5564594645,Stenbackavägen 7,931 42,Skellefteå,Skellefteå,5.7,2025,4,1992,,,Ny kandidat
Scandinavian Industrial Resource AB,5590362363,Blockvägen 3,341 32,Ljungby,Ljungby,5.7,2025,7,2015,,,Ny kandidat
Law Recruitment HW AB,5594944646,Granestigen 10,182 55,Djursholm,Danderyd,5.6,2025,2,2024,,,Ny kandidat
Cultural Care Sweden AB,5568086127,Strandvägen 13 b,114 56,Stockholm,Stockholm,5.6,2025,5,2010,,,Ny kandidat
Comibri Consultings AB,5594431842,Murargatan 33,754 37,Uppsala,Uppsala,5.6,2025,9,2023,,,Ny kandidat
ACME AB,5564068236,Torsby Sjöväg 10,139 51,Värmdö,Värmdö,5.6,2025,3,1990,,,Ny kandidat
HireMate AB,5594519406,Ringvägen 100,118 60,Stockholm,Stockholm,5.6,2025,10,2023,,,Ny kandidat
D Pub Södra AB,5593794950,"c/o EMBARR, Box 17252",104 62,Stockholm,Stockholm,5.6,2025,7,2022,,,Ny kandidat
Bubblande Barn AB,5590957493,Bertheliusvägen 4,146 38,Tullinge,Botkyrka,5.6,2025,7,2017,,,Ny kandidat
Bobans AB,5567413280,Norrsundavägen 113,195 70,Rosersberg,Sigtuna,5.6,2025,13,2007,,,Ny kandidat
SABAB AB,5591445159,Tingshusgatan 8,534 30,Vara,Vara,5.6,2025,14,2018,,,Ny kandidat
Holmbytorp Byggnads AB,5569314833,Slimmingevägen 266,275 64,Blentarp,Sjöbo,5.6,2025,3,2013,,,Ny kandidat
Svea Trapenad AB,5594776188,"c/o Adigozalov, Rågången 2",586 43,Linköping,Linköping,5.6,2025,2,2024,,,Ny kandidat
AR & CO AB,5591113807,Garvaregatan 6 a,602 21,Norrköping,Norrköping,5.6,2024,0,2017,,,Ny kandidat
EMA Teknik AB,5592971773,"c/o Tobias Eriksson, Bringåsen 367",831 91,Östersund,Östersund,5.6,2023,4,2021,,,Ny kandidat
Real Competence svenska Rekrytering AB,5568108749,Kungsgatan 35,111 56,Stockholm,Stockholm,5.5,2025,7,2010,,,Ny kandidat
Purple Rekrytering & Interim AB,5594286253,Storgatsbacken 1,331 37,Värnamo,Värnamo,5.5,2025,5,2023,https://purplerekrytering.se/,,Ny kandidat
Idre Nord AB,5567460539,Uttergränd 1,797 71,Idre,Älvdalen,5.5,2025,3,2007,,,Ny kandidat
Carpenova Nordic AB,5566441571,Medicon Village,223 81,Lund,Lund,5.5,2025,2,2003,,,Ny kandidat
Modernetik AB,5594304064,Stamgatan 57,125 74,Älvsjö,Stockholm,5.5,2025,10,2023,,,Ny kandidat
Mirin AB,5592178635,Odengatan 62,113 22,Stockholm,Stockholm,5.5,2024,12,2019,,,Ny kandidat
ND Bemanning AB,5592392376,Kristinelundsvägen 44,171 50,Solna,Solna,5.5,2025,35,2020,,,Ny kandidat
Alexei Bemanning AB,5594918350,Helgonagatan 157,442 41,Kungälv,Kungälv,5.5,2025,7,2024,,,Ny kandidat
Ågren Transport AB,5593851115,Tulpanvägen 18 a,247 47,Flyinge,Eslöv,5.5,2025,1-4,2022,,,Ny kandidat
Veteran Utveckling AB,5590857214,Ängelholmsvägen 10,254 42,Helsingborg,Helsingborg,5.5,2024,6,2016,,,Ny kandidat
Prodigy Consulting AB,5594278920,Grönvidegatan 5,212 32,Malmö,Malmö,5.5,2025,3,2023,,,Ny kandidat
Populin AB,5569884587,Ekbackegatan 23,212 30,Malmö,Malmö,5.5,2025,8,2014,,,Ny kandidat
Fordonscentrum i Östergötland AB,5567192835,Tallvägen 26,612 36,Finspång,Finspång,5.5,2025,3,2007,,,Ny kandidat
G&B Comfort AB,5594214149,Violvägen 13,334 35,Anderstorp,Gislaved,5.5,2025,3,2023,,,Ny kandidat
HSC Västerbotten AB,5590962733,Dalasjö 78,912 90,Vilhelmina,Vilhelmina,5.5,2025,5,2017,,,Ny kandidat
Krog konsult & bemanning i Stockholm AB,5591385306,Sicklastråket 23,131 55,Nacka,Nacka,5.4,2025,4,2017,,,Ny kandidat
Karriärvägledarna i Sverige AB,5590568043,Kabelvägen 19,602 10,Norrköping,Norrköping,5.4,2025,7,2016,,,Ny kandidat
Foxor Consulting AB,5594263328,Östra Bangatan 1,195 60,Arlandastad,Sigtuna,5.4,2025,6,2023,,,Ny kandidat
Finderz AB,5593011751,Scheelegatan 9,212 28,Malmö,Malmö,5.4,2025,4,2021,,,Ny kandidat
Right on rekrytering interim management Sweden AB,5593005613,Burevägen 28,182 63,Djursholm,Danderyd,5.4,2025,1,2021,,,Ny kandidat
Arce Bemanning AB,5592310162,Sporrvägen 53,181 41,Lidingö,Lidingö,5.4,2025,5,2019,,,Ny kandidat
Nivelle AB,5569564924,Fän 24,457 61,Hällevadsholm,Munkedal,5.4,2025,2,2013,,,Ny kandidat
N-BY GÅRD AB,5568328560,Enköping Norrby 18,745 95,Enköping,Enköping,5.4,2025,1,2010,,,Ny kandidat
Skrea Lås & Smide AB,5569654535,Oktanvägen 1,311 32,Falkenberg,Falkenberg,5.4,2025,3,2014,,,Ny kandidat
ProjectGlobe Consulting AB,5590908926,Slottsgatan 8,722 11,Västerås,Västerås,5.4,2025,4,2016,,,Ny kandidat
Ruba AB,5592702038,Piongatan 17,253 74,Helsingborg,Helsingborg,5.3,2025,20,2020,,,Ny kandidat
OPUS-D AB,5591220578,Industrigatan 12,281 43,Hässleholm,Hässleholm,5.3,2024,10,2017,,,Ny kandidat
NK Partners AB,5593295842,Dukvägen 24,168 73,Bromma,Stockholm,5.3,2024,0,2021,,,Ny kandidat
Kompetens & Matchning Sverige AB,5593027187,Seminarievägen 45 b,352 38,Växjö,Växjö,5.3,2025,5,2021,,,Ny kandidat
Karthago Matchning AB,5594426149,Hantverkaregatan 10,641 30,Katrineholm,Katrineholm,5.3,2025,6,2023,,,Ny kandidat
BEMALONG AB,5592606718,"c/o Bemalong AB, Kivra: 559260-6718",106 31,Stockholm,Stockholm,5.3,2024,6,2020,,,Ny kandidat
Agroflow AB,5594871252,Karlsdalsallén 67,702 53,Örebro,Örebro,5.3,2025,13,2024,,,Ny kandidat
AIWO AB,5590562863,Vasagatan 12,111 20,Stockholm,Stockholm,5.3,2025,1,2016,,,Ny kandidat
AC HOCKEY SPORTS MANAGEMENT AB,5594104431,Onsala Strandväg 20,439 37,Onsala,Kungsbacka,5.3,2025,3,2022,,,Ny kandidat
X36 VVS Bemanning & Entreprenad AB,5590465349,Studiovägen 1 a,135 48,Tyresö,Tyresö,5.3,2025,5-9,2016,,,Ny kandidat
GITI Aktiebolag,5561143727,Sankt Sigfridsgatan 75,412 66,Göteborg,Göteborg,5.3,2025,18,1968,,,Ny kandidat
Bemanningsbolaget MP AB,5595189068,Nordenskiöldsgatan 11 a,211 19,Malmö,Malmö,5.3,2025,5-9,2025,,,Ny kandidat
LaCom Bemanning AB,5594926999,Källparksgatan 10 d,754 32,Uppsala,Uppsala,5.3,2025,3,2024,,,Ny kandidat
VLL Petarve Gård AB,5591798268,Sanda Petarve 495,623 79,Klintehamn,Gotland,5.3,2024,5,2018,,,Ny kandidat
Yagmur AB,5592140031,Platåvägen 6,136 72,Vendelsö,Haninge,5.2,2024,25,2019,,,Ny kandidat
RARD Consulting AB,5593696544,Drakegatan 10,412 50,Göteborg,Göteborg,5.2,2025,7,2022,,,Ny kandidat
CR Industri Svets AB,5590905187,Södra Boda Höglunda 1,665 93,Kil,Kil,5.2,2025,4,2016,,,Ny kandidat
Svea Property Development AB,5590839980,Färögatan 33,164 51,Kista,Stockholm,5.1,2025,1,2016,,,Ny kandidat
Rubino Rekrytering Aktiebolag,5566419098,Box 3174,103 63,Stockholm,Stockholm,5.1,2025,4,2003,,,Ny kandidat
Hub & Spoke AB,5593527558,Eriksbergsgatan 8 a,114 30,Stockholm,Stockholm,5.1,2025,5,2021,,,Ny kandidat
Great Business Group Sales Sweden AB,5592225220,Sankt Persgatan 99,602 32,Norrköping,Norrköping,5.1,2024,3,2019,,,Ny kandidat
City Business Scandinavia AB,5592153232,Rothoffsvägen 1 c,903 42,Umeå,Umeå,5.1,2024,0,2019,,,Ny kandidat
Addilon Professionals AB,5592653603,Kivra: 559265-3603,106 31,Stockholm,Stockholm,5.1,2025,3,2020,,,Ny kandidat
ARMIDA Service AB,5567379655,Högenvägen 96,428 30,Kållered,Mölndal,5.1,2025,9,2007,,,Ny kandidat
Nilk AB,5593405193,Box 17148,104 62,Stockholm,Stockholm,5.1,2024,0,2021,,,Ny kandidat
Data Prince Teknologi Aktiebolag,5564849445,Ringvägen 126,116 61,Stockholm,Stockholm,5.1,2025,0,1994,,,Ny kandidat
Troja Bemanning AB,5567914626,Byrsta Kvarn 43,147 91,Grödinge,Botkyrka,5.1,2025,6,2009,,,Ny kandidat
Kraftkonsult gruppen 08 AB,5594421561,Agrarvägen 2 a,175 44,Järfälla,Järfälla,5.1,2025,7,2023,,,Ny kandidat
Green Wash People AB,5591339063,Mossvägen 3,177 41,Järfälla,Järfälla,5.1,2024,6,2017,,,Ny kandidat
GR3EN AB,5594811290,Flustervägen 11,463 35,Göta,Lilla Edet,5.1,2025,5-9,2024,,,Ny kandidat
Spectrum Digital Solutions AB,5568061161,Bytaregatan 4 d,222 22,Lund,Lund,5.1,2025,3,2010,,,Ny kandidat
NOPARK Aktiebolag,5563416055,Västerleden 41,271 44,Ystad,Ystad,5.1,2025,7,1988,,,Ny kandidat
MK Manning AB,5594318015,Skånegatan 14,252 49,Helsingborg,Helsingborg,5.1,2025,7,2023,,,Ny kandidat
Åkerbloms Bygg AB,5569937765,Örensvägen 18,563 91,Gränna,Jönköping,5.1,2025,1,2014,,,Ny kandidat
Märks i Karlstad AB,5590980669,Risallén 31,664 52,Vålberg,Karlstad,5.1,2025,0,2017,,,Ny kandidat
Last & Logistik i Haparanda AB,5592053630,Bryggargränd 1,953 37,Haparanda,Haparanda,5.1,2025,7,2019,,,Ny kandidat
J-Mech Solutions AB,5594819897,Gamla Lyckselevägen 20,919 32,Åsele,Åsele,5.1,2025,2,2024,,,Ny kandidat
Switch Recruitment AB,5594002239,Kungsgatan 8,111 43,Stockholm,Stockholm,5,2025,3,2022,,,Ny kandidat
Novare Pay Consulting AB,5590356415,Blasieholmsgatan 4 b,111 48,Stockholm,Stockholm,5,2025,4,2015,,,Ny kandidat
Infinity Industry Solutions Sweden AB,5565837175,Luxgatan 6,112 62,Stockholm,Stockholm,5,2025,3,2000,,,Ny kandidat
Bergvik & Partners AB,5593806705,Box 12122,102 24,Stockholm,Stockholm,5,2025,3,2022,,,Ny kandidat
Aktiebolaget VP Uthyrning,5592884430,Skärebäcksmölla 114,274 91,Skurup,Skurup,5,2025,5,2020,,,Ny kandidat
Tarantsec Medic AB,5593271967,"c/o Tarantsec, Box 42121",126 30,Hägersten,Stockholm,5,2025,3,2021,,,Ny kandidat
Multiply Potential AB,5592253768,Birger Jarlsgatan 57 c,113 56,Stockholm,Stockholm,5,2025,8,2019,,,Ny kandidat
BFB Entreprenad AB,5568219876,Linnégatan 64,114 54,Stockholm,Stockholm,5,2025,0,2010,,,Ny kandidat
NorrBema AB,5590943485,Domarringsvägen 8,187 69,Täby,Täby,5,2025,3,2016,,,Ny kandidat
ES-A KOMPETENS AB,5594545534,Ytterbyvägen 28,185 94,Vaxholm,Vaxholm,5,2025,5,2023,,,Ny kandidat
V Bemanning AB,5592229735,Agnesfridsvägen 184,213 75,Malmö,Malmö,5,2026,7,2019,,,Ny kandidat
Energibyrån Sverige Holding AB,5594099961,Vallgatan 12,262 33,Ängelholm,Ängelholm,5,2025,4,2022,,,Ny kandidat
JNordin Entreprenad AB,5593918765,Sjöbo Bjuråkersvägen 145,827 93,Ljusdal,Ljusdal,5,2025,2,2022,,,Ny kandidat
Convallis AB,5594265901,Högarna 125,836 93,Häggenås,Östersund,5,2025,4,2023,,,Ny kandidat
Mon Avenue AB,5569871782,Gesällgatan 5,302 55,Halmstad,Halmstad,4.9,2025,4,2014,,,Ny kandidat
MakEli i Södertälje AB,5569662744,Nötväckastigen 14,152 54,Södertälje,Södertälje,4.9,2024,5,2014,,,Ny kandidat
H&K Socionom AB,5590959556,Alléplan 6,135 51,Tyresö,Tyresö,4.9,2024,1,2017,,,Ny kandidat
Emril Consulting AB,5591102461,Box 1088,101 39,Stockholm,Stockholm,4.9,2024,1-4,2017,,,Ny kandidat
UniSupport AB,5591702013,Södertäljevägen 27,155 32,Nykvarn,Nykvarn,4.9,2025,22,2018,,,Ny kandidat
Heavy Solutions AB,5593523953,Barkarbyvägen 36,177 49,Järfälla,Järfälla,4.9,2025,9,2021,,,Ny kandidat
A.S Mark och Trädgårdsentreprenad AB,5568857683,Esplanaden 6 Lgh 1509,172 67,Sundbyberg,Sundbyberg,4.9,2025,0,2012,,,Ny kandidat
Prins Åkeri AB,5593074908,Bronsåldersgatan 56,421 62,Västra Frölunda,Göteborg,4.9,2025,4,2021,,,Ny kandidat
Bibben AB,5590477534,Körsbärstigen 51,532 74,Skara,Skara,4.9,2025,0,2016,,,Ny kandidat
KOL & Cocktails-gruppen AB,5594607623,Södra Storgatan 11,252 23,Helsingborg,Helsingborg,4.9,2024,3,2023,,,Ny kandidat
LEDRI AB,5592942808,Spårgatan 3,597 53,Åtvidaberg,Åtvidaberg,4.9,2025,8,2020,,,Ny kandidat
Lots & Service i Värnamo AB,5568903438,Birger Jarlsgatan 3,331 36,Värnamo,Värnamo,4.9,2025,10,2012,,,Ny kandidat
Scandinavisk Industri & Marine International AB,5592022080,Aleslöv 6,432 97,Rolfstorp,Varberg,4.9,2025,6,2019,,,Ny kandidat
Bäckes Gräv AB,5590043823,Skönviksstrand 4,783 32,Säter,Säter,4.9,2025,1,2015,,,Ny kandidat
Sura Bemanning AB,5569180275,Stålvägen 4,735 32,Surahammar,Surahammar,4.9,2025,8,2013,,,Ny kandidat
Jordbruksförvaltning i Norje AB,5564303179,Norjevägen 27,294 76,Sölvesborg,Sölvesborg,4.9,2025,9,1991,,,Ny kandidat
Work Partner Sweden AB,5566451190,Öxnevallavägen 15,519 97,Öxnevalla,Mark,4.8,2025,4,2003,,,Ny kandidat
Human Capital Qsearch AB,5566943501,Torsgatan 13,111 23,Stockholm,Stockholm,4.8,2025,3,2005,,,Ny kandidat
Friday Mitt AB,5594675125,Åstadalsvägen 1 e,702 81,Örebro,Örebro,4.8,2025,5,2024,,,Ny kandidat
PS2 Event Service AB,5567034086,Arkitektvägen 14,149 45,Nynäshamn,Nynäshamn,4.8,2025,8,2006,,,Ny kandidat
M Lab Transport AB,5569068892,"c/o M Lab AB, Lännavägen 64",141 46,Huddinge,Huddinge,4.8,2024,23,2012,,,Ny kandidat
Take On Resource AB,5594227000,Kjugevägen 304,291 68,Fjälkinge,Kristianstad,4.8,2025,8,2023,,,Ny kandidat
Avfarten Service AB,5592143159,Stridsvagnsvägen 14,291 39,Kristianstad,Kristianstad,4.8,2025,3,2019,,,Ny kandidat
Lillens Lots & Alltjänst AB,5591978878,Skogängsvägen 88,617 32,Skärblacka,Norrköping,4.8,2025,10-19,2019,,,Ny kandidat
BSU Consulting AB,5566761002,Halmvägen 3,618 32,Kolmården,Norrköping,4.8,2025,3,2005,,,Ny kandidat
AutoZero Group AB,5593951865,Svanvägen 16 a,645 45,Strängnäs,Strängnäs,4.8,2024,4,2022,,,Ny kandidat
Repurcon AB,5592178189,Brittsandsvägen 29,771 94,Ludvika,Ludvika,4.8,2025,7,2019,,,Ny kandidat
Volgsjö Fastigheter Aktiebolag,5561926626,Industrivägen 34,912 32,Vilhelmina,Vilhelmina,4.8,2025,2,1976,,,Ny kandidat
W&P Service AB,5593689366,Kardangatan 1,904 22,Umeå,Umeå,4.8,2025,9,2022,,,Ny kandidat
JH:s Nordtransport AB,5568959588,Svedbergsgatan 19,913 31,Holmsund,Umeå,4.8,2026,9,2012,,,Ny kandidat
ATOKS Sydost AB,5591543235,"c/o MATHIAZ GOTTFRIDSSON, Gillsättra 119 a",386 95,Färjestaden,Mörbylånga,4.8,2024,3,2018,,,Ny kandidat
Westberg Skog och Mark AB,5593420911,Gottne 257,895 95,Mellansel,Örnsköldsvik,4.8,2025,2,2021,,,Ny kandidat
Modul Case Norden AB,5591096325,Jordhammar 109,444 95,Ödsmål,Stenungsund,4.7,2025,3,2017,,,Ny kandidat
Lisberg Sverige Aktiebolag,5561847418,Stortorget 11,211 22,Malmö,Malmö,4.7,2024,2,1973,,,Ny kandidat
KB Invest AB,5569011819,Gränsbovägen 3,152 42,Södertälje,Södertälje,4.7,2025,3,2012,,,Ny kandidat
Just Service Sverige AB,5590714845,Stockholms Brevboxar 1717,116 74,Stockholm,Stockholm,4.7,2025,9,2016,,,Ny kandidat
Co-Worker Consulting Partner Sweden AB,5568547466,Tredje Tvärgatan 3,802 84,Gävle,Gävle,4.7,2025,4,2011,,,Ny kandidat
Le Cagnard Hospitality AB,5595131896,Box 55719,114 83,Stockholm,Stockholm,4.7,2025,7,2024,,,Ny kandidat
KonZenta AB,5591724215,Dalagatan 100,113 43,Stockholm,Stockholm,4.7,2024,4,2018,,,Ny kandidat
AB Parts & Paomees Education Personaluthyrning,5593145567,"c/o AB Parts & Paomees, Box 4107",102 62,Stockholm,Stockholm,4.7,2025,10,2021,,,Ny kandidat
eMHå i Stockholm AB,5566341870,Marmorvägen 44,193 41,Sigtuna,Sigtuna,4.7,2023,9,2002,,,Ny kandidat
TrendPersonal Sverige Services AB,5592546880,Porsvägen 384,192 48,Sollentuna,Sollentuna,4.7,2025,4,2020,,,Ny kandidat
Hasselhagen Aktiebolag,5590079082,Granlidsvägen 17 b,436 50,Hovås,Göteborg,4.7,2025,1,2015,,,Ny kandidat
Avena Psykiatri AB,5591667653,Ormbunksvägen 10,461 55,Trollhättan,Trollhättan,4.7,2025,1,2018,,,Ny kandidat
IP System Knowledge Sverige AB,5591977490,Bäckhagsvägen 1,281 33,Hässleholm,Hässleholm,4.7,2025,7,2019,,,Ny kandidat
Byggställningar i Motala AB,5566632708,Eriksbergsgatan 5,591 45,Motala,Motala,4.7,2025,2,2004,,,Ny kandidat
Best Rail Sweden AB,5569980237,Lötängsgatan 1 a,803 01,Gävle,Gävle,4.7,2025,4,2014,,,Ny kandidat
Wilo's Entreprenad AB,5595023267,Stigaregatan 19,738 34,Norberg,Norberg,4.7,2025,4,2024,,,Ny kandidat
von Feilitzen & Partners AB,5567935746,Strandvägen 47,114 56,Stockholm,Stockholm,4.6,2025,1,2009,,,Ny kandidat
Amby Sweden AB,5593491862,Drottninggatan 33,111 51,Stockholm,Stockholm,4.6,2025,4,2021,,,Ny kandidat
Excelion AB,5595143768,Kungsgatan 9,111 43,Stockholm,Stockholm,4.6,2025,1,2025,,,Ny kandidat
Tornabäckens Assistans AB,5567073712,Korsåkersvägen 95,226 50,Lund,Lund,4.6,2025,0,2006,,,Ny kandidat
Robins Lots AB,5594908609,Kärrhöksgatan 70 a,556 12,Jönköping,Jönköping,4.6,2025,8,2024,,,Ny kandidat
IDJY AB,5593179020,Kapellgatan 1,692 72,Kumla,Kumla,4.6,2025,13,2021,,,Ny kandidat
Nordic Framtiden AB,5593290314,Diktäppevägen 16,734 36,Hallstahammar,Hallstahammar,4.6,2025,8,2021,,,Ny kandidat
Tälje Entreprenad & Bemanning AB,5595029108,Snårvägen 17,981 42,Kiruna,Kiruna,4.6,2025,6,2024,,,Ny kandidat
Wetal Lab AB,5592152465,Bondegatan 45,116 33,Stockholm,Stockholm,4.5,2025,1,2019,,,Ny kandidat
RiMa Höglandstjänster AB,5594790726,Älggatan 13 b,574 40,Vetlanda,Vetlanda,4.5,2025,3,2024,,,Ny kandidat
Matchning Link AB,5590300090,Box 30,101 20,Stockholm,Stockholm,4.5,2024,10,2015,,,Ny kandidat
Lyft1 AB,5590431499,Gävlegatan 8,113 30,Stockholm,Stockholm,4.5,2025,1,2015,,,Ny kandidat
Ksting AB,5591188551,Linnégatan 56,114 54,Stockholm,Stockholm,4.5,2025,2,2017,,,Ny kandidat
JA Kompetens AB,5568790058,Mallslingan 13,187 66,Täby,Täby,4.5,2025,3,2011,,,Ny kandidat
EQ Executive Search AB,5592603525,Sveavägen 34,111 34,Stockholm,Stockholm,4.5,2025,4,2020,,,Ny kandidat
Aeternum Holding AB,5565811485,Skandiastigen 2,182 63,Djursholm,Danderyd,4.5,2024,8,1999,,,Ny kandidat
Advokatfirman Vinge Göteborg Service Aktiebolag,5569747545,Nordstadstorget 6,411 05,Göteborg,Göteborg,4.5,2024,6,2014,,,Ny kandidat
AG Park och Miljö AB,5569607830,Borgargatan 8,117 34,Stockholm,Stockholm,4.5,2025,7,2014,,,Ny kandidat
NIXON ORTIZ BRÖDERNAS AB,5594688052,Norrgårdsvägen 55,184 36,Åkersberga,Österåker,4.5,2025,3,2024,,,Ny kandidat
IT Destination AB,5592212236,Norra Lergered Lyckebo 1,516 94,Dannike,Borås,4.5,2024,5,2019,,,Ny kandidat
GP Vårdbemanning AB,5595219659,Lagmansgatan 6 b,214 66,Malmö,Malmö,4.5,2025,1-4,2025,,,Ny kandidat
Biopotent AB,5591165443,Rabygatan 9,216 13,Limhamn,Malmö,4.5,2025,2,2017,,,Ny kandidat
Flextrans Bemanning AB,5591470249,Huskvarnavägen 40,554 54,Jönköping,Jönköping,4.5,2024,10,2018,,,Ny kandidat
LP Group AB,5591683155,Stamnared 237,432 92,Varberg,Varberg,4.5,2024,1,2018,,,Ny kandidat
Lindebrink Solutions AB,5594506635,Timotejstigen 6,611 63,Nyköping,Nyköping,4.5,2025,2,2023,,,Ny kandidat
Ljungby Gjuteriservice AB,5591827745,Berghem Mickelsgård 7,341 91,Ljungby,Ljungby,4.5,2025,0,2018,,,Ny kandidat
William Nyberg Invest AB,5565069852,Norrmalmsgatan 8 b,852 34,Sundsvall,Sundsvall,4.5,2024,7,1995,,,Ny kandidat
True Consulting & Recruitment Dalarna HR AB,5592125610,Åsgatan 26,791 71,Falun,Falun,4.4,2025,1-4,2019,,,Ny kandidat
Novant AB,5594908948,Tollareslingan 7,132 49,Saltsjö-Boo,Nacka,4.4,2025,4,2024,,,Ny kandidat
KKP Bemanning AB,5568144090,Brännkyrkagatan 36,118 22,Stockholm,Stockholm,4.4,2025,2,2010,,,Ny kandidat
JobCenter Eagleman AB,5592156763,Fersens Väg 12,211 42,Malmö,Malmö,4.4,2024,7,2019,,,Ny kandidat
I & O Consulting AB,5591231658,Kårstaby 56,186 96,Vallentuna,Vallentuna,4.4,2025,3,2017,,,Ny kandidat
HK Staffing AB,5594199787,Storkärrsvägen 32,155 91,Nykvarn,Nykvarn,4.4,2025,3,2023,,,Ny kandidat
HB Service AB,5594181827,Smedmästaregatan 2,442 34,Kungälv,Kungälv,4.4,2026,3,2023,,,Ny kandidat
FREY RECRUITMENT AB,5593393472,Fogsvansen 7,247 32,Södra Sandby,Lund,4.4,2025,0,2021,,,Ny kandidat
Collaborative Minds Sweden AB,5595020925,Grubbensringen 9 4 Tr,112 69,Stockholm,Stockholm,4.4,2025,2,2024,,,Ny kandidat
Grauja AB,5594984030,Furuvägen 12,262 70,Strövelstorp,Ängelholm,4.4,2025,20-49,2024,,,Ny kandidat
Jokr Konsult AB,5592713829,Sjöbacksvägen 7,663 44,Hammarö,Hammarö,4.4,2025,3,2020,,,Ny kandidat
Biasline Consulting AB,5569285595,Industrivägen 5,669 31,Deje,Forshaga,4.4,2025,5,2013,,,Ny kandidat
NoFatCats AB,5591196018,Torsplan 8,113 65,Stockholm,Stockholm,4.3,2025,1,2017,,,Ny kandidat
Interimakademin AB,5594064775,S:T Larsgatan 7 Lgh 1201,582 24,Linköping,Linköping,4.3,2025,0,2022,,,Ny kandidat
Elite Värdar Stockholm AB,5592118953,Ekholmsvägen 245,127 46,Skärholmen,Stockholm,4.3,2024,8,2019,,,Ny kandidat
Blomqvist HR AB,5569622755,Örtoftagatan 3,216 20,Malmö,Malmö,4.3,2025,2,2014,,,Ny kandidat
All in one Solutions AB,5594426545,Västra Vägen 52,803 24,Gävle,Gävle,4.3,2025,7,2023,,,Ny kandidat
360 Rekrytering & Interim AB,5567314587,Klarabergsviadukten 63,111 64,Stockholm,Stockholm,4.3,2025,1,2007,,,Ny kandidat
Josephson Allservice AB,5594949520,Torsgränd 30 Lgh 1001,113 61,Stockholm,Stockholm,4.3,2025,9,2024,,,Ny kandidat
FJEW Gruppen Advokater AB,5593937666,Box 5386,102 49,Stockholm,Stockholm,4.3,2025,4,2022,,,Ny kandidat
Consulta It-service AB,5567166011,"c/o VIEW.GROUP IT & COMMUNICATION, Box 17233 Sweden Ab",104 62,Stockholm,Stockholm,4.3,2025,0,2006,,,Ny kandidat
BOFLO SERVICE AB,5591970057,Palmfeltsvägen 21,121 62,Johanneshov,Stockholm,4.3,2025,9,2019,,,Ny kandidat
Xtra Bemanning i Falkenberg AB,5590618913,Marieborgsgatan 27,174 62,Sundbyberg,Sundbyberg,4.3,2025,7,2016,,,Ny kandidat
SP Gruppen AB,5593615635,Borgeråsvägen 6,428 36,Kållered,Mölndal,4.3,2025,5,2022,,,Ny kandidat
GOTEBOX AB,5593050106,Folketshusvägen 14 a,449 42,Nol,Ale,4.3,2025,8,2021,,,Ny kandidat
Anytime Group AB,5594905191,Koppargatan 6,602 23,Norrköping,Norrköping,4.3,2025,23,2024,,,Ny kandidat
Layout & Dekor Sweden AB,5564792868,Västra Storgatan 41 a,646 35,Gnesta,Gnesta,4.3,2025,6,1993,,,Ny kandidat
KL's Kvalitetsvets & Grävtjänst AB,5567547517,Rudsberg Ölme Kyrkby 2,681 95,Kristinehamn,Kristinehamn,4.3,2025,4,2008,,,Ny kandidat
Nybyn Miljö AB,5568617673,STORA MATSBO 109,775 96,Krylbo,Sala,4.3,2024,0,2011,,,Ny kandidat
Crewlearn AB,5567935118,Borevägen 17,722 31,Västerås,Västerås,4.3,2025,1-4,2009,,,Ny kandidat
Rekmatch AB,5594930470,Stormgatan 4,211 20,Malmö,Malmö,4.2,2025,6,2024,,,Ny kandidat
Prefeo AB,5594765207,Drottninggatan 32 8 Tr,111 51,Stockholm,Stockholm,4.2,2025,5,2024,,,Ny kandidat
Net2Source Global Workforce Solutions AB,5592537376,Rehnsgatan 5,113 57,Stockholm,Stockholm,4.2,2024,3,2020,,,Ny kandidat
Marinkraft Bemanning Sverige AB,5569759078,Höglundavägen 2 d,191 35,Sollentuna,Sollentuna,4.2,2025,3,2014,,,Ny kandidat
IE Maskinförare AB,5594551250,Box 90125,120 21,Stockholm,Stockholm,4.2,2025,4,2023,,,Ny kandidat
Flores Service 316 AB,5569296436,Tobaksspinnargatan 1,117 36,Stockholm,Stockholm,4.2,2025,8,2013,,,Ny kandidat
Do Step AB,5592667181,Barkvägen 4,136 73,Vendelsö,Haninge,4.2,2024,7,2020,,,Ny kandidat
Arellano Diskservice AB,5591749634,Björkbacksvägen 35 Lgh 1202,135 40,Tyresö,Tyresö,4.2,2025,8,2018,,,Ny kandidat
Vixus MC AB,5569604852,Dansbergsvägen 1,511 91,Skene,Mark,4.2,2025,2,2014,,,Ny kandidat
AB te ress,5591832018,Jula Villa Funkis 1,542 93,Mariestad,Mariestad,4.2,2025,4,2018,,,Ny kandidat
Medzwa AB,5591198097,Solhemsgatan 13,216 20,Malmö,Malmö,4.2,2025,1,2017,,,Ny kandidat
Zobia Bemanning AB,5593750697,Turebergsvägen 6,724 75,Västerås,Västerås,4.2,2025,3,2022,,,Ny kandidat
Mark & Maskinbemanning i Norr AB,5594954413,Snöfallsgatan 3,982 41,Gällivare,Gällivare,4.2,2025,4,2024,,,Ny kandidat
Ice Drift AB,5594232372,Volgsjövägen 31,912 32,Vilhelmina,Vilhelmina,4.2,2024,0,2023,,,Ny kandidat
Take Care Scandinavia AB,5566965918,Västra Älvgatan 6,211 18,Malmö,Malmö,4.1,2025,2,2006,,,Ny kandidat
Rutinera i Sundsvall AB,5568406515,Sjögatan 2,852 31,Sundsvall,Sundsvall,4.1,2025,6,2011,,,Ny kandidat
Mero Rekrytering AB,5591191860,Jungmansgatan 12,211 11,Malmö,Malmö,4.1,2025,6,2017,,,Ny kandidat
Jobbstjärnan AB,5593723934,Skolgatan 36,413 02,Göteborg,Göteborg,4.1,2024,1,2022,,,Ny kandidat
TF Vårdtjänst AB,5592090772,Långseleringen 36,162 53,Vällingby,Stockholm,4.1,2025,1,2019,,,Ny kandidat
Sandersson SV AB,5594034869,Hökmossevägen 68 Lgh 1302,126 42,Hägersten,Stockholm,4.1,2025,8,2022,,,Ny kandidat
MP Sekure Stockholm AB,5592375793,Box 217,116 74,Stockholm,Stockholm,4.1,2025,2,2020,,,Ny kandidat
Amplius Field Service Group AB,5591297139,Rörstrandsgatan 32,113 40,Stockholm,Stockholm,4.1,2025,5,2017,,,Ny kandidat
Actors in Sweden AB,5590432331,Erstagatan 5,116 28,Stockholm,Stockholm,4.1,2025,4,2015,,,Ny kandidat
Farma Mia AB,5591296487,Bergavägen 24,141 69,Huddinge,Huddinge,4.1,2025,2,2017,,,Ny kandidat
Licato Holding AB,5564978129,Kindsvägen 44,512 50,Svenljunga,Svenljunga,4.1,2025,7,1994,,,Ny kandidat
ACES Eventbemanning AB,5569257420,Järngatan 31,234 35,Lomma,Lomma,4.1,2024,5,2013,,,Ny kandidat
Hagatrion AB,5591566558,Hallonstigen 26,605 70,Svärtinge,Norrköping,4.1,2025,5,2018,,,Ny kandidat
KOJ Bergbom AB,5569668006,Kungsängsvägen 27,561 51,Huskvarna,Jönköping,4.1,2026,3,2014,,,Ny kandidat
Bewes entreprenad AB,5593781858,Fogdevägen 9,682 31,Filipstad,Filipstad,4.1,2025,4,2022,,,Ny kandidat
Shawkat Fastigheter AB,5569103160,Helgenäsvägen 26,594 75,Edsbruk,Västervik,4.1,2024,10,2012,,,Ny kandidat
UU Brand & Recruit AB,5567879910,Tegnérgatan 40,113 59,Stockholm,Stockholm,4,2025,3,2009,,,Ny kandidat
Sodajo Consulting AB,5594908294,Drottninggatan 38,411 07,Göteborg,Göteborg,4,2025,8,2024,,,Ny kandidat
STEPTEAM LJI AB,5592620255,Bergsgatan 25,211 54,Malmö,Malmö,4,2025,4,2020,,,Ny kandidat
Insikta AB,5568112899,Norra Vallgatan 72 4tr,211 22,Malmö,Malmö,4,2025,2,2010,,,Ny kandidat
Gabert&Partners AB,5566964101,Drejarvägen 2,761 63,Norrtälje,Norrtälje,4,2025,4,2006,,,Ny kandidat
10 Ton Rekrytering AB,5566282884,Birger Jarlsgatan 2,114 34,Stockholm,Stockholm,4,2025,1,2002,,,Ny kandidat
Konsultkuriren AB,5593333296,Dalagatan 20 a,113 24,Stockholm,Stockholm,4,2024,0,2021,,,Ny kandidat
Engström bemanning AB,5590463351,Gyllenstiernsgatan 8,115 26,Stockholm,Stockholm,4,2025,4,2015,,,Ny kandidat
Sweajobb Arbetsförmedling AB,5590057294,Mässans Gata 10,412 51,Göteborg,Göteborg,4,2025,1,2015,,,Ny kandidat
Göteborgs Orientdriv AB,5569920068,Stomvägen 20 b,449 30,Nödinge,Ale,4,2024,4,2014,,,Ny kandidat
SSB Bygg AB,5590381959,Teknikvägen 14,246 43,Löddeköpinge,Kävlinge,4,2025,2,2015,,,Ny kandidat
Jobbman AB,5567248785,Olsgårdsgatan 13 c,215 79,Malmö,Malmö,4,2025,1,2007,,,Ny kandidat
Husgruppen Bemanning AB,5567279293,Vramsvägen 18,265 32,Åstorp,Åstorp,4,2024,8,2007,,,Ny kandidat
Livia Consulting AB,5567555486,Breviksvägen 55 a,575 36,Eksjö,Eksjö,4,2025,5,2008,,,Ny kandidat
Grönberg & Wahlström Company AB,5591751671,Kattfotsvägen 2,982 35,Gällivare,Gällivare,4,2025,1,2018,,,Ny kandidat
Faciendum AB,5569680431,Nässom 302,872 96,Bjärtrå,Kramfors,4,2025,5,2014,,,Ny kandidat
ÖTL AB,5594561358,Sjögatan 4,891 60,Örnsköldsvik,Örnsköldsvik,3.9,2025,1,2023,,,Ny kandidat
Talent & Partner AB,5568811763,Birger Jarlsgatan 8 5 Tr,114 34,Stockholm,Stockholm,3.9,2025,4,2012,,,Ny kandidat
Scandinavian Institute for International Work and Studies in Malmö AB,5564997277,Davidshallsgatan 28 3tr,211 45,Malmö,Malmö,3.9,2024,4,1995,,,Ny kandidat
People360 AB,5569795288,Sveavägen 34,111 34,Stockholm,Stockholm,3.9,2025,1,2014,,,Ny kandidat
Knack Rekrytering AB,5591826671,Västerlånggatan 28,111 29,Stockholm,Stockholm,3.9,2025,3,2018,,,Ny kandidat
Ideal BM AB,5593902553,Handenterminalen 5,136 40,Handen,Haninge,3.9,2025,3,2022,,,Ny kandidat
Heim Executive AB,5591465579,Nordenskiöldsgatan 24,211 19,Malmö,Malmö,3.9,2025,1-4,2018,,,Ny kandidat
Farma Kraft AB,5592253305,Sibeliusgången 40 Lgh 1302,164 72,Kista,Stockholm,3.9,2024,3,2019,,,Ny kandidat
Event Horizon Consultants AB,5591659080,Kungsgatan 12,111 35,Stockholm,Stockholm,3.9,2025,1,2018,,,Ny kandidat
The Kitchenstaff Sverige AB,5594742651,Arvikagatan 31,123 43,Farsta,Stockholm,3.9,2025,8,2024,,,Ny kandidat
Staff by Five Moments AB,5593449753,Högbergsgatan 50,118 26,Stockholm,Stockholm,3.9,2024,6,2021,,,Ny kandidat
J2 Uthyrning AB,5591106025,Ölandsgatan 45 b,116 63,Stockholm,Stockholm,3.9,2024,6,2017,,,Ny kandidat
Globe Consulting International Sweden AB,5566067889,Idungatan 1 a,113 45,Stockholm,Stockholm,3.9,2025,1,2001,,,Ny kandidat
Prince PharmaCare AB,5592428147,Backslingan 7,142 63,Trångsund,Huddinge,3.9,2025,2,2020,,,Ny kandidat
Pontos Bemanning och Byggstäd AB,5594215104,Snapphanevägen 108,177 54,Järfälla,Järfälla,3.9,2025,1-4,2023,,,Ny kandidat
Logster AB,5594385915,Kristinavägen 34,131 50,Saltsjö-Duvnäs,Nacka,3.9,2025,9,2023,,,Ny kandidat
Céwe Bemanning AB,5594403163,Huddingevägen 305,141 37,Huddinge,Huddinge,3.9,2025,5,2023,,,Ny kandidat
Bygg och Försäljningsbolaget Sverige AB,5569470189,Minos Väg 6,134 27,Gustavsberg,Värmdö,3.9,2025,1,2013,,,Ny kandidat
Göteborgs Byggresurs AB,5593405300,Skeddalsvägen 9,423 43,Torslanda,Göteborg,3.9,2025,3,2021,,,Ny kandidat
Xaga Surgical AB,5590694617,Alnarpsgatan 81,256 67,Helsingborg,Helsingborg,3.9,2025,3,2016,,,Ny kandidat
Lasotex Aktiebolag,5562423227,Margaretagatan 6 b,614 32,Söderköping,Söderköping,3.9,2025,6,1984,,,Ny kandidat
COJL AB,5568777485,Krokek Skinnarbo 1,618 33,Kolmården,Norrköping,3.9,2025,5,2011,,,Ny kandidat
FJ Bemanning AB,5592235377,Björkö 7 d,611 92,Nyköping,Nyköping,3.9,2025,3,2019,,,Ny kandidat
Palovaara Industriservice AB,5593033441,Ovansjövägen 221 Lgh 1001,812 93,Kungsgården,Sandviken,3.9,2024,5,2021,,,Ny kandidat
Deje Bemannings AB,5590545462,Bromsgatan 5,653 41,Karlstad,Karlstad,3.9,2024,9,2016,,,Ny kandidat
Mindmatch Bemanning & Rekrytering AB,5595038695,Vetterslundsgatan 6,724 62,Västerås,Västerås,3.9,2025,3,2024,,,Ny kandidat
Örnabben bemanning AB,5592378086,Banvägen 9,973 46,Luleå,Luleå,3.9,2025,3,2020,,,Ny kandidat
M6 i Rörön AB,5590199278,Östansjö 256,845 52,Åsarna,Berg,3.9,2024,0,2015,,,Ny kandidat
Searching For Talents AB,5592778103,Tredje Tvärgatan 3,802 84,Gävle,Gävle,3.8,2025,0,2020,,,Ny kandidat
Muxator AB,5565429031,Djupdalsvägen 94,167 72,Bromma,Stockholm,3.8,2025,1,1997,,,Ny kandidat
Gritify AB,5592059199,Regeringsgatan 80,111 39,Stockholm,Stockholm,3.8,2024,4,2019,,,Ny kandidat
Franklin Recruit AB,5594928391,Strandbergsgatan 51 1tr,112 51,Stockholm,Stockholm,3.8,2025,2,2024,,,Ny kandidat
The Way Bemanning AB,5594171315,Advokatbacken 8,145 55,Norsborg,Botkyrka,3.8,2024,6,2023,,,Ny kandidat
OPP Objekt Produktion Personal AB,5593611717,Svartviksringen 12,133 36,Saltsjöbaden,Nacka,3.8,2025,4,2022,,,Ny kandidat
AB Vårdlänken Bemanning & Rekrytering,5568387897,Mörbyvägen 3,182 73,Stocksund,Danderyd,3.8,2025,8,2011,,,Ny kandidat
M bemanning AB,5594106725,Norra Ågatan 30,431 35,Mölndal,Mölndal,3.8,2025,2,2022,,,Ny kandidat
E20 Lager och bemanning AB,5594372699,Stockholmsvägen 55,447 91,Vårgårda,Vårgårda,3.8,2025,6,2023,,,Ny kandidat
Expertiss AB,5566864780,Kocks Väg 7 g,611 38,Nyköping,Nyköping,3.8,2025,3,2005,,,Ny kandidat
Hälsinge Maskinkonsult AB,5593759441,Klösbo Sjövästavägen 61,827 94,Ljusdal,Ljusdal,3.8,2025,2,2022,,,Ny kandidat
Nordic BR Norr AB,5592371370,Kyrkogatan 16 b,852 31,Sundsvall,Sundsvall,3.8,2025,10,2020,,,Ny kandidat
hands on crew AB,5593946717,Folkungagatan 20,532 35,Skara,Skara,3.7,2025,1,2022,,,Ny kandidat
Jobblyftet AB,5592022692,Box 3514,103 69,Stockholm,Stockholm,3.7,2025,5,2019,,,Ny kandidat
Helhetsguiden AB,5590466313,Västra Sjögatan 39,392 48,Kalmar,Kalmar,3.7,2025,2,2016,,,Ny kandidat
Fredrik Roxenius AB,5567151302,Vildgåsvägen 19,271 71,Nybrostrand,Ystad,3.7,2025,1,2006,,,Ny kandidat
TBC Stockholm AB,5594744798,Olshammarsgatan 7,124 75,Bandhagen,Stockholm,3.7,2025,0,2024,,,Ny kandidat
Markus Fors AB,5594843434,Bladvägen 14,462 60,Vänersborg,Vänersborg,3.7,2025,2,2024,,,Ny kandidat
Aveny Riv & Sanering i Göteborg AB,5593799611,Götabergsgatan 2,411 34,Göteborg,Göteborg,3.7,2024,6,2022,,,Ny kandidat
STL Uppsala AB,5569802068,Hällbygatan 34 b,752 28,Uppsala,Uppsala,3.7,2025,1,2014,,,Ny kandidat
Kvadraten i Uppsala AB,5593025264,Kungsgatan 62,753 41,Uppsala,Uppsala,3.7,2025,1,2021,,,Ny kandidat
VJM Service AB,5569454332,Karaby Stora Skattegård 1,333 73,Bredaryd,Gislaved,3.7,2024,2,2013,,,Ny kandidat
Yosef Svenska Transporter AB,5593997793,Smedvägen 10,302 65,Halmstad,Halmstad,3.7,2025,2,2022,,,Ny kandidat
Nicolas Konsult AB,5590502950,Stadsvägen 24,703 65,Örebro,Örebro,3.7,2025,2,2016,,,Ny kandidat
Nord Kommendering AB,5591725790,Solvägen 7,982 39,Gällivare,Gällivare,3.7,2025,5,2018,,,Ny kandidat
Bandsjö Schakt & Maskin AB,5592714736,Bygeln 8,984 33,Korpilombolo,Pajala,3.7,2025,2,2020,,,Ny kandidat
Viveka Holm Rekrytering och Interim management AB,5591174098,Mauritz Stillers Väg 12,169 40,Solna,Solna,3.6,2025,1,2017,,,Ny kandidat
VIOCHNI AB,5567794192,Titanvägen 2,371 50,Karlskrona,Karlskrona,3.6,2025,3,2009,,,Ny kandidat
Process Talent Sweden AB,5569359549,Textilgatan 31,120 30,Stockholm,Stockholm,3.6,2025,2,2013,,,Ny kandidat
Mployed Sweden AB,5594015231,Kabbarps Smedjeväg 16,232 52,Åkarp,Staffanstorp,3.6,2025,1,2022,,,Ny kandidat
M Möjligheternas Plats AB,5591296388,Box 140,191 22,Sollentuna,Sollentuna,3.6,2025,3,2017,,,Ny kandidat
Fortem HC i Stockholm AB,5569417321,Box 3482,103 69,Stockholm,Stockholm,3.6,2024,2,2013,,,Ny kandidat
MR Motor AB,5593002057,Grantoppsgränd 86,165 77,Hässelby,Stockholm,3.6,2026,2,2021,,,Ny kandidat
Montagelogistik Nordic AB,5593858359,Elektronikhöjden 6,175 43,Järfälla,Järfälla,3.6,2025,0,2022,,,Ny kandidat
Miljö partner i Stockholm AB,5566451737,Parmvägen 10 a,187 53,Täby,Täby,3.6,2025,6,2003,,,Ny kandidat
Bemanning AB Kapsylen,5593373706,Skarpövägen 14,132 38,Saltsjö-Boo,Nacka,3.6,2025,6,2021,,,Ny kandidat
Wiloria AB,5593382772,Svenseröd 164,463 93,Västerlanda,Lilla Edet,3.6,2025,1,2021,,,Ny kandidat
Vartofta MaskinTjänst AB,5593920118,Vartofta-Åsaka Bergängen,521 97,Vartofta,Falköping,3.6,2025,1-4,2022,,,Ny kandidat
VM Bemanning AB,5569669970,Åbogatan 24,256 56,Helsingborg,Helsingborg,3.6,2024,5,2014,,,Ny kandidat
ALBFLEX AB,5566776372,Sandgatan 2 b,582 38,Linköping,Linköping,3.6,2024,7,2005,,,Ny kandidat
Olsson Solutions i Jönköping AB,5595166413,Lillgatan 12,554 51,Jönköping,Jönköping,3.6,2025,13,2025,,,Ny kandidat
PL Ställningsmontage AB,5591621627,Mälbyvägen 79,644 36,Torshälla,Eskilstuna,3.6,2025,4,2018,,,Ny kandidat
Win X energi AB,5568284482,Bomled 2,786 91,Vansbro,Vansbro,3.6,2025,6,2010,,,Ny kandidat
Tronelius mek och mark AB,5569200156,Skolgatan 15 a,817 30,Norrsundet,Gävle,3.6,2025,1,2013,,,Ny kandidat
MK Konsult i Tväråträsk Aktiebolag,5566945597,Helsingfors 11,921 92,Lycksele,Lycksele,3.6,2025,4,2005,,,Ny kandidat
Össjö industri och mekaniska AB,5595156356,Killeboda 3,341 91,Ljungby,Ljungby,3.6,2025,0,2025,,,Ny kandidat
Resurs Och Rekrytering i Sverige AB,5569062192,"c/o Växjö Nya Trafikskola AB, Kronobergsgatan 14",352 33,Växjö,Växjö,3.6,2025,6,2012,,,Ny kandidat
E.M Solutions AB,5567730618,Örnsköldsgatan 16 a Lgh 1001,891 32,Örnsköldsvik,Örnsköldsvik,3.6,2025,4,2008,,,Ny kandidat
MNC AB,5594076274,Skräddarvägen 8,837 41,Mörsil,Åre,3.6,2025,2,2022,,,Ny kandidat
XLSP Sweden AB,5591576557,Dukagången 5,373 51,Ramdala,Karlskrona,3.5,2025,0,2018,,,Ny kandidat
Women Ahead AB,5591049415,Parkvägen 19,169 35,Solna,Solna,3.5,2025,2,2017,,,Ny kandidat
The Specialist Group Nordics AB,5593860470,Kvarnbergsgatan 2,411 05,Göteborg,Göteborg,3.5,2024,0,2022,,,Ny kandidat
Svensk Personalförsörjning i Strängnäs AB,5591213680,Finkmossvägen 150,147 34,Tumba,Botkyrka,3.5,2024,6,2017,,,Ny kandidat
Solum Search AB,5593116089,Andekärr 228,459 94,Ljungskile,Uddevalla,3.5,2024,2,2021,,,Ny kandidat
Multisales Sweden AB,5590243142,Aschebergsgatan 15,411 27,Göteborg,Göteborg,3.5,2025,2,2015,,,Ny kandidat
MIRA Kompetens AB,5592780992,Mandolingatan 19,421 45,Västra Frölunda,Göteborg,3.5,2025,4,2020,,,Ny kandidat
LinQs Jobbcenter AB,5592933195,Köpmangatan 46,702 23,Örebro,Örebro,3.5,2024,8,2020,,,Ny kandidat
Jobtip Group AB,5569318339,Otterhällegatan 1 3tr,411 18,Göteborg,Göteborg,3.5,2025,3,2013,,,Ny kandidat
Ethel Executive AB,5593402281,Norra Vallgatan 68 3 Vån,211 22,Malmö,Malmö,3.5,2025,2,2021,,,Ny kandidat
Concea AB,5591537757,Stora Mossens Backe 24,167 56,Bromma,Stockholm,3.5,2025,3,2018,,,Ny kandidat
Artemis Recruit AB,5592879596,Stavgårdsgatan 69,167 56,Bromma,Stockholm,3.5,2025,2,2020,,,Ny kandidat
AS Bemanning AB,5593078420,Traktorvägen 6 b,226 60,Lund,Lund,3.5,2025,4,2021,,,Ny kandidat
World Clean Service i Stockholm AB,5568462112,Box 11112,100 61,Stockholm,Stockholm,3.5,2025,6,2011,,,Ny kandidat
Bussbemanning i Sthlm AB,5568108129,Edövägen 2,132 54,Saltsjö-Boo,Nacka,3.5,2025,4,2010,,,Ny kandidat
Vattenkompaniet Göteborg AB,5594177577,Kungsportsavenyen 18,411 36,Göteborg,Göteborg,3.5,2025,8,2023,,,Ny kandidat
Stora Höga Lastbilsaktiebolag,5563049435,Brålandsvägen 44 Stora Höga Industriområde,444 60,Stora Höga,Stenungsund,3.5,2025,7,1987,,,Ny kandidat
Ultimata Sverige AB,5593935231,Industrigatan 68,261 35,Landskrona,Landskrona,3.5,2025,7,2022,,,Ny kandidat
Zetterstedt Företagsutveckling AB,5569289845,Finspångsvägen 674,605 84,Svärtinge,Norrköping,3.5,2025,3,2013,,,Ny kandidat
REKLAMIDÉ Skyltgrossisten i Karlstad AB,5563771681,Gräsdalsgatan 6,653 36,Karlstad,Karlstad,3.5,2024,3,1989,,,Ny kandidat
Hedgrens Byggkranar AB,5568330327,Vävaregatan 16,665 32,Kil,Kil,3.5,2025,2,2010,,,Ny kandidat
T.Production AB,5593759979,Rimfrostgatan 70,982 41,Gällivare,Gällivare,3.5,2025,2,2022,,,Ny kandidat
MJS Bemanning AB,5594717083,Erkheikki 34,984 91,Pajala,Pajala,3.5,2025,1-4,2024,,,Ny kandidat
PL Logistik & Entreprenad i Oskarshamn AB,5591534887,Syrenvägen 21,572 31,Oskarshamn,Oskarshamn,3.5,2025,1,2018,,,Ny kandidat
Vemrike Fastigheter AB,5592198377,Karl Xi:S Väg 27,846 71,Vemdalen,Härjedalen,3.5,2025,0,2019,,,Ny kandidat
PP Sweden AB,5594304007,Olof Palmes Gata 29 4 Vån,111 22,Stockholm,Stockholm,3.4,2025,1,2023,,,Ny kandidat
Naglar & Skönhet i Stockholm AB,5592212392,Stångholmsbacken 46,127 40,Skärholmen,Stockholm,3.4,2025,4,2019,,,Ny kandidat
Jobb Store i Sverige AB,5590460282,Stormbyvägen 2-4,163 55,Spånga,Stockholm,3.4,2025,4,2015,,,Ny kandidat
GA Lots AB,5568420052,Golfrundan 1 g,352 49,Växjö,Växjö,3.4,2025,8,2011,,,Ny kandidat
ETUNA TRANS AB,5591572523,Kungsgatan 63,632 21,Eskilstuna,Eskilstuna,3.4,2025,1-4,2018,,,Ny kandidat
ELK Konsult AB,5569725491,Byle Allé 14,187 73,Täby,Täby,3.4,2025,1-4,2014,,,Ny kandidat
AB Effektiv Matchning,5560805896,Skaraborgsvägen 1 b,506 30,Borås,Borås,3.4,2025,4,1961,,,Ny kandidat
2solve AB,5593970048,Erik Dahlbergsgatan 10,211 48,Malmö,Malmö,3.4,2025,2,2022,,,Ny kandidat
4W FORWARD LIAISON GROUP AB,5592846678,Söderhagsvägen 23 a,136 49,Vega,Haninge,3.4,2025,1-4,2020,,,Ny kandidat
JPPS Ytteknik och Underhåll AB,5592863228,Kurödsvägen 24 c,451 55,Uddevalla,Uddevalla,3.4,2025,6,2020,,,Ny kandidat
Bygginväst Götaland AB,5566441209,Europavägen 3,512 91,Sexdrega,Svenljunga,3.4,2025,1,2003,,,Ny kandidat
Agrotjänst V:a Skaraborg AB,5565704292,Norra Vånga Stora Holmen 1,535 93,Kvänum,Vara,3.4,2025,5,1999,,,Ny kandidat
Hulterstad Bemanning AB,5594809898,Hulterstad Egendom,595 92,Mjölby,Mjölby,3.4,2025,10,2024,,,Ny kandidat
Hjälmared Ställning & Fasad AB,5568123813,Älvsåkersvägen 648,434 99,Kungsbacka,Kungsbacka,3.4,2025,2,2010,,,Ny kandidat
Truck Transport Bemanning & Bygg i Gästrikland AB,5566611645,"c/o Svenska Standardbolag AB, Box 292",791 27,Falun,Falun,3.4,2025,7,2004,,,Ny kandidat
Ledigo AB,5566784277,Ritargatan 6,781 70,Borlänge,Borlänge,3.4,2025,3,2005,,,Ny kandidat
TEGMA Entreprenad AB,5594932567,Storvägen 181,917 93,Lajksjöberg,Dorotea,3.4,2025,1-4,2024,,,Ny kandidat
Senioruthyrning i Sweden AB,5567641880,Kungsgatan 95,903 31,Umeå,Umeå,3.4,2025,8,2008,,,Ny kandidat
JJ Handel & Drift AB,5593150476,Hästgatan 10,621 56,Visby,Gotland,3.4,2025,3,2021,,,Ny kandidat
Your Talent AB,5590858154,Södra Hamngatan 25,411 14,Göteborg,Göteborg,3.3,2025,1,2016,,,Ny kandidat
Stumbly AB,5591328868,Riksvägen 81,371 60,Lyckeby,Karlskrona,3.3,2025,3,2017,,,Ny kandidat
Ryati AB,5590419130,Engelbrektsvägen 47,177 51,Järfälla,Järfälla,3.3,2024,6,2015,,,Ny kandidat
Reperio Search AB,5568164106,Byängsgränd 14 3tr,120 40,Årsta,Stockholm,3.3,2025,2,2010,,,Ny kandidat
One Academy Consulting & Recruitment AB,5590526744,Arenavägen 61,121 28,Stockholm-Globen,Stockholm,3.3,2025,3,2016,,,Ny kandidat
Northern Insights AB,5594698994,"c/o ROBERT WIJK, Box 70396 Klarabergsviadukten 70",107 24,Stockholm,Stockholm,3.3,2025,0,2024,,,Ny kandidat
NP Time Invest AB,5591210850,Barlastgatan 7,593 31,Västervik,Västervik,3.3,2025,2,2017,,,Ny kandidat
Lansera AB,5565182523,Jungfrugatan 6,114 44,Stockholm,Stockholm,3.3,2024,3,1995,,,Ny kandidat
Kaafi jobbförmedling AB,5592539430,Hisingsgatan 28,417 03,Göteborg,Göteborg,3.3,2022,8,2020,,,Ny kandidat
Ek Simberg Medicin & Omvårdnad AB,5590708342,Styrsögatan 21,257 30,Rydebäck,Helsingborg,3.3,2025,2,2016,,,Ny kandidat
Delta Workforce AB,5593769580,Plommongatan 2,212 31,Malmö,Malmö,3.3,2025,8,2022,,,Ny kandidat
Emerald Technology Consulting AB,5594830449,Vasagatan 28,111 20,Stockholm,Stockholm,3.3,2025,0,2024,,,Ny kandidat
Max Points Bemanning AB,5591763379,Gustafsvägen 7 Lgh 001,169 58,Solna,Solna,3.3,2025,7,2018,,,Ny kandidat
MICE & ME AB,5565376356,"c/o Compro, Box 18",182 05,Djursholm,Danderyd,3.3,2025,3,1997,,,Ny kandidat
JDT Bemanning AB,5594327586,Hantverkarvägen 23 b,136 44,Handen,Haninge,3.3,2025,14,2023,,,Ny kandidat
Eeze Consulting AB,5590514393,Gårdsvägen 8,169 70,Solna,Solna,3.3,2025,3,2016,,,Ny kandidat
BL Flytt och Allservice AB,5592548704,Storvretsvägen 69,142 31,Skogås,Huddinge,3.3,2025,3,2020,,,Ny kandidat
Medical Avenue Good Health Group AB,5594133067,Salviagatan 10,271 38,Ystad,Ystad,3.3,2025,2,2022,,,Ny kandidat
Mechweld Sweden AB,5592983117,Torparebacken 2,291 55,Arkelstorp,Kristianstad,3.3,2025,1-4,2021,,,Ny kandidat
Gnosjö Personaluthyrning AB,5566058094,Läroverksgatan 4,335 32,Gnosjö,Gnosjö,3.3,2024,6,2001,,,Ny kandidat
Scr Consulting AB,5595003269,Södra Rådmansgatan 1,802 51,Gävle,Gävle,3.3,2025,2,2024,,,Ny kandidat
Gigoxo AB,5592877772,Smultronvägen 16,821 35,Bollnäs,Bollnäs,3.3,2023,1,2020,,,Ny kandidat
Fagerhov Invest AB,5594172222,Järnvägsgatan 5,822 30,Alfta,Ovanåker,3.3,2025,1,2023,,,Ny kandidat
JN Nord AB,5593822314,Amorstigen 14,983 34,Malmberget,Gällivare,3.3,2025,2,2022,,,Ny kandidat
Nordic Robot Mowing AB,5590524657,Västerbacke 117,894 95,Moliden,Örnsköldsvik,3.3,2025,2,2016,,,Ny kandidat
Jonas Granat AB,5569798688,Skogsvägen 6,471 98,Fagerfjäll,Tjörn,3.2,2025,2,2014,,,Ny kandidat
Elvung Consulting AB,5591423651,Årdalavägen 90,125 40,Älvsjö,Stockholm,3.2,2025,1,2017,,,Ny kandidat
YOMSONAH CARE AB,5593099624,Söderberga Allé 42,168 62,Bromma,Stockholm,3.2,2025,2,2021,,,Ny kandidat
Sankt Eriks Läkarmottagning AB,5568602998,Fleminggatan 69,123 32,Farsta,Stockholm,3.2,2024,1,2011,,,Ny kandidat
Gabriel Barmasi Holding AB,5593529349,Adolf Fredriks Kyrkogata 3,111 37,Stockholm,Stockholm,3.2,2025,4,2021,,,Ny kandidat
Checkit Health Care AB,5567919112,Paternostervägen 29-31,121 49,Johanneshov,Stockholm,3.2,2025,2,2009,,,Ny kandidat
Babasi Production AB,5590012679,Ljusstöparbacken 1 Lgh 2005,117 65,Stockholm,Stockholm,3.2,2025,1,2015,,,Ny kandidat
MD Park AB,5590405600,"c/o Box264, Stora Marknadsvägen 15",183 34,Täby,Täby,3.2,2023,2,2015,,,Ny kandidat
X9 Marketing AB,5595204511,Box 104,424 23,Angered,Göteborg,3.2,2025,2,2025,,,Ny kandidat
Marcus Kårebrand AB,5594719071,Barkvägen 7 a,451 34,Uddevalla,Uddevalla,3.2,2025,3,2024,,,Ny kandidat
LB Resurs AB,5568439623,Skaraborgsvägen 21,506 30,Borås,Borås,3.2,2025,2,2011,,,Ny kandidat
Adelej AB,5592513864,Krokens Väg 80,435 42,Mölnlycke,Härryda,3.2,2025,4,2020,,,Ny kandidat
Tedkomp AB,5566406434,Basunvägen 3,237 42,Bjärred,Lomma,3.2,2024,3,2003,,,Ny kandidat
Rada Entreprenad AB,5591808117,Södra Rörum 4806,242 94,Hörby,Hörby,3.2,2025,2,2018,,,Ny kandidat
Maxistans AB,5567666911,Stationsgatan 22,244 33,Kävlinge,Kävlinge,3.2,2025,5,2008,,,Ny kandidat
Elit bilhandel syd AB,5569574204,Box 2,234 21,Lomma,Lomma,3.2,2025,1,2014,,,Ny kandidat
Agito Nordic AB,5592506785,Neptunigatan 52,211 18,Malmö,Malmö,3.2,2025,3,2020,,,Ny kandidat
Berget Logistik AB,5569993842,Box 23027,750 23,Uppsala,Uppsala,3.2,2025,9,2015,,,Ny kandidat
PMM Värnamo AB,5593688145,Mosslelundsgränd 82,331 33,Värnamo,Värnamo,3.2,2025,2,2022,,,Ny kandidat
Knetens Mek & Montage AB,5591260343,Västra Trösten 168,829 51,Bergsjö,Nordanstig,3.2,2025,4,2017,,,Ny kandidat
E.C. FASTIGHETSSTÄD AB,5591709810,Sannerudsgatan 20,665 30,Kil,Kil,3.2,2025,5,2018,,,Ny kandidat
GM Bemanning AB,5595235770,Vildrosgatan 42,722 44,Västerås,Västerås,3.2,2025,12,2025,,,Ny kandidat
JK Koncept AB,5592662745,Östra Spöland 35,911 92,Vännäs,Vännäs,3.2,2025,2,2020,,,Ny kandidat
Holm IndustriSolutions AB,5593100273,Kassjöbergsvägen 19,913 32,Holmsund,Umeå,3.2,2024,3,2021,,,Ny kandidat
Wermelin's transport AB,5591678494,Januarivägen 10 Lgh 1202,863 35,Sundsbruk,Sundsvall,3.2,2025,1,2018,,,Ny kandidat
Veteranresursen i Skåne AB,5568352537,Berga 413,241 91,Eslöv,Eslöv,3.1,2025,20-49,2010,,,Ny kandidat
UNQ Recruitment AB,5594792441,"c/o Nina Sejdini, Tgs 389-N Billo",106 46,Stockholm,Stockholm,3.1,2025,1,2024,,,Ny kandidat
SpottingMe AB,5569962698,Scaniaplatsen 17,211 17,Malmö,Malmö,3.1,2025,1,2014,,,Ny kandidat
PRS Talent AB,5592751662,Skanstorget 4 a,411 22,Göteborg,Göteborg,3.1,2025,3,2020,,,Ny kandidat
Jakkal Resourcing AB,5592402670,Glasgatan 19 b,731 30,Köping,Köping,3.1,2025,4,2020,,,Ny kandidat
Fincruit AB,5594471921,Norrlandsgatan 10,111 43,Stockholm,Stockholm,3.1,2025,3,2023,,,Ny kandidat
Eleonor Sjunnevik Recruitment & Coaching AB,5569554347,Rörstrandsgatan 29,113 41,Stockholm,Stockholm,3.1,2025,5,2013,https://www.escoaching.se/,,Ny kandidat
CBB Sverige AB,5591553754,"c/o ADVOKAT HENRIC KÄLLÉN, Fristadstorget 1",632 19,Eskilstuna,Eskilstuna,3.1,2023,0,2018,,,Ny kandidat
Beyondo AB,5590975131,Karlavägen 5,114 24,Stockholm,Stockholm,3.1,2025,3,2017,,,Ny kandidat
AJ konsult syd AB,5593151706,"c/o Advokatfirman Lisbeth Braathe, Kalendegatan 18",211 35,Malmö,Malmö,3.1,2022,0,2021,,,Ny kandidat
SBZ Group AB,5591212336,Box 90315,120 25,Stockholm,Stockholm,3.1,2025,5,2017,,,Ny kandidat
Miraclean Stockholm AB,5594256231,Viggengatan 7 c,177 45,Järfälla,Järfälla,3.1,2025,5,2023,,,Ny kandidat
DAHRNÉ GRUPPEN AB,5567775332,Becksjudarvägen 49,131 36,Nacka,Nacka,3.1,2025,5,2009,,,Ny kandidat
Speed Impacta AB,5592396310,Hantverkaregatan 6 a Lgh 1001,463 30,Lilla Edet,Lilla Edet,3.1,2025,8,2020,,,Ny kandidat
MS Personalservice AB,5590161344,Salängsgatan 7,514 43,Länghem,Tranemo,3.1,2025,8,2015,,,Ny kandidat
Guardsec Services AB,5593892036,Teknikringen 1 f,583 30,Linköping,Linköping,3.1,2025,5,2022,,,Ny kandidat
Faster Vera's armé Aktiebolag,5567575658,Hantverkargatan 4,740 45,Tärnsjö,Heby,3.1,2025,3,2008,,,Ny kandidat
Kreativ Bemanningspartner i Nässjö AB,5594750407,Björnbärsvägen 44,571 37,Nässjö,Nässjö,3.1,2024,5,2024,,,Ny kandidat
AB Farmartjänst Entreprenad & Bemanning i Avesta,5592507882,Rotorvägen 17,771 42,Ludvika,Ludvika,3.1,2025,1,2020,,,Ny kandidat
Procruitment AB,5591727374,Södra Kyrkogatan 6,652 24,Karlstad,Karlstad,3.1,2024,0,2018,,,Ny kandidat
Fixar'n i Arjeplog AB,5565865911,Industrivägen 6,938 32,Arjeplog,Arjeplog,3.1,2025,1,2000,,,Ny kandidat
Bara En Minut AB,5568938541,Innimarksvägen 140,944 32,Hortlax,Piteå,3.1,2025,1,2012,,,Ny kandidat
CB-Resurs AB,5568688161,Framtidsvägen 10,352 22,Växjö,Växjö,3.1,2025,3,2011,,,Ny kandidat
ehandelsgruppen GLM AB,5591672950,Baltzarsgatan 18 Vån 2,211 36,Malmö,Malmö,3,2025,1,2018,,,Ny kandidat
Wilja Arbetsrehab AB,5567235436,Bergsbrunnagatan 18,753 23,Uppsala,Uppsala,3,2025,2,2007,,,Ny kandidat
TQ Academy AB,5594140948,Pappersbruksallén 1 a,702 15,Örebro,Örebro,3,2025,3,2022,,,Ny kandidat
Romney & Rudberg Talent Search AB,5562396662,Strandvägen 7 a,114 56,Stockholm,Stockholm,3,2025,2,1984,,,Ny kandidat
PowerXec AB,5591544860,Kvarnsnäsvägen 59,777 94,Söderbärke,Smedjebacken,3,2025,0,2018,,,Ny kandidat
NSB AB,5593935868,Storgatan 44,571 31,Nässjö,Nässjö,3,2025,6,2022,,,Ny kandidat
Jobbentrén Sverige AB,5569600793,Götgatan 22 a,118 46,Stockholm,Stockholm,3,2025,5,2014,,,Ny kandidat
Holy Sister AB,5594815457,Sandalettgatan 18,125 47,Älvsjö,Stockholm,3,2025,3,2024,,,Ny kandidat
Atsego Care AB,5566356191,Ludvigsbergsgatan 13 6tr,118 23,Stockholm,Stockholm,3,2025,1,2002,,,Ny kandidat
ArbetsLagret AB,5591335442,Ålgrytevägen 29 Bv,127 32,Skärholmen,Stockholm,3,2025,7,2017,,,Ny kandidat
Rent Green AB,5569728297,"c/o Kivra AB, Rent Green Ab Kivra: 556972-8297",106 31,Stockholm,Stockholm,3,2025,2,2014,,,Ny kandidat
Dars multi AB,5594840430,Hovslagargatan 10 Lgh 1001,194 31,Upplands Väsby,Upplands Väsby,3,2025,1,2024,,,Ny kandidat
Chowdhury Consulting AB,5592404338,Tycho Brahes Väg 113,147 46,Tumba,Botkyrka,3,2025,3,2020,,,Ny kandidat
Hajoms Allservice AB,5569299059,Nödinge Lyckebo,511 97,Hajom,Mark,3,2025,2,2013,,,Ny kandidat
ELAB Logistik AB,5593784050,Gravryd 4,516 93,Rångedala,Borås,3,2025,3,2022,,,Ny kandidat
Wialma AB,5568872443,Hörbyvägen 13,241 62,Löberöd,Eslöv,3,2025,5,2012,,,Ny kandidat
Moving Go Group AB,5593948085,Häradsgatan 4 d,256 59,Helsingborg,Helsingborg,3,2025,3,2022,,,Ny kandidat
Cumlaude AB,5593578023,Timotejvägen 33,246 51,Löddeköpinge,Kävlinge,3,2025,3,2021,,,Ny kandidat
Autotrans Sweden AB,5594292566,Torrlösa 1009,268 90,Svalöv,Svalöv,3,2024,5,2023,,,Ny kandidat
Amrasco Services AB,5595070631,Rundgången 18,254 52,Helsingborg,Helsingborg,3,2025,5,2024,,,Ny kandidat
SEKA Transport AB,5592381353,Kärrsångarevägen 47 Lgh 1001,585 65,Linghem,Linköping,3,2025,1,2020,,,Ny kandidat
Q Professionals AB,5593554941,Klostergatan 27,582 23,Linköping,Linköping,3,2025,7,2021,,,Ny kandidat
BTO Consulting AB,5592429574,Stigen 5,615 33,Valdemarsvik,Valdemarsvik,3,2025,5,2020,,,Ny kandidat
Aiau AB,5591876288,Hunnestads By 111,432 91,Varberg,Varberg,3,2024,3,2018,,,Ny kandidat
Tuppski AB,5593207573,Ringvägen 23 a,611 35,Nyköping,Nyköping,3,2024,2,2021,,,Ny kandidat
GS Industri AB,5593989840,Företagsvägen 15 b,954 33,Gammelstad,Luleå,3,2024,2,2022,,,Ny kandidat
MBG i Sydost AB,5591804207,Idungatan 5,392 55,Kalmar,Kalmar,3,2025,2,2018,,,Ny kandidat
Offshore it Ekonomibemanning AB,5592132970,Solhemsvägen 4,861 42,Sörberge,Timrå,3,2025,0,2019,,,Ny kandidat
tell and konsult AB,5594528530,"c/o Damer, Harlyckegatan 1",256 58,Helsingborg,Helsingborg,2.9,2024,5,2023,,,Ny kandidat
W Executive Search AB,5568501331,Humlegårdsgatan 20,114 46,Stockholm,Stockholm,2.9,2025,2,2011,,,Ny kandidat
Recruit Partner Nordic AB,5591574826,Box 3042,400 10,Göteborg,Göteborg,2.9,2025,1,2018,,,Ny kandidat
Ordkanon AB,5591805428,Textilgatan 14,415 11,Göteborg,Göteborg,2.9,2025,3,2018,,,Ny kandidat
NFP Recruitment AB,5592661960,Dansbanestigen 13,646 34,Gnesta,Gnesta,2.9,2025,2,2020,,,Ny kandidat
Jobblink Sweden AB,5590072830,Kyrkbacken 33 Lgh 1201,169 62,Solna,Solna,2.9,2025,3,2015,,,Ny kandidat
Interim dynamics Aktiebolag,5590938725,Drakegatan 10,412 50,Göteborg,Göteborg,2.9,2025,3,2016,,,Ny kandidat
ExecTech AB,5591817910,Engelbrektsgatan 33 b,114 32,Stockholm,Stockholm,2.9,2025,1,2018,,,Ny kandidat
Einvent AB,5566450655,Magasinsgatan 26,411 18,Göteborg,Göteborg,2.9,2025,0,2003,,,Ny kandidat
Sekons AB,5592575079,Regeringsgatan 70 a,111 39,Stockholm,Stockholm,2.9,2025,3,2020,,,Ny kandidat
Zilverius Holding AB,5567590129,Burggrevegatan 27 b,411 03,Göteborg,Göteborg,2.9,2025,2,2008,,,Ny kandidat
Ugglehed Solutions AB,5569233694,Ugglehed 140,442 72,Kärna,Kungälv,2.9,2025,2,2013,,,Ny kandidat
Prodectra Sweden AB,5569405185,Nedre Linnarhultsvägen 40 b,424 55,Angered,Göteborg,2.9,2025,1-4,2013,,,Ny kandidat
Onrail Consulting AB,5593234130,Östra Tunhem Västergården 1,521 94,Falköping,Falköping,2.9,2025,3,2021,,,Ny kandidat
Mindeko Construction AB,5590346093,Fleminggatan 3,506 34,Borås,Borås,2.9,2025,5,2015,,,Ny kandidat
Klingstar Aktiebolag,5566004361,Galeasgatan 25,426 71,Västra Frölunda,Göteborg,2.9,2025,2,2000,,,Ny kandidat
KT Management AB,5569591810,Kläppestigen 20 b,436 51,Hovås,Göteborg,2.9,2025,3,2014,,,Ny kandidat
Bondhjälpen i Borgeby Aktiebolag,5561992628,Västervångsvägen 13 Borgeby,237 41,Bjärred,Lomma,2.9,2025,1,1979,,,Ny kandidat
Svea People AB,5594909169,Box 464,581 05,Linköping,Linköping,2.9,2025,4,2024,,,Ny kandidat
Sjökompetens i Norrköping AB,5569442535,Trädgårdsgatan 42,602 42,Norrköping,Norrköping,2.9,2024,7,2013,,,Ny kandidat
Hessab AB,5595145177,Entitevägen 4,756 52,Uppsala,Uppsala,2.9,2025,4,2025,,,Ny kandidat
Falkenbergs Bemanning AB,5591830970,Porsevägen 37,311 74,Falkenberg,Falkenberg,2.9,2025,5,2018,,,Ny kandidat
Zero Bemanning AB,5595066225,Salamandervägen 22,702 36,Örebro,Örebro,2.9,2025,15,2024,,,Ny kandidat
RiFo AB,5592626005,Landsvägen 155,794 91,Orsa,Orsa,2.9,2025,1,2020,,,Ny kandidat
D Gunnarsson Invest AB,5594179623,Fallrisgatan 51,828 31,Edsbyn,Ovanåker,2.9,2025,1,2023,,,Ny kandidat
Salvis Bemanning AB,5569898645,Box 156,731 24,Köping,Köping,2.9,2025,2,2014,,,Ny kandidat
Carlströms Care of Life AB,5590915426,Drakvägen 13,365 32,Lessebo,Lessebo,2.9,2025,3,2016,,,Ny kandidat
Worktasker AB,5569904120,Näckrosgatan 5 f,754 37,Uppsala,Uppsala,2.8,2025,2,2014,,,Ny kandidat
VEB konsulting AB,5590541826,Sigurdsgatan 21,721 30,Västerås,Västerås,2.8,2025,1-4,2016,,,Ny kandidat
Ugglegård omsorg AB,5590592712,Backen 6,443 36,Lerum,Lerum,2.8,2025,1,2016,,,Ny kandidat
Unlimited Horizon AB,5592110158,Gärdes Backe 1 d,182 58,Danderyd,Danderyd,2.8,2024,0,2019,,,Ny kandidat
Skarp Rekrytering Öst AB,5594881129,Teknikringen 5,583 30,Linköping,Linköping,2.8,2025,3,2024,,,Ny kandidat
Nilsson & Mossberger AB,5567691554,Petter Jydes Väg 4,302 92,Halmstad,Halmstad,2.8,2025,2,2008,,,Ny kandidat
Li-reco AB,5569998783,Per Ols Väg 22,268 77,Kågeröd,Svalöv,2.8,2025,1,2015,,,Ny kandidat
Jämtländska Kompaniet AB,5591892954,Bangårdsgatan 15 d,831 57,Östersund,Östersund,2.8,2025,3,2019,,,Ny kandidat
Eliyah AB,5592949167,Hyllie Stationstorg 31,215 32,Malmö,Malmö,2.8,2025,2,2021,,,Ny kandidat
Dickens Consulting AB,5592747835,Nilstorpsvägen 65,181 47,Lidingö,Lidingö,2.8,2025,3,2020,,,Ny kandidat
Cabeza rekrytering och konsulting AB,5569814816,Malmöhusvägen 1,211 18,Malmö,Malmö,2.8,2025,1,2014,,,Ny kandidat
Selin Legal AB,5590252457,Strandvägen 7 a,114 56,Stockholm,Stockholm,2.8,2025,1,2015,,,Ny kandidat
LDM Transport & Logistics AB,5591184857,Varuvägen 9,125 30,Älvsjö,Stockholm,2.8,2024,2,2017,,,Ny kandidat
Pal Mark & Bygg AB,5592788441,Värnvägen 1 Huddinge,141 74,Segeltorp,Huddinge,2.8,2025,3,2020,,,Ny kandidat
Ilvonen & co AB,5590847397,Ör 24,153 92,Hölö,Södertälje,2.8,2025,10-19,2016,,,Ny kandidat
AutoConsult & Bemanning Helsingborg AB,5590585070,Regementsvägen 12 a,254 57,Helsingborg,Helsingborg,2.8,2022,2,2016,,,Ny kandidat
AB Sälshögs Consulting,5593842049,Fäladsvägen 240-38,275 91,Sjöbo,Sjöbo,2.8,2025,3,2022,,,Ny kandidat
Henrik Oskarsson Invest AB,5590861737,Platensgatan 6 a,582 20,Linköping,Linköping,2.8,2025,3,2016,,,Ny kandidat
JB Bergunderhåll AB,5594931130,Kungsängsgatan 57 l,753 17,Uppsala,Uppsala,2.8,2025,1,2024,,,Ny kandidat
V A Snabb AB,5591793210,Spadevägen 22,746 39,Bålsta,Håbo,2.8,2025,4,2018,,,Ny kandidat
MEMU Svensk mässbemanning AB,5565606729,Gjuterigatan 9,553 18,Jönköping,Jönköping,2.8,2025,4,1998,,,Ny kandidat
Shophouse event & marknads AB,5594459678,Håknarp 3,565 91,Mullsjö,Habo,2.8,2025,1,2023,,,Ny kandidat
TO Be Done AB,5593764730,Friluftsvägen 27,633 59,Eskilstuna,Eskilstuna,2.8,2025,3,2022,,,Ny kandidat
Peter Asp AB,5592723448,Täppgatan 22,793 32,Leksand,Leksand,2.8,2025,3,2020,,,Ny kandidat
Nilssons Allservice i Sälen AB,5594290420,Bergsätra Gård 1,780 91,Sälen,Malung-Sälen,2.8,2026,3,2023,,,Ny kandidat
Öhman Maskin & Motor AB,5594363086,Bredviksvägen 7,952 97,Kalix,Kalix,2.8,2025,1,2023,,,Ny kandidat
JINS AB,5594978230,Ostibyvägen 211,975 92,Luleå,Luleå,2.8,2025,0,2024,,,Ny kandidat
Håkanssons Jord & Skogstjänst AB,5568048770,Norra Abborremålavägen 40,372 93,Hallabro,Ronneby,2.8,2024,2,2010,,,Ny kandidat
Your Partners Group AB,5593628554,Verkstadsgatan 7,233 34,Svedala,Svedala,2.7,2023,3,2022,,,Ny kandidat
Trademark PBM AB,5567825574,Repslagaregatan 19,602 25,Norrköping,Norrköping,2.7,2025,2,2009,,,Ny kandidat
Rapid Interim Consulting i Malmö AB,5594293887,Östra Rönneholmsvägen 2,211 47,Malmö,Malmö,2.7,2025,1,2023,,,Ny kandidat
NXT Interim AB,5569868101,Fleminggatan 18,112 26,Stockholm,Stockholm,2.7,2025,1,2014,,,Ny kandidat
Mira Bemanning Sverige AB,5594214198,Kedjebacken 4 a,134 31,Gustavsberg,Värmdö,2.7,2025,10-19,2023,,,Ny kandidat
MegaJobs AB,5591027403,Dammgårdsgatan 6 b,422 44,Hisings Backa,Göteborg,2.7,2025,3,2017,,,Ny kandidat
Lyckojobbet AB,5593167868,Färnebogatan 4 b,682 32,Filipstad,Filipstad,2.7,2025,2,2021,,,Ny kandidat
Laterna Executive Search AB,5594806225,Klevgränd 8,116 46,Stockholm,Stockholm,2.7,2025,0,2024,,,Ny kandidat
Jolaine AB,5594204934,Smålandsgatan 1 a,392 53,Kalmar,Kalmar,2.7,2025,2,2023,,,Ny kandidat
Jobblotsen Sverige AB,5568006869,Forumvägen 14 Plan 18,131 57,Nacka,Nacka,2.7,2025,3,2010,,,Ny kandidat
Fibbla kompetens AB,5566723531,Kronobergsgatan 6 b,352 33,Växjö,Växjö,2.7,2025,1,2004,,,Ny kandidat
FXL Sweden AB,5568826878,Nordenskiöldsgatan 24,211 19,Malmö,Malmö,2.7,2025,3,2012,,,Ny kandidat
Bidma AB,5593476749,Vetenskapsvägen 3,191 37,Sollentuna,Sollentuna,2.7,2025,1-4,2021,,,Ny kandidat
Staffbuddy AB,5594796731,Franzéngatan 3,112 51,Stockholm,Stockholm,2.7,2025,5,2024,,,Ny kandidat
Ramlak AB,5593296295,Södermannagatan 49,116 40,Stockholm,Stockholm,2.7,2024,10,2021,,,Ny kandidat
Plow experts sverige AB,5594682394,Handelsvägen 24,122 32,Enskede,Stockholm,2.7,2025,1,2024,,,Ny kandidat
People Personal i Stockholm AB,5562548783,Norr Mälarstrand 38,112 20,Stockholm,Stockholm,2.7,2025,7,1985,,,Ny kandidat
Opiconsivia AB,5590922414,Olofsgatan 18,111 36,Stockholm,Stockholm,2.7,2025,1,2016,,,Ny kandidat
F. Andersson Måleri AB,5569868374,Folkungagatan 84,116 22,Stockholm,Stockholm,2.7,2025,1,2014,,,Ny kandidat
Svenska-Maskin i Södertälje AB,5569632549,Sjöuddsvägen 13,144 64,Rönninge,Salem,2.7,2025,1,2014,,,Ny kandidat
SBP i Sverige AB,5567344337,Lundagatan 10 a Lgh 1401,171 63,Solna,Solna,2.7,2025,0,2007,,,Ny kandidat
Pettersson & son Transport AB,5591783047,Björkbro 9,155 93,Nykvarn,Nykvarn,2.7,2025,1,2018,,,Ny kandidat
Nordic Part Resources AB,5591869713,Industrivägen 17,171 48,Solna,Solna,2.7,2025,6,2018,,,Ny kandidat
Emissa Tech AB,5593765513,"c/o Rikurt ibrahim, Lakegatan 8",133 41,Saltsjöbaden,Nacka,2.7,2024,1,2022,,,Ny kandidat
Vega Psykologi AB,5591556344,Sörmarksgatan 75,507 52,Borås,Borås,2.7,2025,2,2018,,,Ny kandidat
RoBaldo AB,5591984223,Källgatan 4,533 33,Götene,Götene,2.7,2025,2,2019,,,Ny kandidat
PMW KONSULT AB,5569027260,Prästgårdsängen 13,412 71,Göteborg,Göteborg,2.7,2025,1,2012,,,Ny kandidat
FlexMan Bemanning AB,5595080036,Vallenvägen 18,444 60,Stora Höga,Stenungsund,2.7,2025,5-9,2024,,,Ny kandidat
Charge Up for life Sweden AB,5593345522,Kätteredsvägen 20,437 91,Lindome,Mölndal,2.7,2025,4,2021,,,Ny kandidat
Strövelsborg AB,5590506886,Aldalsvägen 4,262 70,Strövelstorp,Ängelholm,2.7,2025,1-4,2016,,,Ny kandidat
PS Promotion i Sverige AB,5590484969,Margaretagatan 7,313 33,Oskarström,Halmstad,2.7,2025,1,2016,,,Ny kandidat
Mahmoud AB,5590503487,Arboretumgatan 6,432 37,Varberg,Varberg,2.7,2025,1,2016,,,Ny kandidat
JoJo Gordon AB,5593721912,Spikgatan 37,302 44,Halmstad,Halmstad,2.7,2025,2,2022,,,Ny kandidat
Metall & Trä i Söderbärke AB,5565214854,Formvägen 9,777 60,Söderbärke,Smedjebacken,2.7,2025,5,1995,,,Ny kandidat
ABAB Hotellkonsult AB,5591843288,Sjugare Bergsängs Backar 32,793 90,Leksand,Leksand,2.7,2025,1,2018,,,Ny kandidat
Orval Transport AB,5592108269,Provargatan 4,724 66,Västerås,Västerås,2.7,2025,1,2019,,,Ny kandidat
Tjärnlidens Maskin AB,5593648834,Tjärnliden 30,935 91,Norsjö,Norsjö,2.7,2025,1,2022,,,Ny kandidat
Hultgren Invest AB,5593336190,Nybergsgränd 5,931 45,Skellefteå,Skellefteå,2.7,2025,1,2021,,,Ny kandidat
NORDENS LOKFÖRARPOOL AB,5594782657,Grantorp 101,882 91,Långsele,Sollefteå,2.7,2025,2,2024,,,Ny kandidat
Peda Restaurangkonsult AB,5590773221,Bygdegårdsvägen 27,845 97,Klövsjö,Berg,2.7,2025,1,2016,,,Ny kandidat
Mickans BistroCafe AB,5593297772,Karolinervägen 59 e,837 71,Duved,Åre,2.7,2025,3,2021,,,Ny kandidat
Valinski Film AB,5593655227,Drakenbergsgatan 6,117 41,Stockholm,Stockholm,2.6,2025,2,2022,,,Ny kandidat
SF&Partner AB,5591460513,Virkesvägen 9 e,120 78,Stockholm,Stockholm,2.6,2025,1,2018,,,Ny kandidat
Roxhed & Co AB,5595114959,Box 127,744 21,Heby,Heby,2.6,2025,1,2024,,,Ny kandidat
Rastock Consulting MR365 AB,5569229965,Slakterigatan 10,721 32,Västerås,Västerås,2.6,2025,1,2013,,,Ny kandidat
Pharmalifenordic AB,5594360587,"c/o GHANIM MAHMOOD, Skyttens Gata 542",136 61,Brandbergen,Haninge,2.6,2023,0,2023,,,Ny kandidat
Nova Talent AB,5591521603,"c/o Talent Venture Group, Box 3053",103 61,Stockholm,Stockholm,2.6,2024,5,2018,,,Ny kandidat
Nidsjö Resurs AB,5593044729,Kungsbro Strand 21,112 26,Stockholm,Stockholm,2.6,2025,2,2021,,,Ny kandidat
NXT Interim Malmö AB,5592063852,"c/o NXT Interim AB, Box 12122",102 24,Stockholm,Stockholm,2.6,2025,1,2019,,,Ny kandidat
Magaz i Varberg AB,5594498916,Östra Vallgatan 95,432 43,Varberg,Varberg,2.6,2024,2,2023,,,Ny kandidat
M.R Partner AB,5591942114,Kullsviksvägen 37,429 35,Kullavik,Kungsbacka,2.6,2025,3,2019,,,Ny kandidat
Karriär kompisar AB,5593050999,Rönnowsgatan 8 c,252 25,Helsingborg,Helsingborg,2.6,2025,3,2021,,,Ny kandidat
Jämt Group AB,5593938441,Samuel Permans Gata 7,831 31,Östersund,Östersund,2.6,2024,3,2022,,,Ny kandidat
Jobbmaskinen DistansMatchning AB,5590607478,Kivra: 559060-7478,106 31,Stockholm,Sigtuna,2.6,2025,5,2016,,,Ny kandidat
Jobblösningar stockholm AB,5590285192,"c/o SHARAM SADEH, Wallingatan 31",111 24,Stockholm,Stockholm,2.6,2025,3,2015,,,Ny kandidat
Jobb- och studieguiden Sverige AB,5568543242,Glimmervägen 6,224 78,Lund,Lund,2.6,2025,4,2011,,,Ny kandidat
Jiskala AB,5594165176,Bruksgatan 29 a,262 30,Ängelholm,Ängelholm,2.6,2025,5,2023,,,Ny kandidat
Camilla Glifberg AB,5592335433,Lilla Hammars Väg 45 c,236 37,Höllviken,Vellinge,2.6,2025,1,2019,,,Ny kandidat
Braathen Artist Management AB,5565518460,Folkskolegatan 5,117 35,Stockholm,Stockholm,2.6,2025,2,1998,,,Ny kandidat
Allen Recruitment Sweden AB,5568189020,Box 45087,104 30,Stockholm,Stockholm,2.6,2024,0,2010,,,Ny kandidat
Alivo AB,5593709628,Maratonvägen 6 b,302 68,Halmstad,Halmstad,2.6,2025,4,2022,,,Ny kandidat
ALPA bemanning & rekrytering AB,5592070782,Erik Sandbergs Gata 28,169 34,Solna,Solna,2.6,2025,2,2019,,,Ny kandidat
TS Support Aktiebolag,5563255859,Hammarby Allé 7,120 32,Stockholm,Stockholm,2.6,2025,2,1988,,,Ny kandidat
Svea bemanning AB,5592757230,Multrågatan 27 b,162 54,Vällingby,Stockholm,2.6,2025,0,2020,,,Ny kandidat
Medelia AB,5594524786,"c/o Medelia AB, Mailbox 2307",111 75,Stockholm,Stockholm,2.6,2025,2,2023,,,Ny kandidat
KreMatistika AB,5569444499,Timotejvägen 22,186 94,Vallentuna,Vallentuna,2.6,2025,3,2013,,,Ny kandidat
Fina's Bemanning AB,5591584353,Bridgevägen 1,142 66,Trångsund,Huddinge,2.6,2025,5,2018,,,Ny kandidat
Chef4u Stockholm AB,5590205927,Boulevarden 83,183 41,Täby,Täby,2.6,2024,2,2015,,,Ny kandidat
A Better Care Stockholm AB,5593268385,Sanatorievägen 23,144 52,Rönninge,Salem,2.6,2025,1-4,2021,,,Ny kandidat
vargardahalsocenter AB,5568073935,Maskingatan 3,447 32,Vårgårda,Vårgårda,2.6,2026,2,2010,,,Ny kandidat
Te Crea Elevhälsa AB,5593352825,Erik Dahlbergsgatan 9,411 26,Göteborg,Göteborg,2.6,2025,2,2021,,,Ny kandidat
Smygvinkel AB,5568042906,Box 627,451 23,Uddevalla,Uddevalla,2.6,2025,3,2010,,,Ny kandidat
Medical Specialist PB AB,5569130999,Mölndalsvägen 69 d Lgh 1301,412 85,Göteborg,Göteborg,2.6,2025,1,2012,,,Ny kandidat
Jovi Konsult Syd AB,5595262147,Götabergsgatan 20 a Bv,411 34,Göteborg,Göteborg,2.6,2025,6,2025,,,Ny kandidat
BOLD by Malin AB,5591999148,Prästvägen 788,442 91,Romelanda,Kungälv,2.6,2025,1-4,2019,,,Ny kandidat
Carl-Axel Cronberg AB,5567283139,Sagoliden 24,216 20,Malmö,Malmö,2.6,2025,2,2007,,,Ny kandidat
Alpha vård bemanning AB,5591715387,Lönngatan 58 a Box 139,214 49,Malmö,Malmö,2.6,2022,3,2018,,,Ny kandidat
Albardes AB,5567170559,Norrbäcksgatan 34,216 24,Malmö,Malmö,2.6,2025,2,2006,,,Ny kandidat
ProVisus Nordic AB,5591010904,Tallmovägen 4 b,756 45,Uppsala,Uppsala,2.6,2025,3,2017,,,Ny kandidat
Sten.mark.service Grythyttan AB,5569331332,Hammargatan 11,712 60,Grythyttan,Hällefors,2.6,2025,3,2013,,,Ny kandidat
Eskilstunahem Fastighets AB,5592905086,Stensborgsgatan 3 b,633 55,Eskilstuna,Eskilstuna,2.6,2025,6,2020,,,Ny kandidat
KD Metalwork AB,5594856063,Ängesgårdarna 415,781 68,Borlänge,Borlänge,2.6,2025,4,2024,,,Ny kandidat
Borlänge Fjärr Aktiebolag,5564843372,Ols Gustavs Väg 7,784 56,Borlänge,Borlänge,2.6,2025,2,1994,,,Ny kandidat
Trollskogen i Skogsberg AB,5569789851,Skogsberg 324,655 94,Karlstad,Karlstad,2.6,2024,4,2014,,,Ny kandidat
MBX AB,5594755448,Spångavägen 1,656 72,Skattkärr,Karlstad,2.6,2025,4,2024,,,Ny kandidat
Vardo AB,5590294582,Trollnäsvägen 41,972 51,Luleå,Luleå,2.6,2025,1,2015,,,Ny kandidat
Rajatori AB,5591469357,Norra Industrivägen 14,953 34,Haparanda,Haparanda,2.6,2026,1,2018,,,Ny kandidat
M Bygg & Bemanning AB,5593816761,Vitåvägen 648,955 96,Vitå,Luleå,2.6,2025,1,2022,,,Ny kandidat
AG konsult i Norr AB,5593906133,Skogsgatan 19,938 32,Arjeplog,Arjeplog,2.6,2025,1,2022,,,Ny kandidat
Christoffer Andersson Arkitekter AB,5592643851,Nygatan 21,903 29,Umeå,Umeå,2.6,2025,2,2020,,,Ny kandidat
Niklas Nordvall Invest AB,5567024608,Starevägen 16,872 33,Kramfors,Kramfors,2.6,2025,1,2006,,,Ny kandidat
Vinge Talent AB,5593869851,Fläderbärsgatan 16,212 29,Malmö,Malmö,2.5,2025,3,2022,,,Ny kandidat
Valegro AB,5569501702,Ölandsgatan 42 3tr,116 63,Stockholm,Stockholm,2.5,2025,2,2013,,,Ny kandidat
Talensia AB,5593504474,Bakformsvägen 54,724 76,Västerås,Västerås,2.5,2025,1-4,2021,,,Ny kandidat
SweKraft Bemanning AB,5591898167,Mustagatan 6,331 33,Värnamo,Värnamo,2.5,2025,3,2019,,,Ny kandidat
SMJ Bemanning & Konsultation AB,5568265622,Berga Säteri 5,762 98,Edsbro,Norrtälje,2.5,2025,2,2010,,,Ny kandidat
PRS Konsult AB,5592377799,Movägen 17,141 31,Huddinge,Huddinge,2.5,2025,1,2020,,,Ny kandidat
Norbergs Rekrytering & Jobbcoachning AB,5593019101,Träffpunkt Öland 102,386 33,Färjestaden,Mörbylånga,2.5,2024,3,2021,,,Ny kandidat
Maestra utbildningar AB,5591881718,Bettorpsgatan 10 Bv,703 84,Örebro,Örebro,2.5,2025,2,2018,,,Ny kandidat
MADA Konsult i Jönköping AB,5590295241,Pilgatan 13,564 35,Bankeryd,Jönköping,2.5,2025,2,2015,,,Ny kandidat
Linda Wells Rekrytering & Säljutveckling AB,5567667513,Dianavägen 5,115 42,Stockholm,Stockholm,2.5,2025,5,2008,,,Ny kandidat
Just in Franchise Konsult AB,5592862519,Humlevägen 11,703 58,Örebro,Örebro,2.5,2025,2,2020,,,Ny kandidat
Job Solution Sweden AB,5590070750,Landsvägen 57,172 65,Sundbyberg,Sundbyberg,2.5,2025,2,2015,,,Ny kandidat
JH Bemanningskonsult AB,5592856602,Ormbergssvängen 17,724 62,Västerås,Västerås,2.5,2025,1-4,2020,,,Ny kandidat
George och lily AB,5591924963,Professorsslingan 13,114 17,Stockholm,Stockholm,2.5,2025,6,2019,,,Ny kandidat
Beautytalents Sweden AB,5593856155,Sankt Eriksgatan 83,113 32,Stockholm,Stockholm,2.5,2025,4,2022,,,Ny kandidat
Bemanning Sverige Byrå AB,5591010060,Arenavägen 41,121 77,Johanneshov,Stockholm,2.5,2025,4,2017,,,Ny kandidat
Rishworth Aviation AB,5590649926,"c/o Walthon Advokater, Box 5137",102 43,Stockholm,Stockholm,2.5,2025,2,2016,,,Ny kandidat
Din Bemanning Sthlm AB,5592751753,Midsommarvägen 27 Lgh 1402,126 35,Hägersten,Stockholm,2.5,2026,4,2020,,,Ny kandidat
Active Care Sweden AB,5591823959,Kungsholmsgatan 40,112 27,Stockholm,Stockholm,2.5,2025,0,2018,,,Ny kandidat
Vi Systrar AB,5568493422,Tallbodavägen 9,197 91,Bro,Upplands-Bro,2.5,2026,1-4,2011,,,Ny kandidat
Terraferma AB,5566281647,Hantverkaregatan 18,761 30,Norrtälje,Norrtälje,2.5,2025,3,2002,,,Ny kandidat
Scandinavisk Medicin och Social Konsult AB,5591322598,Värnvägen 13 b,141 74,Segeltorp,Huddinge,2.5,2025,2,2017,,,Ny kandidat
Hotopp & Co AB,5591792717,Lomvägen 611,192 57,Sollentuna,Sollentuna,2.5,2025,35,2018,,,Ny kandidat
Blue Collar Bemanning AB,5590044227,Ryssjan 14,193 41,Sigtuna,Sigtuna,2.5,2025,4,2015,,,Ny kandidat
VIABUM AB,5591985840,Studievägen 44 Lgh Nr. 8 1002,451 45,Uddevalla,Uddevalla,2.5,2025,1,2019,,,Ny kandidat
Stangis & Co Bemanning AB,5593791030,Förrådsgatan 30,542 35,Mariestad,Mariestad,2.5,2025,2,2022,,,Ny kandidat
SeniorProffs Göteborg AB,5592038094,Gamlestadsvägen 18 a,415 02,Göteborg,Göteborg,2.5,2025,1,2019,,,Ny kandidat
SBS Bemanning AB,5590105721,"c/o Robert Trupp, Box 9206",400 95,Göteborg,Göteborg,2.5,2025,2,2015,,,Ny kandidat
Bzz Bemanning AB,5593962219,Harald Stakegatan 42,415 15,Göteborg,Göteborg,2.5,2025,1,2022,,,Ny kandidat
Affärskompaniet i Sverige AB,5592197775,Stora Åvägen 21,436 34,Askim,Göteborg,2.5,2025,2,2019,,,Ny kandidat
KS Transport & Entreprenad AB,5593305971,Sändavägen 20,818 96,Hedesunda,Gävle,2.5,2025,3,2021,,,Ny kandidat
Schakt och Last i Luleå AB,5594563891,Smedjegatan 26 Lgh 1301,972 31,Luleå,Luleå,2.5,2025,2,2023,,,Ny kandidat
GE Alltjänst AB,5595278242,Degerselsvägen 511,955 95,Niemisel,Boden,2.5,2025,1,2025,,,Ny kandidat
Staff By Lindqvist AB,5594348061,Hovsmedsvägen 12,861 34,Timrå,Timrå,2.5,2024,0,2023,,,Ny kandidat
Sydnext AB,5592637135,Industrigatan 26,212 14,Malmö,Malmö,2.4,2025,5-9,2020,,,Ny kandidat
Skilltech Rekrytering AB,5591692313,"c/o dilba demirbag, Hövdingavägen 6",186 32,Vallentuna,Vallentuna,2.4,2025,4,2018,,,Ny kandidat
SAPC AB,5591828016,Mjärdesvägen 33,271 71,Nybrostrand,Ystad,2.4,2025,1,2018,,,Ny kandidat
Neway i Sverige AB,5592127913,Månstigen 20,236 42,Höllviken,Vellinge,2.4,2024,0,2019,,,Ny kandidat
Ljung Kompetensförsörjning AB,5593418568,Gjuterigatan 9,553 18,Jönköping,Jönköping,2.4,2025,3,2021,,,Ny kandidat
Lexuz Invest Nordic AB,5565535472,Mjölnarvägen 20 a Lgh 1401,131 74,Nacka,Nacka,2.4,2024,1,1998,,,Ny kandidat
Ledgery Sweden AB,5594936642,Vättnevägen 1,429 33,Kullavik,Kungsbacka,2.4,2025,1,2024,,,Ny kandidat
Kristina Stutterheim AB,5594066259,Bylegårdsvägen 21,187 73,Täby,Täby,2.4,2025,1,2022,,,Ny kandidat
Jobcenter Skåne AB,5592666035,Vaktgatan 3,274 34,Skurup,Skurup,2.4,2025,3,2020,,,Ny kandidat
Habo Veteranservice AB,5569147852,Ringvägen 1,566 31,Habo,Habo,2.4,2025,5,2012,,,Ny kandidat
Glada Hudik Konsulttjänst AB,5568567654,Östanbräck 120,824 93,Hudiksvall,Hudiksvall,2.4,2025,1,2011,,,Ny kandidat
Drillity AB,5594274887,Folkungagatan 104,116 30,Stockholm,Stockholm,2.4,2023,1,2023,,,Ny kandidat
Busnes Bolagkraft AB,5594194317,"c/o IONEL CATALIN NEATU, Box 22",101 20,Stockholm,Stockholm,2.4,2024,0,2023,,,Ny kandidat
BrinkLink AB,5594907429,Hovås Jägareväg 18,436 52,Hovås,Göteborg,2.4,2025,2,2024,,,Ny kandidat
Uniphar Pharma Nordics AB,5593663676,Box 15285,103 25,Stockholm,Stockholm,2.4,2024,1,2022,,,Ny kandidat
Stockholms Bemanning & Teknik AB,5594587056,Tegnergatan 62,113 61,Stockholm,Stockholm,2.4,2024,3,2023,,,Ny kandidat
MedicalDoctor Sverige AB,5567395289,Lars Forssells Gata 33 Lgh 1703,112 15,Stockholm,Stockholm,2.4,2025,1,2007,,,Ny kandidat
Josiander bemanning AB,5592292303,Box 6077,102 32,Stockholm,Stockholm,2.4,2025,2,2019,,,Ny kandidat
Aktiebolaget Filiatrix,5566530100,Box 687 Renstiernas Gata 23,116 31,Stockholm,Stockholm,2.4,2024,1,2003,,,Ny kandidat
Källarbo Bemanning AB,5594519448,Lejonets Gata 349 Lgh 1701,136 60,Brandbergen,Haninge,2.4,2025,3,2023,,,Ny kandidat
KL Bemanningsservice AB,5593090417,Signalistgatan 6 Lgh 1302,169 72,Solna,Solna,2.4,2025,11,2021,,,Ny kandidat
Fogel Bemanning AB,5595167858,Brollsta By 27,186 97,Brottby,Vallentuna,2.4,2025,7,2025,,,Ny kandidat
Biljon AB,5569362105,Förrådsvägen 2,181 41,Lidingö,Lidingö,2.4,2024,1,2013,,,Ny kandidat
Badrudin konsult AB,5595122283,Forellgatan 6,133 42,Saltsjöbaden,Nacka,2.4,2025,2,2024,,,Ny kandidat
ADA Bemanning AB,5593799967,Hjortstigen 50,137 71,Dalarö,Haninge,2.4,2025,2,2022,,,Ny kandidat
Sumus Event AB,5594015181,Rydskärrsvägen 12,443 71,Gråbo,Lerum,2.4,2025,2,2022,,,Ny kandidat
Medicvest Göteborg AB,5567159024,Lerskäddegatan 5,426 79,Västra Frölunda,Göteborg,2.4,2025,3,2006,,,Ny kandidat
Jering Bemanning AB,5592132624,Saxofongatan 2 Lgh. 1201,421 39,Västra Frölunda,Göteborg,2.4,2025,3,2019,,,Ny kandidat
Careisma AB,5593350811,Pumpgatan 1,417 55,Göteborg,Göteborg,2.4,2025,1,2021,,,Ny kandidat
Salad & Sushi Malmö AB,5591507214,Nummersjuvägen 2,212 36,Malmö,Malmö,2.4,2025,8,2018,,,Ny kandidat
Norbisch AB,5594789272,Grimsbygatan 24,211 20,Malmö,Malmö,2.4,2025,3,2024,,,Ny kandidat
Aminaläkare AB,5594377359,Billingegatan 12,252 76,Helsingborg,Helsingborg,2.4,2024,1,2023,,,Ny kandidat
BRBC AB,5593449225,Kartgränd 3,595 34,Mjölby,Mjölby,2.4,2025,4,2021,,,Ny kandidat
Svartbäcken Konsult AB,5590165519,Svinnegarns By 25,745 93,Enköping,Enköping,2.4,2025,1,2015,,,Ny kandidat
MixConsulting AB,5590108980,Tallkottsvägen 6 d,741 43,Knivsta,Knivsta,2.4,2025,2,2015,,,Ny kandidat
H-Gate AB,5594082678,Varbergagatan 97 Lgh 1303,703 51,Örebro,Örebro,2.4,2025,3,2022,,,Ny kandidat
SWEPROFILE KGA AB,5591015754,Gränby 120,692 92,Kumla,Kumla,2.4,2025,1,2017,,,Ny kandidat
EPD Personaluthyrning AB,5594156894,Soldatvägen 4,791 40,Falun,Falun,2.4,2026,2,2022,,,Ny kandidat
Projma Konsult AB,5594167438,Horne 13,824 61,Forsa,Hudiksvall,2.4,2026,1,2023,,,Ny kandidat
Doktor Ola Dahlbäck AB,5594463126,Bärtbo 106,749 71,Fjärdhundra,Sala,2.4,2024,1,2023,,,Ny kandidat
Norrsom AB,5594247610,Brogatan 38 a,961 64,Boden,Boden,2.4,2025,3,2023,,,Ny kandidat
OveRall34 AB,5591851182,Hemmansgatan 35,931 56,Skellefteå,Skellefteå,2.4,2025,1,2018,,,Ny kandidat
Lindströms Alltjänst AB,5593287393,Bjännsjö 82,905 87,Umeå,Umeå,2.4,2025,1,2021,,,Ny kandidat
Central unity holding AB,5594695453,Korstavägen 2 b,856 32,Sundsvall,Sundsvall,2.4,2025,2,2024,,,Ny kandidat
Yes2work AB,5594210089,Gamla Kronvägen 68 d,433 33,Partille,Partille,2.3,2025,5,2023,,,Ny kandidat
Thai bemannings service AB,5592543895,Rundbollsvägen 12,424 33,Angered,Göteborg,2.3,2025,5,2020,,,Ny kandidat
Scandinavian Resource AB,5594190927,Exercisgatan 4,211 30,Malmö,Malmö,2.3,2025,4,2023,,,Ny kandidat
Riendas AB,5592705650,Glasfibergatan 6,125 45,Älvsjö,Stockholm,2.3,2025,3,2020,,,Ny kandidat
PRD Executive AB,5568955552,Hinsholmsgatan 16,426 77,Västra Frölunda,Göteborg,2.3,2025,2,2012,,,Ny kandidat
Olofsson & Ingmarsson AB,5595005280,Bolmensvägen 1,120 50,Årsta,Stockholm,2.3,2025,3,2024,,,Ny kandidat
Odonti AB,5590401096,Ragnar Thorngrens Gata 8,431 45,Mölndal,Mölndal,2.3,2025,3,2015,,,Ny kandidat
New Future Bemanning AB,5594183468,Box 15,197 21,Bro,Upplands-Bro,2.3,2025,2,2023,,,Ny kandidat
Mångfaldsbyrån i Sverige AB,5592254865,Nedre Källvägen 18,433 61,Sävedalen,Partille,2.3,2025,1-4,2019,,,Ny kandidat
Magnus Sandqvist Invest AB,5568408990,Amicitiagatan 12,216 18,Limhamn,Malmö,2.3,2025,0,2011,,,Ny kandidat
Maanka AB,5590938469,Kista Gången 12,164 55,Kista,Stockholm,2.3,2024,3,2016,,,Ny kandidat
Kompetent bemanning Kungsbacka AB,5593049603,Daggudden 31,434 91,Kungsbacka,Kungsbacka,2.3,2025,1,2021,,,Ny kandidat
Interselection AB,5567723811,"c/o WIN WIN EKONOMI AB, Box 92138",120 08,Stockholm,Stockholm,2.3,2025,1,2008,,,Ny kandidat
Hållbar Bemanning SWE AB,5594397647,Poppelgatan 4,332 33,Gislaved,Gislaved,2.3,2025,3,2023,,,Ny kandidat
Hyllie Park Talentbyrån AB,5591037790,Bruksgatan 1,272 36,Simrishamn,Simrishamn,2.3,2025,3,2017,,,Ny kandidat
Granter AB,5568951833,Södergatan 39,252 25,Helsingborg,Helsingborg,2.3,2025,3,2012,,,Ny kandidat
CronWik Consulting AB,5569804221,Gamla Vägen 32,475 36,Kalvsund,Öckerö,2.3,2025,1,2014,,,Ny kandidat
Bright People AB,5568720691,Sälgvägen 7,187 35,Täby,Täby,2.3,2025,1,2011,,,Ny kandidat
Blue Condor AB,5594556333,Nyköping Golfklubb,611 92,Nyköping,Nyköping,2.3,2025,3,2023,,,Ny kandidat
Blomster Executive Search & Interim AB,5590207444,Rådstugatan 16,972 38,Luleå,Luleå,2.3,2025,1-4,2015,,,Ny kandidat
Agardh Recruitment & Consulting AB,5591013379,Level Two Rydbergs Torg 4,224 84,Lund,Lund,2.3,2025,1,2017,,,Ny kandidat
TKI bemanning AB,5568351737,Box 6077,102 32,Stockholm,Stockholm,2.3,2025,5,2010,,,Ny kandidat
Riksläkarna AB,5590600440,Ekbacksvägen 24,168 69,Bromma,Stockholm,2.3,2025,2,2016,,,Ny kandidat
NHE Bemanning AB,5593139032,Erik Dahlbergsgatan 21,115 32,Stockholm,Stockholm,2.3,2025,2,2021,,,Ny kandidat
KungsgatansDiskGrupp AB,5594377631,Kungsbro Strand 29,112 26,Stockholm,Stockholm,2.3,2025,4,2023,,,Ny kandidat
ITIVE AB,5591957724,Telefonvägen 30,126 26,Hägersten,Stockholm,2.3,2024,3,2019,,,Ny kandidat
H.K Bygg & Invest AB,5594979170,Ålgrytevägen 7,127 32,Skärholmen,Stockholm,2.3,2025,0,2024,,,Ny kandidat
ND.Pharma AB,5594896846,Hagalundsgatan 18,169 63,Solna,Solna,2.3,2025,3,2024,,,Ny kandidat
MikaMel AB,5590000724,Signe Tillischgatan 10,169 73,Solna,Solna,2.3,2025,2,2015,,,Ny kandidat
Hyrläkare Sun Södertälje AB,5591080485,Brännarvägen 5 Lgh 1203,174 64,Sundbyberg,Sundbyberg,2.3,2025,1-4,2017,,,Ny kandidat
Ghion Systerjouren AB,5566007745,Rödbosundsvägen 9,184 60,Åkersberga,Österåker,2.3,2024,1,2000,,,Ny kandidat
Bee Bemanning AB,5592492994,Fågelsångsvägen 16,186 42,Vallentuna,Vallentuna,2.3,2025,3,2020,,,Ny kandidat
RCK Förvaltning i Tvåstad AB,5566497672,Södra Timmervik 390,462 94,Frändefors,Vänersborg,2.3,2025,1-4,2003,,,Ny kandidat
August Fiskeri AB,5567527139,Norra Fiskebäcksvägen 89,426 58,Västra Frölunda,Göteborg,2.3,2025,3,2008,,,Ny kandidat
Analog Design Sweden AB,5567734248,Varvsvägen 29,437 35,Lindome,Mölndal,2.3,2025,2,2008,,,Ny kandidat
ProStaff Sverige AB,5591720254,Livgatan 38,583 72,Vikingstad,Linköping,2.3,2025,10,2018,,,Ny kandidat
Mediakompetens i Sverige AB,5566634555,Vindarnas Väg 5 b,591 72,Motala,Motala,2.3,2025,3,2004,,,Ny kandidat
ABRE Consulting AB,5590823968,Trolles Gränd 7,596 31,Skänninge,Mjölby,2.3,2025,9,2016,,,Ny kandidat
HA Solutions AB,5594731837,Stenhagsvägen 51,752 60,Uppsala,Uppsala,2.3,2025,2,2024,,,Ny kandidat
Smålandsfönster AB,5590771688,Terrassgatan 2 a,576 36,Sävsjö,Sävsjö,2.3,2025,2,2016,,,Ny kandidat
Sago Eye Consult AB,5591452262,Fasanvägen 18,302 40,Halmstad,Halmstad,2.3,2025,1,2018,,,Ny kandidat
Helene Degerlund AB,5593302812,Trumpetvägen 5,434 47,Kungsbacka,Kungsbacka,2.3,2025,1-4,2021,,,Ny kandidat
Karanis Sweden AB,5569862187,Hagvägen 4 a,702 85,Örebro,Örebro,2.3,2025,1,2014,,,Ny kandidat
Kårbo Konsult & Entreprenad AB,5592433055,Kårbo 33,774 92,Avesta,Avesta,2.3,2025,1,2020,,,Ny kandidat
indumo AB,5591436216,Västra Skagene 817,663 91,Hammarö,Hammarö,2.3,2025,2,2018,,,Ny kandidat
Alfredson Tendon Clinic AB,5569173510,Norra Obbolavägen 129,904 22,Umeå,Umeå,2.3,2025,1,2013,,,Ny kandidat
Indira Med. AB,5569574576,Telestad Knutsagård 4 a,355 91,Växjö,Växjö,2.3,2025,1-4,2014,,,Ny kandidat
Karlskoga Ventilteknik AB,5567217285,Kompanivägen 12,852 38,Sundsvall,Sundsvall,2.3,2025,1,2007,,,Ny kandidat
Energilabbet AB,5592006976,Haga 110,882 91,Långsele,Sollefteå,2.3,2025,2,2019,,,Ny kandidat
Your Source AB,5593749400,Kyparevägen 9,393 64,Kalmar,Kalmar,2.2,2025,0,2022,,,Ny kandidat
Talent Bridge AB,5592590128,Bolagsgatan 2,211 44,Malmö,Malmö,2.2,2025,1,2020,,,Ny kandidat
Skills i Mälardalen AB,5590714944,Gräggenvägen 20,725 90,Västerås,Västerås,2.2,2025,2,2016,,,Ny kandidat
Seligo AB,5591436711,Anette Jordemoders Gränd 1,239 35,Skanör,Vellinge,2.2,2025,1,2018,,,Ny kandidat
Nästa Jobb i Sverige AB,5568609944,Forskargatan 3,781 70,Borlänge,Borlänge,2.2,2025,2,2011,,,Ny kandidat
Nordic Claims & Care Consulting AB,5592956428,Rörstrandsgatan 30,113 40,Stockholm,Stockholm,2.2,2025,2,2021,,,Ny kandidat
Nordeast Kompetens och Bemanning AB,5569099574,Ekholmsvägen 23,127 48,Skärholmen,Stockholm,2.2,2025,5,2012,,,Ny kandidat
Nation Services Scandinavia AB,5594095456,Kanngjutargränd 26,162 57,Vällingby,Stockholm,2.2,2025,0,2022,,,Ny kandidat
J S Legal Talent AB,5568735590,Carl-Gustaf Lindstedts Gata 10,112 69,Stockholm,Stockholm,2.2,2025,1,2011,,,Ny kandidat
Hunter & Tailor Sverige AB,5594140690,Maltgatan 11 C/O Jan Ebrell,120 79,Stockholm,Stockholm,2.2,2025,1,2022,,,Ny kandidat
Finance Recruitment Göteborg AB,5595204834,Kungsgatan 4 a,111 43,Stockholm,Stockholm,2.2,2025,2,2025,,,Ny kandidat
Eqpe Solutions Aktiebolag,5591682488,Trekantsgatan 10,417 85,Göteborg,Göteborg,2.2,2024,4,2018,,,Ny kandidat
Capto HR AB,5567828214,Västra Ågatan 16,753 09,Uppsala,Uppsala,2.2,2025,3,2009,,,Ny kandidat
Avilon AB,5569583833,Munkforsplan 37,123 43,Farsta,Stockholm,2.2,2025,3,2014,,,Ny kandidat
Artistguiden i Sverige AB,5567768386,Köpmannagatan 25,296 31,Åhus,Kristianstad,2.2,2025,1,2009,,,Ny kandidat
"Ahrle, Laurell & Partners AB",5590872387,Norrlandsgatan 10,111 43,Stockholm,Stockholm,2.2,2025,0,2016,,,Ny kandidat
Sventure AB,5592135817,Strandvägen 7 a,114 56,Stockholm,Stockholm,2.2,2025,1-4,2019,,,Ny kandidat
Ryan Commerce AB,5566764279,Hälleskåran 44,129 42,Hägersten,Stockholm,2.2,2026,6,2005,,,Ny kandidat
Renommé Event AB,5568396146,Valsbergs Gränd 7,126 35,Hägersten,Stockholm,2.2,2025,2,2011,,,Ny kandidat
MA-help AB,5594382805,Falkholmsgränd 13,127 46,Skärholmen,Stockholm,2.2,2025,1,2023,,,Ny kandidat
GBS Resurs AB,5595356147,Pålsbodagränd 29,124 75,Bandhagen,Stockholm,2.2,2025,5-9,2025,,,Ny kandidat
Southcity Interim AB,5591515043,Spelmansvägen 5,136 75,Vendelsö,Haninge,2.2,2025,1,2018,,,Ny kandidat
Jarbos Service AB,5594962200,Fårtickegången 50,135 33,Tyresö,Tyresö,2.2,2025,1,2024,,,Ny kandidat
FP&AA Konsult AB,5590930037,Klintvägen 13,177 40,Järfälla,Järfälla,2.2,2024,0,2016,,,Ny kandidat
W.M Properties AB,5591012868,Gärdhems Skattegård,461 92,Trollhättan,Trollhättan,2.2,2025,1,2017,,,Ny kandidat
Skaraborgs Chaufförsbemanning AB,5590760012,Spiken Ankarvik 1,531 99,Lidköping,Lidköping,2.2,2025,4,2016,,,Ny kandidat
Prismtur DMC AB,5592089006,"c/o PRISMTUR DMC AB, Hulda Lindgrens Gata 8",421 31,Västra Frölunda,Göteborg,2.2,2022,3,2019,,,Ny kandidat
KustBemanning i Väst AB,5594536517,"c/o Carlsson, Odens Väg 22 k",517 36,Bollebygd,Bollebygd,2.2,2024,3,2023,,,Ny kandidat
IFIX AB,5568513823,Strandvägen 12,435 35,Mölnlycke,Härryda,2.2,2025,2,2011,,,Ny kandidat
Hammo Consulting AB,5569888703,Övre Husargatan 7,411 22,Göteborg,Göteborg,2.2,2024,1,2014,,,Ny kandidat
Aurelijus Consulting i Skövde AB,5591049787,Grevagårdsbyn 8,541 93,Skövde,Skövde,2.2,2025,3,2017,,,Ny kandidat
Rätt Väg Express AB,5590104153,Hasselvägen 3,246 32,Löddeköpinge,Kävlinge,2.2,2025,1,2015,,,Ny kandidat
R.M recruit AB,5594986506,Maskrosgatan 7,274 38,Skurup,Skurup,2.2,2025,21,2024,,,Ny kandidat
Osseolight AB,5567687453,Betesvägen 30,263 54,Lerberget,Höganäs,2.2,2025,1,2008,,,Ny kandidat
Ludvigsborgs Entreprenad AB,5594139460,Ekbackevägen 6,242 71,Ludvigsborg,Hörby,2.2,2025,2,2022,,,Ny kandidat
Brisk Bemanning AB,5593782427,Transportgatan 13,262 71,Ängelholm,Ängelholm,2.2,2025,4,2022,,,Ny kandidat
ADHERE to LIFE AB,5568481922,Fridhällagatan 4,212 30,Malmö,Malmö,2.2,2025,1,2011,,,Ny kandidat
Workers4Sweden AB,5594223744,Albrektsvägen 116 a,603 53,Norrköping,Norrköping,2.2,2025,5,2023,,,Ny kandidat
JD eTrading AB,5569187189,Drottninggatan 49,602 32,Norrköping,Norrköping,2.2,2025,4,2013,,,Ny kandidat
Seguro AB,5569080913,Lievägen 20,746 39,Bålsta,Håbo,2.2,2024,4,2012,,,Ny kandidat
MN Trading AB,5593245201,Vitlingvägen 15,432 74,Träslövsläge,Varberg,2.2,2025,2,2021,,,Ny kandidat
HRS FOOD CONTRACT AB,5569194268,Parallellgatan 10,694 30,Hallsberg,Hallsberg,2.2,2025,4,2013,,,Ny kandidat
Oxelösunds Industrimålning AB,5568023609,Verkstadsgatan 9,613 41,Oxelösund,Oxelösund,2.2,2025,2,2010,,,Ny kandidat
Avan Barnmedicin i Sverige AB,5569231458,Björnbovägen 2,804 27,Gävle,Gävle,2.2,2025,2,2013,,,Ny kandidat
Ekohus & Industri Mälardalen AB,5592037435,Kronvägen 26 a,724 62,Västerås,Västerås,2.2,2025,4,2019,,,Ny kandidat
Idoctor AB,5568244916,Stubbskärsvägen 30,913 42,Obbola,Umeå,2.2,2025,0,2010,,,Ny kandidat
Carléns mekaniska AB,5590135785,Riggaregatan 9,572 75,Figeholm,Oskarshamn,2.2,2025,3,2015,,,Ny kandidat
MEdward AB,5591651731,Östra Skärfva Byväg 19,371 91,Karlskrona,Karlskrona,2.2,2025,2,2018,,,Ny kandidat
Herrewik Partner AB,5594407503,Hyvelgatan 10,621 41,Visby,Gotland,2.2,2024,1,2023,,,Ny kandidat
workdone AB,5592425499,Rosenlundsgatan 2,214 30,Malmö,Malmö,2.1,2025,3,2020,,,Ny kandidat
eData Solutions AB,5593303679,Warfvinges Väg 31,112 51,Stockholm,Stockholm,2.1,2025,3,2021,,,Ny kandidat
Vedea AB,5569093544,Magasinsgatan 7 1tr,903 27,Umeå,Umeå,2.1,2025,1,2012,,,Ny kandidat
Twin Works AB,5594713058,Allegatan 12,503 32,Borås,Borås,2.1,2025,1,2024,,,Ny kandidat
Speakeasy Agency AB,5568779341,Alstersvägen 22,168 39,Bromma,Stockholm,2.1,2025,0,2011,,,Ny kandidat
PRABI AB,5594911017,Lilla Torg 4,211 34,Malmö,Malmö,2.1,2025,1,2024,,,Ny kandidat
Logistic Professionals Sweden AB,5593252637,Citringatan 6,554 47,Jönköping,Jönköping,2.1,2025,1,2021,,,Ny kandidat
Kasma AB,5593447054,Raisiogatan 1,195 30,Märsta,Sigtuna,2.1,2025,1-4,2021,,,Ny kandidat
Jobready Stockholm AB,5593494270,Östermalmstorg 1,114 42,Stockholm,Stockholm,2.1,2025,1,2021,,,Ny kandidat
ISSY AB,5568129554,Stohagsvägen 44,724 65,Västerås,Västerås,2.1,2024,1,2010,,,Ny kandidat
CIP Global Executive Search AB,5566057120,Klarabergsviadukten 70,111 64,Stockholm,Stockholm,2.1,2025,2,2001,,,Ny kandidat
Beyron Ahxner AB,5590386735,Snårvägen 7,147 41,Tumba,Botkyrka,2.1,2025,1-4,2015,,,Ny kandidat
BayInCo Tech AB,5595028159,Datavägen 14 a,436 32,Askim,Göteborg,2.1,2025,1,2024,,,Ny kandidat
BENSAR90 AB,5592543861,Knapegårdsvägen 11,436 39,Askim,Göteborg,2.1,2025,1,2020,,,Ny kandidat
Viatour Group AB,5568825441,Björnflokevägen 39,162 45,Vällingby,Stockholm,2.1,2025,1,2012,,,Ny kandidat
Lexicare AB,5590279252,Kungsgatan 8,111 43,Stockholm,Stockholm,2.1,2024,3,2015,,,Ny kandidat
L&M Nordic AB,5591482442,Artillerigatan 68 b,115 30,Stockholm,Stockholm,2.1,2025,8,2018,,,Ny kandidat
EasyFreelance AB,5592819485,Baltzar Von Platens Gata 5,112 42,Stockholm,Stockholm,2.1,2025,2,2020,,,Ny kandidat
Swepharma Bemanning AB,5594907007,Banmästargatan 1 Lgh 8-1204,175 34,Järfälla,Järfälla,2.1,2025,3,2024,,,Ny kandidat
O M Gamdisk och städ AB,5594084476,Snapphanevägen 230 Lgh 1201,177 55,Järfälla,Järfälla,2.1,2025,3,2022,,,Ny kandidat
Nibe Consulting AB,5569261257,Granitvägen 3 a,183 63,Täby,Täby,2.1,2025,1,2013,,,Ny kandidat
Elitstyrkan i Haninge AB,5594242793,Folkskolevägen 1,136 69,Vendelsö,Haninge,2.1,2025,3,2023,,,Ny kandidat
PAHA Invest AB,5592475809,Odengatan 24 c,521 46,Falköping,Falköping,2.1,2025,2,2020,,,Ny kandidat
OLFM AB,5590789482,Spelmansvägen 16,461 57,Trollhättan,Trollhättan,2.1,2025,4,2016,,,Ny kandidat
BLAGAJ AB,5590659172,Skillingsgatan 91 Lgh 1102,507 50,Borås,Borås,2.1,2024,1,2016,,,Ny kandidat
SJÖSTRANDS TRANSPORT AB,5592346802,Korsaröd 615,243 72,Tjörnarp,Höör,2.1,2025,6,2020,,,Ny kandidat
PBT Entreprenad AB,5594427477,Hörröd 1468,282 65,Bjärnum,Hässleholm,2.1,2024,1,2023,,,Ny kandidat
Flexio Service AB,5593639627,Nordenskiöldsgatan 24,211 19,Malmö,Malmö,2.1,2024,2,2022,,,Ny kandidat
ADS Competens AB,5592946544,Byle 510,643 94,Vingåker,Finspång,2.1,2024,2,2021,,,Ny kandidat
Cnior AB,5593477093,Lena-Ängeby 87,743 91,Storvreta,Uppsala,2.1,2025,1,2021,,,Ny kandidat
Lyckmed AB,5592449564,Dalslundsgatan 7,553 13,Jönköping,Jönköping,2.1,2025,1,2020,,,Ny kandidat
LaPia Health & Education AB,5593936130,Kråkeberg Persö 1,575 96,Eksjö,Eksjö,2.1,2026,2,2022,,,Ny kandidat
Saltamonte AB,5591226138,Tjugesta 248,705 97,Glanshammar,Örebro,2.1,2025,1,2017,,,Ny kandidat
Kross och Entreprenadkonsult i Nora AB,5568696750,Knutsbergsvägen 29,713 30,Nora,Nora,2.1,2025,2,2011,,,Ny kandidat
Örstasam AB,5593968315,Gert Fredrikssons Väg 3,611 35,Nyköping,Nyköping,2.1,2025,3,2022,,,Ny kandidat
Tunbyn Invest Entreprenad AB,5591711220,Tunavägen 14,824 34,Hudiksvall,Hudiksvall,2.1,2025,1,2018,,,Ny kandidat
Gällivare Entreprenad i Norr AB,5594735408,Maltvägen 55,982 39,Gällivare,Gällivare,2.1,2025,2,2024,,,Ny kandidat
Umekan service AB,5563500650,Träskliden 217,922 67,Tavelsjö,Umeå,2.1,2025,3,1989,,,Ny kandidat
Medi Consultants Group MCG AB,5566486493,Generalsgatan 15,903 36,Umeå,Umeå,2.1,2025,2,2003,,,Ny kandidat
Kusmarks Entreprenad AB,5569877565,Älvgatan 4,934 41,Ersmark,Skellefteå,2.1,2025,2,2014,,,Ny kandidat
All-Kjells i Vimmerby AB,5568691934,Solhult 104,598 94,Vimmerby,Vimmerby,2.1,2025,3,2011,,,Ny kandidat
Familjen Polback AB,5591927479,Biskopsvägen 53,352 39,Växjö,Växjö,2.1,2025,1,2019,,,Ny kandidat
Curia Utbildning & Bemanning AB,5592392780,Ättehögsvägen 16,857 41,Sundsvall,Sundsvall,2.1,2025,2,2020,,,Ny kandidat
Willaborg Consulting AB,5591464242,Böle 145,832 93,Frösön,Östersund,2.1,2025,1,2018,,,Ny kandidat
Wrknest Engineering AB,5594478397,Medborgarplatsen 25,118 72,Stockholm,Stockholm,2,2025,0,2023,,,Ny kandidat
Thord Jonsson Artist & Nöje AB,5567502538,Gustavsviksvägen 9 a,132 51,Saltsjö-Boo,Nacka,2,2025,0,2008,,,Ny kandidat
T-Consulting Sweden AB,5568269715,Majvägen 7,642 33,Flen,Flen,2,2025,1,2010,,,Ny kandidat
Sveriges Guiderna AB,5593582322,Industrigatan 50,291 36,Kristianstad,Kristianstad,2,2025,1-4,2022,,,Ny kandidat
Skandit AB,5593342099,Einar Hansens Esplanad,211 13,Malmö,Malmö,2,2025,2,2021,,,Ny kandidat
Silfversparre Consulting AB,5569759847,Kärrvägen 4,429 35,Kullavik,Kungsbacka,2,2025,2,2014,,,Ny kandidat
Recruiting Rewards AB,5592572001,Kungsgatan 8,111 43,Stockholm,Stockholm,2,2025,1,2020,,,Ny kandidat
Maze 4 Talents AB,5567551881,Grevgatan 54 4tr,114 58,Stockholm,Stockholm,2,2025,1,2008,,,Ny kandidat
MULTIFLXIA AB,5566286679,Haga Nygata 18,413 01,Göteborg,Göteborg,2,2025,1,2002,,,Ny kandidat
Lönn-Sulic Mångfaldsmodeller AB,5566645999,Carl Gustafs Väg 46,214 21,Malmö,Malmö,2,2025,3,2004,,,Ny kandidat
Letsgig AB,5591144505,Gävlegatan 16,113 30,Stockholm,Stockholm,2,2025,3,2017,,,Ny kandidat
Jobnet AB,5593091696,Korsgatan 24,411 16,Göteborg,Göteborg,2,2025,1,2021,,,Ny kandidat
Jalla Jobbcenter AB,5592260896,Råtorpsvägen 8 b 1001,653 49,Karlstad,Karlstad,2,2025,3,2019,,,Ny kandidat
J.R.C i Stockholm AB,5593016222,Herrgårdsvägen 7 a,135 53,Tyresö,Tyresö,2,2025,2,2021,,,Ny kandidat
Indarad AB,5593348039,Ynglingavägen 1,177 57,Järfälla,Järfälla,2,2025,4,2021,,,Ny kandidat
Human Network Sverige AB,5568932858,Kungsgatan 22,302 46,Halmstad,Halmstad,2,2025,2,2012,,,Ny kandidat
GreyM AB,5594388174,Kungsbro Strand 29,112 26,Stockholm,Stockholm,2,2025,0,2023,,,Ny kandidat
FEEN Aktiebolag (svb),5569709081,Trotzgatan 2 g,791 30,Falun,Falun,2,2025,3,2014,,,Ny kandidat
Darwin Consulting AB,5593767923,"c/o Trägårdh Advokatbyrå, Box 345",201 23,Malmö,Malmö,2,2025,0,2022,,,Ny kandidat
Bonobon AB,5569304792,Karlavägen 73 6tr,114 49,Stockholm,Stockholm,2,2025,1,2013,,,Ny kandidat
Beyond Resource Sweden AB,5594160284,Blockvägen 8,352 45,Växjö,Växjö,2,2025,3,2022,,,Ny kandidat
Areus AB,5594310384,Timmervägen 13,549 64,Skövde,Skövde,2,2025,2,2023,,,Ny kandidat
Svensk Vårdsupport Sjuksköterskor AB,5590562871,Vasagatan 12,111 20,Stockholm,Stockholm,2,2025,1,2016,,,Ny kandidat
Sjuksyrra SWE AB,5569711244,Götgatan 22 a,118 46,Stockholm,Stockholm,2,2025,1,2014,,,Ny kandidat
Hyde Recruitment AB,5594839861,Norra Agnegatan 32,112 29,Stockholm,Stockholm,2,2025,10-19,2024,,,Ny kandidat
BPHealthcare AB,5593280752,Torsplan 8 Lgh 1808,113 65,Stockholm,Stockholm,2,2025,1-4,2021,,,Ny kandidat
ST Consultation AB,5593437477,Grossgärdsgatan 2 a,761 44,Norrtälje,Norrtälje,2,2025,2,2021,,,Ny kandidat
Rospiggens Begravningsbyrå i Sverige AB,5568452816,Strandgatan 7,185 32,Vaxholm,Vaxholm,2,2025,1,2011,,,Ny kandidat
Nurseline AB,5591973622,Wilhelm Kåges Gata 19,134 50,Gustavsberg,Värmdö,2,2024,3,2019,,,Ny kandidat
Nordic Group Concept AB,5591142426,Markörgatan 2,136 44,Handen,Haninge,2,2025,1,2017,,,Ny kandidat
HLR och Operationsspecialisterna i Storstockholm AB,5590515614,Boo Strandväg 1 b,132 36,Saltsjö-Boo,Nacka,2,2025,0,2016,,,Ny kandidat
Dover Bay AB,5562243039,Box 2022,141 02,Huddinge,Huddinge,2,2025,1-4,1982,,,Ny kandidat
ALLBACKSTAGE AB,5590343322,Hildas Väg 12,153 38,Järna,Södertälje,2,2025,2,2015,,,Ny kandidat
Trestads lyft och maskintransport AB,5594684754,Hagen 460,462 93,Vänersborg,Vänersborg,2,2025,1,2024,,,Ny kandidat
Nordenstam Johnsson AB,5593926230,Skår 305,442 92,Romelanda,Kungälv,2,2025,1,2022,,,Ny kandidat
Modum kök AB,5591584338,Bangårdsvägen 8,428 35,Kållered,Mölndal,2,2023,0,2018,,,Ny kandidat
Modu Transport Bemanning AB,5593245417,Bondegärdet 10 Lgh 1001,424 33,Angered,Göteborg,2,2025,2,2021,,,Ny kandidat
MOT AB,5593883670,Marieholmsgatan 42 Box 131 20,402 52,Göteborg,Göteborg,2,2025,1,2022,,,Ny kandidat
JJ Consulting AB,5592046071,Gunnar Wennerbergs Väg 39,443 34,Lerum,Lerum,2,2025,1,2019,,,Ny kandidat
c/o Finans AB,5569260986,Engelbrektsgatan 12,211 33,Malmö,Malmö,2,2025,1-4,2013,,,Ny kandidat
Vlad Cristian AB,5591343941,Jönköpingsgatan 56 d Lgh 1004,252 50,Helsingborg,Helsingborg,2,2025,2,2017,,,Ny kandidat
Ryan läkartjänst AB,5590248828,Silversparregatan 2,256 71,Helsingborg,Helsingborg,2,2025,3,2015,,,Ny kandidat
Marlins Städ i Malmö AB,5593633059,Bäckahästgatan 52,212 33,Malmö,Malmö,2,2024,1-4,2022,,,Ny kandidat
Gigservice Sweden AB,5594682568,Järngatan 12 d,234 35,Lomma,Lomma,2,2024,10-19,2024,,,Ny kandidat
Excellent HR Partner i Helsingborg AB,5590552559,Bäckavägen 23,254 81,Helsingborg,Helsingborg,2,2024,5,2016,,,Ny kandidat
Flyttmar Norrköpings Express AB,5567518054,Box 110,601 03,Norrköping,Norrköping,2,2025,3,2008,,,Ny kandidat
Bröderna Bjärnlids Dagsverke AB,5593303430,Bjäsätter Nergården 1,585 78,Vreta Kloster,Linköping,2,2025,1,2021,,,Ny kandidat
360 Öst AB,5594580028,Svärmaregatan 5,603 61,Norrköping,Norrköping,2,2025,1-4,2023,,,Ny kandidat
Oscar Palm Marketing AB,5566923172,Fordonsvägen 17,553 02,Jönköping,Jönköping,2,2024,0,2005,,,Ny kandidat
CGT Auto AB,5562677608,Barkaregatan 7,702 86,Örebro,Örebro,2,2025,1,1985,,,Ny kandidat
Ahita Diagnostik konsult AB,5593480998,Granrisvägen 10 a,702 35,Örebro,Örebro,2,2025,1,2021,,,Ny kandidat
André Karlsson Invest AB,5591994651,Karintorpsvägen 84,694 96,Åsbro,Askersund,2,2025,1,2019,,,Ny kandidat
Emil K Transport AB,5594227307,Sturegatan 54 a,791 60,Falun,Falun,2,2025,1-4,2023,,,Ny kandidat
Bostadseffekt Sverige AB,5569081333,Heden Brändavägen 9 b,793 92,Leksand,Leksand,2,2025,1,2012,,,Ny kandidat
M Wåhlstedt Transportservice AB,5569407892,Råvägen 29,817 93,Hamrångefjärden,Gävle,2,2025,1-4,2013,,,Ny kandidat
Face by DFA AB,5568641434,Norra Centralgatan 6 Lgh 1403,803 11,Gävle,Gävle,2,2025,1,2011,,,Ny kandidat
Railforce Sweden AB,5594192931,Ängsgärdsgatan 10,721 30,Västerås,Västerås,2,2025,3,2023,,,Ny kandidat
Nordström bemanning AB,5593967846,Stationsgatan 28,732 31,Arboga,Arboga,2,2025,1,2022,,,Ny kandidat
CM Leanbemanning AB,5569999120,Björnramsvägen 23,722 42,Västerås,Västerås,2,2024,2,2015,,,Ny kandidat
Stenudds Konsult & Arbetsledning AB,5569618100,C j Boströms Väg 12 b,941 34,Piteå,Piteå,2,2025,1-4,2014,,,Ny kandidat
NorthFix AB,5594476441,Västlundavägen 31 a,933 32,Arvidsjaur,Arvidsjaur,2,2025,1,2023,,,Ny kandidat
Landin Consulting och fastigheter AB,5593715658,Grelsbyvägen 34,956 31,Överkalix,Överkalix,2,2025,1,2022,,,Ny kandidat
Jari&Jessica AB,5592918832,"c/o Advokatbyrån Balk AB, Box 111",971 04,Luleå,Luleå,2,2022,1,2020,,,Ny kandidat
Ranya Med AB,5590520671,Storgatan 46,352 36,Växjö,Växjö,2,2025,3,2016,,,Ny kandidat
Lordea AB,5569770240,Björnbärsvägen 111,352 61,Växjö,Växjö,2,2025,2,2014,,,Ny kandidat
MER Service i Jämtland AB,5593788770,Garvarvägen 8,835 40,Nälden,Krokom,2,2025,1,2022,,,Ny kandidat
Dykbemanning Gotland AB,5594961194,Follingbo Klinte 276,621 91,Visby,Gotland,2,2025,2,2024,,,Ny kandidat
iWest Personal AB,5590344924,Spikgatan 37,302 44,Halmstad,Halmstad,1.9,2025,4,2015,,,Ny kandidat
Verdi Nordic AB,5595019711,Biblioteksgatan 29,114 35,Stockholm,Stockholm,1.9,2025,1-4,2024,,,Ny kandidat
Transeo AB,5594795147,Amiralsgatan 86 c,214 37,Malmö,Malmö,1.9,2025,1-4,2024,,,Ny kandidat
Tor Konsult AB,5568072705,Flensvägen 46,640 30,Hälleforsnäs,Flen,1.9,2025,1,2010,,,Ny kandidat
R.S Jobb Magnet AB,5592745151,Helsingborgsvägen 11,341 33,Ljungby,Ljungby,1.9,2024,3,2020,,,Ny kandidat
Paul Position Consulting AB,5593972226,Södra Långgatan 25,169 59,Solna,Solna,1.9,2025,1,2022,,,Ny kandidat
One Star AB,5593888232,Liedstrandsgatan 8,416 58,Göteborg,Göteborg,1.9,2025,1,2022,,,Ny kandidat
Motivista Consulting AB,5591701544,Fiskhamnsgatan 2,414 51,Göteborg,Göteborg,1.9,2025,1,2018,,,Ny kandidat
Mats Källström Information Aktiebolag,5563149110,Wallingatan 37,111 24,Stockholm,Stockholm,1.9,2025,1,1988,,,Ny kandidat
MPS Sverige AB,5567802250,Birger Jarlsgatan 2 5 Tr,114 34,Stockholm,Stockholm,1.9,2025,1,2009,,,Ny kandidat
Kvarnhyddan AB,5562848084,Kvarngränd 8,432 45,Varberg,Varberg,1.9,2025,1,1986,,,Ny kandidat
Find By Anna AB,5592366453,Stenmursvägen 36,331 54,Värnamo,Värnamo,1.9,2025,1,2020,,,Ny kandidat
Farell Consulting AB,5568597222,Hjortronmossevägen 2,139 35,Värmdö,Värmdö,1.9,2025,1,2011,,,Ny kandidat
EK Konsult Bemanning AB,5591476303,"c/o Ermin Kanlic, Atlasgatan 9",113 20,Stockholm,Stockholm,1.9,2024,6,2018,,,Ny kandidat
Din Rekryteringspartner i Umeå AB,5595190645,Godemansvägen 23 d,903 55,Umeå,Umeå,1.9,2025,1,2025,,,Ny kandidat
Definite AB,5567855753,"c/o Cedergren, Fredsborgsgatan 36",117 54,Stockholm,Stockholm,1.9,2022,1,2009,,,Ny kandidat
Comcube AB,5568382211,Jöns Filsgatan 2,211 33,Malmö,Malmö,1.9,2025,2,2011,,,Ny kandidat
Cfk Konsult AB,5569212136,Billdals Häggväg 33,427 39,Billdal,Göteborg,1.9,2025,2,2013,,,Ny kandidat
By Sanna AB,5593219727,Kuskvägen 11,331 35,Värnamo,Värnamo,1.9,2025,1,2021,,,Ny kandidat
Bipet Consulting AB,5592910755,Danderydsvägen 16 c,182 66,Djursholm,Danderyd,1.9,2025,1,2020,,,Ny kandidat
Arbetsvägen Halland AB,5592676968,Torggatan 2,311 31,Falkenberg,Falkenberg,1.9,2025,3,2020,,,Ny kandidat
Arbetsmedlarna i Sverige AB,5569559668,Handenterminalen 4,136 40,Handen,Haninge,1.9,2025,3,2013,,,Ny kandidat
André Hellström AB,5568598360,Dressyrvägen 31,857 52,Sundsvall,Sundsvall,1.9,2025,1,2011,,,Ny kandidat
Althalja N.J.L AB,5594841966,Kungsgatan 11,774 30,Avesta,Avesta,1.9,2025,1-4,2024,,,Ny kandidat
ABS Bygg och Entreprenad AB,5593250953,Rydellvägen 15,712 30,Hällefors,Hällefors,1.9,2024,3,2021,,,Ny kandidat
Trygghetsbevakning Sverige AB,5568198211,Hamngatan 10,111 47,Stockholm,Stockholm,1.9,2025,1,2010,,,Ny kandidat
M&E Bemanning AB,5594264235,Atterbomsvägen 58,112 57,Stockholm,Stockholm,1.9,2024,4,2023,,,Ny kandidat
Khan care AB,5594075698,Ormängsgatan 46,165 56,Hässelby,Stockholm,1.9,2025,2,2022,,,Ny kandidat
Åkare i Sverige Åkersberga AB,5566006440,Qgc 465-E Billo,106 46,Stockholm,Österåker,1.9,2025,0,2000,https://akareisverige.se/,,Ny kandidat
YellowRock AB,5594556986,Stäkshöjden 19,176 76,Järfälla,Järfälla,1.9,2025,5,2023,,,Ny kandidat
SB Marktjänst AB,5569522013,Atles Väg 24,148 33,Ösmo,Nynäshamn,1.9,2025,1,2013,,,Ny kandidat
Hillsan AB,5594766940,Ledungsvägen 32,178 38,Ekerö,Ekerö,1.9,2025,2,2024,,,Ny kandidat
Burgos Entreprenad AB,5568127905,Skarprättarvägen 1 b,176 77,Järfälla,Järfälla,1.9,2025,1,2010,,,Ny kandidat
Slutplattan HAMLO 126906 AB,5590701099,"c/o Bolagsstiftarna AB, Box 12086",402 41,Göteborg,Göteborg,1.9,2025,1,2016,,,Ny kandidat
SM-Justering Aktiebolag,5563243210,Magnetvägen 7,461 38,Trollhättan,Trollhättan,1.9,2025,3,1988,,,Ny kandidat
Perkhed Company AB,5590278965,Lönnåsen Slättäng 2,516 96,Aplared,Borås,1.9,2025,2,2015,,,Ny kandidat
MAV-iation AB,5594986217,Stallgatan 39,462 40,Vänersborg,Vänersborg,1.9,2025,1,2024,,,Ny kandidat
Aktiebolag Pontus Sandberg,5591544944,Larsered 262,463 96,Nygård,Lilla Edet,1.9,2025,1,2018,,,Ny kandidat
AS Logistik AB,5594548777,Åsliden 4,449 50,Alafors,Ale,1.9,2025,3,2023,,,Ny kandidat
WGA IT & Bemanning tjänster AB,5569970329,Nöbbelövs Mossaväg 1,226 60,Lund,Lund,1.9,2023,1,2014,,,Ny kandidat
Misalith AB,5593153413,Eleonoras Väg 4,261 94,Annelöv,Landskrona,1.9,2024,1,2021,,,Ny kandidat
Berliko AB,5569896045,Box 4503,203 20,Malmö,Malmö,1.9,2024,6,2014,,,Ny kandidat
Hjärpe Holding AB,5590145180,Abborrebergsvägen 7,603 75,Norrköping,Norrköping,1.9,2026,1-4,2015,,,Ny kandidat
Engkel AB,5594439068,Garvaregatan 18,582 53,Linköping,Linköping,1.9,2025,3,2023,,,Ny kandidat
Zenteec Solutions AB,5592311533,Kärrdalsvägen 12,742 43,Öregrund,Östhammar,1.9,2025,2,2019,,,Ny kandidat
Robin Johansson AB,5592643562,Kronvägen 10,574 93,Vetlanda,Vetlanda,1.9,2025,1,2020,,,Ny kandidat
Junior TeamWork AB,5592110711,Fredsgatan 2 f,331 52,Värnamo,Värnamo,1.9,2025,1,2019,,,Ny kandidat
Kungsbacka Estetik AB,5593895278,Hantverksgatan 8 b,434 42,Kungsbacka,Kungsbacka,1.9,2025,1,2022,,,Ny kandidat
Forsbäck Holding AB,5591223846,Hilmers Väg 3,434 91,Kungsbacka,Kungsbacka,1.9,2025,1,2017,,,Ny kandidat
Tuna Bemanning AB,5591320097,Gunborg Nymans Väg 2,632 22,Eskilstuna,Eskilstuna,1.9,2025,5,2017,,,Ny kandidat
Division 303 i Kvicksund AB,5568666951,Karpvägen 16,635 31,Kvicksund,Eskilstuna,1.9,2025,2,2011,,,Ny kandidat
MP Åkeritjänster i Helsingborg AB,5569855850,Ritargatan 6,781 70,Borlänge,Borlänge,1.9,2025,5,2014,,,Ny kandidat
Carmod Sweden AB,5591996649,Turbinvägen 2,771 42,Ludvika,Ludvika,1.9,2025,2,2019,,,Ny kandidat
Aero Komponenter Rindö AB,5593584161,Flygstaden Byggnad 85,826 70,Söderhamn,Söderhamn,1.9,2025,1-4,2022,,,Ny kandidat
AB Frida bygg & prefab montage,5590900451,Edelsbergsvägen 82,821 34,Bollnäs,Bollnäs,1.9,2025,1,2016,,,Ny kandidat
Pizzeria Hagfors AB,5591195184,Storgatan 9,683 32,Hagfors,Hagfors,1.9,2025,1-4,2017,,,Ny kandidat
Aktiebolaget C.G. Dahlins Eftr.,5560609736,Kulinggatan 13,652 21,Karlstad,Karlstad,1.9,2025,1,1955,,,Ny kandidat
Marilia AB,5590263462,Norra Åvägen 22,734 50,Kolbäck,Hallstahammar,1.9,2025,1,2015,,,Ny kandidat
Wallgrens Teknik AB,5567174908,Suorvavägen 5,982 36,Gällivare,Gällivare,1.9,2024,2,2006,,,Ny kandidat
LeaseMe AB,5569673048,Drejarvägen 30,961 40,Boden,Boden,1.9,2025,2,2014,,,Ny kandidat
Sherpa Stage Crew AB,5568386469,Trossvägen 6,891 78,Bonässund,Örnsköldsvik,1.9,2025,4,2011,,,Ny kandidat
MH Support AB,5569168627,Norjevägen 18 c,294 76,Sölvesborg,Sölvesborg,1.9,2025,1,2012,,,Ny kandidat
Havsklippan AB,5569412322,Klostervägen 8,372 94,Listerby,Ronneby,1.9,2025,5,2013,,,Ny kandidat
We are Heroes AB,5590869805,Skolgatan 8,833 51,Hoting,Strömsund,1.9,2025,1,2016,,,Ny kandidat
Finaco AB,5567751747,Visbyvägen 8,622 54,Romakloster,Gotland,1.9,2025,1,2009,,,Ny kandidat
iSociety AB,5594074220,Birkagatan 26,113 39,Stockholm,Stockholm,1.8,2025,0,2022,,,Ny kandidat
Talent People Interim & Search Sweden AB,5594762089,Torbjörn Klockares Gata 3,113 30,Stockholm,Stockholm,1.8,2025,1,2024,,,Ny kandidat
Swifty AB,5593219586,Sandviksvägen 86,791 46,Falun,Falun,1.8,2025,3,2021,,,Ny kandidat
Sturehovs Partner AB,5593873820,Hjalmar Söderbergs Väg 16 a,112 52,Stockholm,Stockholm,1.8,2024,2,2022,,,Ny kandidat
Sociotalang Sverige AB,5594368812,Länkvägen 3,194 39,Upplands Väsby,Upplands Väsby,1.8,2025,1,2023,,,Ny kandidat
Servicegruppen Partner i Göteborg AB,5565521969,"c/o JOHNNY SMITH, Fredriksdalsgatan 12 c",412 65,Göteborg,Göteborg,1.8,2024,0,1998,,,Ny kandidat
SEVR Recruitment AB,5593778995,Fredsgatan 1,411 07,Göteborg,Göteborg,1.8,2025,1,2022,,,Ny kandidat
Revocruit AB,5592820137,Gamens Väg 3,647 35,Mariefred,Strängnäs,1.8,2025,1,2020,,,Ny kandidat
RMC Medicinkonsult AB,5593759540,Frustunavägen 26,125 40,Älvsjö,Stockholm,1.8,2025,1,2022,,,Ny kandidat
Pointpeople Aktiebolag,5567433445,Föreningsvägen 29,182 73,Stocksund,Danderyd,1.8,2025,1,2007,,,Ny kandidat
Pike Personal Group AB,5592513575,Geijersgatan 4 b,216 18,Limhamn,Malmö,1.8,2025,1,2020,,,Ny kandidat
Pauline H Casting AB,5593878514,Tjärhovsgatan 42,116 28,Stockholm,Stockholm,1.8,2025,1,2022,,,Ny kandidat
Moderskeppet Sävedalen AB,5594508276,Kullegärdet 79,433 68,Sävedalen,Partille,1.8,2025,1,2023,,,Ny kandidat
MGG Consulting AB,5593274698,Flens-Väsby Ekvik,642 91,Flen,Flen,1.8,2025,1,2021,,,Ny kandidat
MCK Bemanning AB,5594257940,Ekeby Bruk 2 h,752 63,Uppsala,Uppsala,1.8,2025,2,2023,,,Ny kandidat
MC-Consulting AB,5590416318,"Aspö, Björndalen 4",645 93,Strängnäs,Strängnäs,1.8,2025,1,2015,,,Ny kandidat
Josefin Pauli AB,5591664023,Domherrevägen 55,192 55,Sollentuna,Sollentuna,1.8,2025,1,2018,,,Ny kandidat
Höreda Bemanning AB,5593702805,Västra Höreda 2,571 97,Forserum,Jönköping,1.8,2024,1,2022,,,Ny kandidat
Hygieia Städ AB,5593091621,Montörgatan 7,302 62,Halmstad,Halmstad,1.8,2024,1,2021,,,Ny kandidat
Hired Sverige AB,5594938010,Hjortängsvägen 22 c,132 44,Saltsjö-Boo,Nacka,1.8,2025,1,2024,,,Ny kandidat
Fast Lane AB,5593332751,Kosmosgatan 35,415 62,Göteborg,Göteborg,1.8,2025,4,2021,,,Ny kandidat
EMAJSI AB,5591813307,Strömfjordsvägen 5,439 33,Onsala,Kungsbacka,1.8,2025,1,2018,,,Ny kandidat
DWI Consulting AB,5591981799,Hagagatan 17 l Tr 4,113 47,Stockholm,Stockholm,1.8,2025,1,2019,,,Ny kandidat
Christine Mannerstråle AB,5594803222,Sjöbergs Säteri 7,561 63,Tenhult,Jönköping,1.8,2025,2,2024,,,Ny kandidat
Brightness Communications AB,5569019333,Brobyvägen 43,187 35,Täby,Täby,1.8,2025,1,2012,,,Ny kandidat
Alwin Consulting AB,5595046086,Kolonnvägen 68,170 67,Solna,Solna,1.8,2025,1,2024,,,Ny kandidat
Aldea Executive Search AB,5594153008,Fågelsträcket 31,181 46,Lidingö,Lidingö,1.8,2025,2,2022,,,Ny kandidat
Advokat Henrik Hoffman Aktiebolag,5562642842,Södra Agnegatan 29,112 29,Stockholm,Stockholm,1.8,2025,1,1985,,,Ny kandidat
Act1 Group Sweden AB,5592456437,Grev Turegatan 30,114 38,Stockholm,Stockholm,1.8,2024,1-4,2020,,,Ny kandidat
Tandläkare Viktoria G AB,5590539697,Birger Jarlsgatan 120 a Lgh 1401,114 20,Stockholm,Stockholm,1.8,2025,1,2016,,,Ny kandidat
Stockholms Depå Service AB,5569455214,"c/o Wistrand Advokatbyrå, Box 7543",103 93,Stockholm,Stockholm,1.8,2023,0,2013,,,Ny kandidat
Quality Smart Support QSS AB,5590338595,Adilsvägen 9,168 53,Bromma,Stockholm,1.8,2025,1,2015,,,Ny kandidat
NKA Städ & Livs Aktiebolag,5565941209,Sätragårdsvägen 75,127 30,Skärholmen,Stockholm,1.8,2025,3,2000,,,Ny kandidat
Genex AB,5568551641,Olshammarsgatan 56,124 76,Bandhagen,Stockholm,1.8,2025,2,2011,,,Ny kandidat
SIWI Holding AB,5593880684,Korgbollsvägen 3,151 59,Södertälje,Södertälje,1.8,2024,1,2022,,,Ny kandidat
Nordanvind Bemanningstjänst AB,5593220394,Lillskogsvändan 9,139 54,Värmdö,Värmdö,1.8,2025,0,2021,,,Ny kandidat
M.G Assist Bemanning AB,5591999833,Trappstigen 4,146 54,Tullinge,Botkyrka,1.8,2025,1,2019,,,Ny kandidat
Entreprenadservice Maskin Södertälje AB,5592965403,Brännarevägen 7,151 55,Södertälje,Södertälje,1.8,2025,0,2021,,,Ny kandidat
Arrow Transport AB,5594545054,Södra Jordbrovägen 115,137 63,Jordbro,Haninge,1.8,2024,0,2023,,,Ny kandidat
Strömstad Skee 2:1 AB,5560782897,Bentevägen 9,452 90,Strömstad,Strömstad,1.8,2025,0,1961,,,Ny kandidat
Specialisttandläkare Avesta Haider AB,5592106586,Jutagårdsvägen 32 b,443 38,Lerum,Lerum,1.8,2025,1,2019,,,Ny kandidat
Seniorarbete AAJ AB,5592676091,Lilla Brogatan 19 Vån 2,503 35,Borås,Borås,1.8,2025,2,2020,,,Ny kandidat
Nordic Weldness AB,5592608441,Sundet 530,438 93,Landvetter,Härryda,1.8,2025,2,2020,,,Ny kandidat
Kolibra AB,5569275513,Stora Pölsans Väg 8,423 40,Torslanda,Göteborg,1.8,2024,3,2013,,,Ny kandidat
Grubbagården Lantbruks AB,5564296738,Åsle Grubbagården,521 91,Falköping,Falköping,1.8,2024,1,1991,,,Ny kandidat
Önneköps Konsult AB,5593852295,Önneköps Vång 7,242 98,Hörby,Hörby,1.8,2025,1,2022,,,Ny kandidat
Värda Familjer AB,5569718553,Östra Varvsgatan 5 c,211 75,Malmö,Malmö,1.8,2026,2,2014,,,Ny kandidat
Rosdahls Transport AB,5569197626,Klintarps Gård 2286,264 92,Klippan,Klippan,1.8,2025,1,2013,,,Ny kandidat
PLB Allservice AB,5594644279,Östra Mölledalsvägen 36 c,236 34,Höllviken,Vellinge,1.8,2025,1,2023,,,Ny kandidat
Industri och service i Skåne AB,5590175484,Vallarödsvägen 140,265 90,Åstorp,Åstorp,1.8,2025,1,2015,,,Ny kandidat
Elit Trafikskola i Norrköping AB,5593948226,Odalgatan 19,602 29,Norrköping,Norrköping,1.8,2025,1,2022,,,Ny kandidat
BLADESTALL AB,5591581664,Henriks Väg 11,589 65,Bestorp,Linköping,1.8,2025,2,2018,,,Ny kandidat
Dahlgrens i Falkenberg AB,5590644174,Åke Tottsgatan 11,311 74,Falkenberg,Falkenberg,1.8,2025,2,2016,,,Ny kandidat
WB Åkeri AB,5594418062,Hallonstigen 6,645 43,Strängnäs,Strängnäs,1.8,2025,2,2023,,,Ny kandidat
Forssblad Motorsport AB,5593541088,Kvedby Lövhyttan 1,611 93,Nyköping,Nyköping,1.8,2025,0,2021,,,Ny kandidat
Intertalento Service Agency AB,5595041731,"c/o Svenska Standardbolag AB, Box 292",791 27,Falun,Falun,1.8,2025,5,2024,,,Ny kandidat
Mälardalens Bygg & Bemanning AB,5590142690,Stora Gatan 39 Bv,722 12,Västerås,Västerås,1.8,2025,2,2015,,,Ny kandidat
Railway Agency AB,5566393236,Hantverkaregatan 23 b Lgh 1101,981 32,Kiruna,Kiruna,1.8,2025,2,2003,,,Ny kandidat
North Invest AB,5594506502,Lasarettsgatan 64 b,982 34,Gällivare,Gällivare,1.8,2024,2,2023,,,Ny kandidat
Lappeasuando Turistservice Aktiebolag,5563928729,Killingevägen 46,982 04,Skaulo,Gällivare,1.8,2025,1,1990,,,Ny kandidat
Klas Hällerstrand AB,5565156931,Bullerviksvägen 10,944 73,Piteå,Piteå,1.8,2025,3,1995,,,Ny kandidat
Vitvaruspecialisten Umeå Holding AB,5562435171,Kvarnstensvägen 9 b,903 55,Umeå,Umeå,1.8,2025,1,1984,,,Ny kandidat
Jocke Fixare AB,5593472730,Skepparvägen 33,932 52,Bureå,Skellefteå,1.8,2025,1,2021,,,Ny kandidat
JB Konsult i Lycksele AB,5591496319,Glimmervägen 21,921 37,Lycksele,Lycksele,1.8,2025,2,2018,,,Ny kandidat
BECO Entreprenad AB,5595223966,Ulriksdal 20,935 93,Norsjö,Norsjö,1.8,2025,1,2025,,,Ny kandidat
Sundsvalls City Transport AB,5593481814,Norrskensvägen 2 a,863 33,Sundsbruk,Sundsvall,1.8,2024,2,2021,,,Ny kandidat
Djurvaruhuset i Sundsvall AB,5564275153,Merkurvägen 15,854 68,Sundsvall,Sundsvall,1.8,2025,1,1991,,,Ny kandidat
Aspö Composite Bygg AB,5567538375,Krokvägen 19,373 64,Drottningskär,Karlskrona,1.8,2024,2,2008,,,Ny kandidat
Jämtlands senioruthyrning AB,5569016404,Kolarevägen 10 j,831 72,Östersund,Östersund,1.8,2025,2,2012,,,Ny kandidat
Bröderna Thalén AB,5593597502,Lien 341,844 91,Hammarstrand,Ragunda,1.8,2025,2,2022,,,Ny kandidat
msemploy Sweden AB,5567196307,Borgarfjordsgatan 4 4tr,164 55,Kista,Stockholm,1.7,2024,4,2007,,,Ny kandidat
VenturePeople AB,5569862443,Bondegatan 18,116 33,Stockholm,Stockholm,1.7,2025,1,2014,,,Ny kandidat
Swane Consulting AB,5590198304,Hornsbergs Strand 71,112 16,Stockholm,Stockholm,1.7,2025,1,2015,,,Ny kandidat
Sommensjö HR AB,5591315410,Champinjonvägen 11,132 44,Saltsjö-Boo,Nacka,1.7,2024,1,2017,,,Ny kandidat
Sobab Samverkan och Bemanning AB,5594564071,Grindtorpsvägen 13 Lgh 1801,183 32,Täby,Täby,1.7,2025,1-4,2023,,,Ny kandidat
Search4S Dustgoat AB,5590659297,Fatburs Kvarngata 23,118 64,Stockholm,Stockholm,1.7,2025,1,2016,,,Ny kandidat
SOREVO Bemanning AB,5593667701,Slånbärsvägen 7,182 36,Danderyd,Danderyd,1.7,2025,10-19,2022,,,Ny kandidat
Psykab AB,5567419493,Nygranhed 3,641 97,Katrineholm,Katrineholm,1.7,2025,2,2007,,,Ny kandidat
Praca Match AB,5595128363,Pumpgatan 1,417 55,Göteborg,Göteborg,1.7,2025,1,2024,,,Ny kandidat
Power Solutions Väst AB,5591601363,Handelsvägen 13,302 30,Halmstad,Halmstad,1.7,2025,2,2018,,,Ny kandidat
Noreno AB,5593101933,Blåbärsgatan 37,749 42,Enköping,Enköping,1.7,2025,2,2021,,,Ny kandidat
Nimko consulting AB,5593967663,Fyrspannsvägen 46,131 48,Nacka,Nacka,1.7,2025,1,2022,,,Ny kandidat
Michael Catenacci AB,5562852466,Brunnsgatan 3,172 68,Sundbyberg,Sundbyberg,1.7,2025,1,1986,,,Ny kandidat
LH Affärsutveckling AB,5594339029,Regeringsgatan 83,111 39,Stockholm,Stockholm,1.7,2025,2,2023,,,Ny kandidat
L Gruppen AB,5594152711,Herrgårdsgatan 10,652 25,Karlstad,Karlstad,1.7,2024,5-9,2022,,,Ny kandidat
K&S Bemanning AB,5569888802,Tallidsvägen 3 b,131 37,Nacka,Nacka,1.7,2025,2,2014,,,Ny kandidat
Green Search & Selection AB,5568160609,Engelbrektsgatan 5,211 33,Malmö,Malmö,1.7,2025,1,2010,,,Ny kandidat
Good Fit Consulting AB,5592587330,Västra Ryttmästaregatan 18 a,217 52,Malmö,Malmö,1.7,2025,0,2020,,,Ny kandidat
Glansia AB,5594415803,Stora Gatan 44 a,722 12,Västerås,Västerås,1.7,2025,1-4,2023,,,Ny kandidat
Gazella Trygg AB,5595342808,Västra Järnvägsgatan 23,111 64,Stockholm,Stockholm,1.7,2025,0,2025,,,Ny kandidat
Endurio AB,5590111315,Dalagatan 44,113 24,Stockholm,Stockholm,1.7,2025,1,2015,,,Ny kandidat
Cleo Consulting AB,5594215872,Ringvägen 12,117 26,Stockholm,Stockholm,1.7,2025,1,2023,,,Ny kandidat
BraPersonal Sverige AB,5567457279,Linjegatan 3 d,302 50,Halmstad,Halmstad,1.7,2025,2,2007,,,Ny kandidat
Boxhill AB,5568953136,Regeringsgatan 52,111 56,Stockholm,Stockholm,1.7,2025,1-4,2012,,,Ny kandidat
Bloomscape AB,5594709494,Gillerbacken 10,124 64,Bandhagen,Stockholm,1.7,2025,2,2024,,,Ny kandidat
Am hyr & service i Skåne AB,5592835366,Önnerupsvägen 3,227 63,Lund,Lund,1.7,2023,2,2020,,,Ny kandidat
Acquiro International Recruitment AB,5592579725,Regementsgatan 6,211 42,Malmö,Malmö,1.7,2025,2,2020,,,Ny kandidat
"AB International Search partners, ISPA",5565435822,Lilla Bommen 6 7tr,411 04,Göteborg,Göteborg,1.7,2024,1,1997,,,Ny kandidat
Robutz Förvaltning AB,5592536873,Kamrerarvägen 25,129 30,Hägersten,Stockholm,1.7,2025,0,2020,,,Ny kandidat
Mattias Lindberg Bemanning AB,5591536304,Upplandsgatan 32,113 28,Stockholm,Stockholm,1.7,2025,1,2018,,,Ny kandidat
Defencia Service AB,5568478696,Pilgrimsvägen 68 1tr Lgh 1003,126 48,Hägersten,Stockholm,1.7,2025,4,2011,,,Ny kandidat
BemanningsXpressen i Sverige AB,5593860207,Johan Skyttes Väg 203 2 Tr,125 34,Älvsjö,Stockholm,1.7,2025,3,2022,,,Ny kandidat
Service 4you Sundbyberg AB,5568843287,Svetsarvägen 15 2 Tr,171 41,Solna,Solna,1.7,2025,8,2012,,,Ny kandidat
Sase nursecare AB,5594905837,Porslinsstigen 10,196 38,Kungsängen,Upplands-Bro,1.7,2025,1,2024,,,Ny kandidat
Peter Kasto Medical AB,5590582556,Carin Horns Gata 7,152 59,Södertälje,Södertälje,1.7,2025,2,2016,,,Ny kandidat
MIMLITA AB,5569646333,Stadsträdgårdsgatan 50,151 68,Södertälje,Södertälje,1.7,2025,3,2014,,,Ny kandidat
Carlos Lilja KONSULT AB,5593059701,Kvarnbergsvägen 23,141 45,Huddinge,Huddinge,1.7,2024,1,2021,,,Ny kandidat
Care4u Europe AB,5567434476,Ljustret 3,193 41,Sigtuna,Sigtuna,1.7,2025,1,2007,,,Ny kandidat
Bredden Bilservice & Bilvård AB,5593957813,Kranvägen 2,194 61,Upplands Väsby,Upplands Väsby,1.7,2025,1,2022,,,Ny kandidat
Röntgenjouren Sverige AB,5592970387,Slottsberget 10,417 57,Göteborg,Göteborg,1.7,2025,0,2021,,,Ny kandidat
Kidshälsa AB,5591208029,Älmerud 276,462 91,Vänersborg,Vänersborg,1.7,2025,1,2017,,,Ny kandidat
Antovak AB,5592208366,Majorsgatan 10 Lgh 1202,413 08,Göteborg,Göteborg,1.7,2025,1,2019,,,Ny kandidat
Klug Entreprenad AB,5592792948,Skivarp 69,274 54,Skivarp,Skurup,1.7,2025,2,2020,,,Ny kandidat
Karlite Consulting AB,5594281619,Södra Hunnetorpsvägen 90 c,256 62,Helsingborg,Helsingborg,1.7,2025,0,2023,,,Ny kandidat
Compandben Sweden AB,5593057143,Barsebäcksvägen 60,246 30,Löddeköpinge,Kävlinge,1.7,2025,2,2021,,,Ny kandidat
Blomberg & Näsströms AB,5592207764,Hortonomgatan 1,253 53,Påarp,Helsingborg,1.7,2025,1,2019,,,Ny kandidat
Läkargruppen i Linköping AB,5591274328,Skogstorpsvägen 20,585 72,Ljungsbro,Linköping,1.7,2025,2,2017,,,Ny kandidat
Frippe Johansson Allservice AB,5591256333,Fastebo Solberga,615 94,Valdemarsvik,Valdemarsvik,1.7,2025,2,2017,,,Ny kandidat
Adacta socionom AB,5593305427,Gulmåragatan 16,745 63,Enköping,Enköping,1.7,2026,1,2021,,,Ny kandidat
D&M Uthyrning Entreprenad AB,5592478720,Gustav Alberts Väg 32,439 51,Åsa,Kungsbacka,1.7,2025,1,2020,,,Ny kandidat
ATF Maskin AB,5568841679,Buskmyravägen 1,825 30,Iggesund,Hudiksvall,1.7,2025,2,2012,,,Ny kandidat
Rådström Event AB,5569239204,Skolgatan 2,685 33,Torsby,Torsby,1.7,2025,1,2013,,,Ny kandidat
OEBERG SOLUTIONS AB,5595194829,Kärleksstigen 9,952 32,Kalix,Kalix,1.7,2025,1,2025,,,Ny kandidat
JS LOGISTIK OCH ENTREPRENAD I UMEÅ AB,5592472673,Kontaktvägen 1,901 33,Umeå,Umeå,1.7,2025,0,2020,,,Ny kandidat
Crew Solutions Kalmar AB,5592623630,Korsvägen 5,394 77,Kalmar,Kalmar,1.7,2025,3,2020,,,Ny kandidat
Pharmagruppen AB,5594813445,Startvägen 23,352 51,Växjö,Växjö,1.7,2025,1,2024,,,Ny kandidat
influx AB,5594192261,Sjöbo Torg 3,506 42,Borås,Borås,1.6,2025,1,2023,,,Ny kandidat
Wilford Leadership Partner AB,5566360888,Gottlösa Norrgård 2,595 97,Mantorp,Mjölby,1.6,2025,1,2002,,,Ny kandidat
WIDE Personalpartner AB,5593521957,Skrängstabodarna 200,862 96,Njurunda,Sundsvall,1.6,2025,2,2021,,,Ny kandidat
The Jobbify i Sverige AB,5594434291,Tappvägen 31 f,168 78,Bromma,Stockholm,1.6,2025,1,2023,,,Ny kandidat
Sweden Entertainment Group AB,5594693904,Sandhamnsgatan 61,115 28,Stockholm,Stockholm,1.6,2025,1,2024,,,Ny kandidat
Subito Bemanning AB,5568065782,Stockholmsvägen 33,181 33,Lidingö,Lidingö,1.6,2025,0,2010,,,Ny kandidat
Steps Jobbcenter AB,5593117707,Lillåvägen 44,128 45,Bagarmossen,Stockholm,1.6,2026,2,2021,,,Ny kandidat
STENMARK CV FILM & CASTING AB,5594746678,Kringelkroken 18,135 30,Tyresö,Tyresö,1.6,2025,3,2024,,,Ny kandidat
SEBR AB,5593416372,Bondegatan 33,116 33,Stockholm,Stockholm,1.6,2025,1,2021,,,Ny kandidat
Patrick & Christian Food Consulting AB,5590386859,Konstförvantsgatan 12,415 72,Göteborg,Göteborg,1.6,2025,2,2015,,,Ny kandidat
NETC Group Aktiebolag,5591756266,Gäddvägen 7 a,181 30,Lidingö,Lidingö,1.6,2025,1,2018,,,Ny kandidat
MAWEJ Projekt AB,5591704621,Wedavägen 2 a,152 42,Södertälje,Södertälje,1.6,2025,6,2018,,,Ny kandidat
Lahne Unit AB,5591639355,Katarina Bangata 58,116 39,Stockholm,Stockholm,1.6,2025,0,2018,,,Ny kandidat
Lagercrantz Associates AB,5569530990,Mosebacke Torg 3,116 46,Stockholm,Stockholm,1.6,2025,1,2013,,,Ny kandidat
LEJCA AB,5569668931,Lillgårdsvägen 5,181 57,Lidingö,Lidingö,1.6,2025,1,2014,,,Ny kandidat
L&D Care AB,5569504201,Vätövägen 460,761 76,Norrtälje,Norrtälje,1.6,2025,4,2013,,,Ny kandidat
JobYard Sverige AB,5593598468,Torshamnsgatan 39,164 40,Kista,Stockholm,1.6,2024,1,2022,,,Ny kandidat
Henrison AB,5568383805,Lundagatan 36,117 27,Stockholm,Stockholm,1.6,2026,0,2011,,,Ny kandidat
Hemvik Consulting AB,5590033717,Förtroligheten 21,412 70,Göteborg,Göteborg,1.6,2026,1-4,2015,,,Ny kandidat
Framgångshuset AB,5592754187,Lomma Hamn Bc Esplanaden 15 b,234 39,Lomma,Lomma,1.6,2025,1,2020,,,Ny kandidat
ESQ Global Consulting AB,5594822883,Tjärhovsgatan 18 Vån 1,116 21,Stockholm,Stockholm,1.6,2025,1-4,2024,,,Ny kandidat
Dayshift AB,5594185075,Skogstorpsvägen 107,191 39,Sollentuna,Sollentuna,1.6,2025,1,2023,,,Ny kandidat
Closer AB,5569610990,Storgatan 14,411 24,Göteborg,Göteborg,1.6,2025,1,2014,,,Ny kandidat
Bokastandup Sverige AB,5566362355,Venusvägen 46,175 60,Järfälla,Järfälla,1.6,2025,2,2002,,,Ny kandidat
BrAvE Recruitment Sweden AB,5594372228,Hagaplan 4,113 68,Stockholm,Stockholm,1.6,2025,1,2023,,,Ny kandidat
Bernflo People Advisory AB,5594592106,Talltitevägen 29,237 36,Bjärred,Lomma,1.6,2025,0,2023,,,Ny kandidat
Bergstrand Consulting Sthlm AB,5591914253,Vallörtsgränd 6,162 45,Vällingby,Stockholm,1.6,2024,1,2019,,,Ny kandidat
Axelera Sverige AB,5569790347,Torfredsplatsen 7,169 75,Solna,Solna,1.6,2025,1,2014,,,Ny kandidat
Ambassador of Kwan AB,5566591789,Kivra: 556659-1789,106 31,Stockholm,Stockholm,1.6,2025,1,2004,,,Ny kandidat
AB Jobbredo Sverige,5592670508,Bredholmsgatan 3,127 48,Skärholmen,Stockholm,1.6,2025,3,2020,,,Ny kandidat
Verdura Trädgård & Allservice AB,5594397621,c/o Ågesta Transport AB   Box 42035,126 12,Stockholm,Stockholm,1.6,2025,5-9,2023,,,Ny kandidat
Supportia Sverige AB,5591404701,Torstenssonsgatan 6 Lgh 1001,114 56,Stockholm,Stockholm,1.6,2025,2,2017,,,Ny kandidat
Sjysta tjänster Stockholm AB,5594004367,Grenljusbacken 26,117 65,Stockholm,Stockholm,1.6,2025,3,2022,,,Ny kandidat
Renardgroup AB,5590178215,Handelsvägen 174,122 38,Enskede,Stockholm,1.6,2025,1,2015,,,Ny kandidat
Rausén Ekonomikonsult AB,5594053281,Gränsvägen 360,163 52,Spånga,Stockholm,1.6,2025,1,2022,,,Ny kandidat
Juancho AB,5568444755,Högbergsgatan 16,116 20,Stockholm,Stockholm,1.6,2025,1-4,2011,,,Ny kandidat
High Star AB,5591247738,Kista Alléväg 20 Lgh 1401,164 56,Kista,Stockholm,1.6,2025,2,2017,,,Ny kandidat
HS Service AB,5563129146,Hägerstensvägen 321,129 41,Hägersten,Stockholm,1.6,2025,3,1987,,,Ny kandidat
Gårdefelt Systems AB,5560411166,Sankt Hollingers Väg 7,163 51,Spånga,Stockholm,1.6,2025,4,1942,,,Ny kandidat
Forax AB,5569892622,Jakobsbergsgatan 2,111 44,Stockholm,Stockholm,1.6,2025,0,2014,,,Ny kandidat
Colivia Tech AB,5590380811,Odengatan 36,113 51,Stockholm,Stockholm,1.6,2025,1,2015,,,Ny kandidat
Aeternus Care AB,5593347700,Tångvägen 8,126 42,Hägersten,Stockholm,1.6,2025,2,2021,,,Ny kandidat
Veteraner i Stockholm AB,5590150511,Narvagatan 21,761 31,Norrtälje,Norrtälje,1.6,2024,2,2015,,,Ny kandidat
Söderbröder VVS AB,5591359566,Älvsbyvägen 45,139 52,Värmdö,Värmdö,1.6,2025,1,2017,,,Ny kandidat
Stödkonsult i Sverige Aktiebolag,5594889221,Kalendervägen 2,177 61,Järfälla,Järfälla,1.6,2025,1,2024,,,Ny kandidat
Sara Haavisto AB,5592616881,Evert Lööfs Väg 3,184 38,Åkersberga,Österåker,1.6,2026,1-4,2020,,,Ny kandidat
PRECURA AB,5590962113,Gnejsvägen 22 a,132 35,Saltsjö-Boo,Nacka,1.6,2025,1,2017,,,Ny kandidat
Forsbom Performance Consulting AB,5593078750,"c/o ANTON CHARBACHI, Trädgårdsmästeriets Väg 3 e",195 91,Märsta,Sigtuna,1.6,2022,1,2021,,,Ny kandidat
Eminent Care Sweden AB,5590449608,Östra Vägen 15,181 29,Lidingö,Lidingö,1.6,2025,2,2015,,,Ny kandidat
Ekonomerna NB & IC Personal AB,5565084422,Tuvängsvägen 4,152 42,Södertälje,Södertälje,1.6,2025,3,1995,,,Ny kandidat
Easy M Consulting AB,5590844337,Allfarvägen 24,187 76,Täby,Täby,1.6,2025,1,2016,,,Ny kandidat
Västra Götaland åkeri bemanning AB,5594399569,Gamla Vänersborgsvägen 22 g,441 35,Alingsås,Alingsås,1.6,2025,1-4,2023,,,Ny kandidat
Psykiater Bedrija Hasanagic AB,5592165202,Stuvaregatan 3,462 55,Vänersborg,Vänersborg,1.6,2025,1,2019,,,Ny kandidat
NTP Invest AB,5590805072,Ljunghedavägen 9,514 54,Nittorp,Tranemo,1.6,2025,1,2016,,,Ny kandidat
Min Psykiatri Sverige AB,5591054563,Gulsparvsgatan 63 c,412 67,Göteborg,Göteborg,1.6,2025,2,2017,,,Ny kandidat
FAM.JOHNSSON INVEST AB,5594678632,Svartskärsvägen 29,421 58,Västra Frölunda,Göteborg,1.6,2025,1,2024,,,Ny kandidat
C.E. Andréasson Invest AB,5592215619,Rosensköldsgatan 5,412 58,Göteborg,Göteborg,1.6,2025,1,2019,,,Ny kandidat
Acetech Aktiebolag,5569686172,Björnbergs Väg 39,433 34,Partille,Partille,1.6,2024,1,2014,,,Ny kandidat
slow motion AB,5568654494,Flackarps Byväg 38,245 61,Staffanstorp,Staffanstorp,1.6,2025,1-4,2011,,,Ny kandidat
Vellinge Tak & Plåtslageri AB,5594077140,Tegelbruksvägen 20,235 99,Vellinge,Vellinge,1.6,2025,1,2022,,,Ny kandidat
L & L Service AB,5594513276,Pinjegatan 6,213 63,Malmö,Malmö,1.6,2024,1,2023,,,Ny kandidat
Bromölla bemanning AB,5594800244,Brahegatan 23,295 38,Bromölla,Bromölla,1.6,2025,2,2024,,,Ny kandidat
Sheilas Entreprenad AB,5592634447,Markgärdet 54,605 95,Norrköping,Norrköping,1.6,2025,2,2020,,,Ny kandidat
Magnus Automekaniska Motala AB,5592701774,Sveavägen 21,591 36,Motala,Motala,1.6,2025,1,2020,,,Ny kandidat
Roslags Bemanning AB,5594790502,August Södermans Väg 4,756 57,Uppsala,Uppsala,1.6,2025,3,2024,,,Ny kandidat
TKTN Group AB,5592019383,Herkulesvägen 4,553 03,Jönköping,Jönköping,1.6,2025,0,2019,,,Ny kandidat
Profital Ekonomi AB,5591811772,Fridhemsvägen 29,553 02,Jönköping,Jönköping,1.6,2025,1,2018,https://www.profital.se/,,Ny kandidat
Nurse Care Värnamo AB,5593548208,Flintgatan 14,331 33,Värnamo,Värnamo,1.6,2025,1,2021,,,Ny kandidat
POM i Läjet AB,5590925995,Nätvägen 9,432 74,Träslövsläge,Varberg,1.6,2024,2,2016,,,Ny kandidat
Kungsbacka Asfalt AB,5592770662,Gamla Onsalavägen 30,434 31,Kungsbacka,Kungsbacka,1.6,2025,1,2020,,,Ny kandidat
Viktorsson Industrilackering AB,5594006370,Venavägen 33,703 65,Örebro,Örebro,1.6,2025,2,2022,,,Ny kandidat
Bröderna Kurt AB,5593989121,Engelbrektsgatan 72,702 13,Örebro,Örebro,1.6,2025,0,2022,,,Ny kandidat
AB Thoreson i Nora,5594177064,Bovik 110,713 94,Nora,Nora,1.6,2025,1-4,2023,,,Ny kandidat
Nordic Highway AB,5564384690,Östertorpsvägen 22,642 34,Flen,Flen,1.6,2025,1,1991,,,Ny kandidat
Karlbo Bygg & Entreprenad AB,5594027004,Folkaregatan 44,775 70,Krylbo,Avesta,1.6,2025,1,2022,,,Ny kandidat
EBH Care AB,5594353269,Tällegatan 10,827 31,Ljusdal,Ljusdal,1.6,2025,1,2023,,,Ny kandidat
Richards Bemanning AB,5594284704,Koppomsvägen 90,673 37,Koppom,Eda,1.6,2024,3,2023,,,Ny kandidat
Service o Fastigheter AD AB,5568621626,Mogatan 138,734 36,Hallstahammar,Hallstahammar,1.6,2024,3,2011,,,Ny kandidat
Storoxen invest AB,5567584122,Norra Maranvägen 14,961 51,Boden,Boden,1.6,2025,2,2008,,,Ny kandidat
Petterssons Transport i Kalix AB,5590242565,Månsbyn 131,952 91,Kalix,Kalix,1.6,2025,1,2015,,,Ny kandidat
TN i Lycksele AB,5566319686,Hedlundavägen 11,921 37,Lycksele,Lycksele,1.6,2025,1,2002,,,Ny kandidat
Pernilla Oderstål AB,5592369986,Östra Gafsele 63,919 91,Åsele,Åsele,1.6,2025,2,2020,,,Ny kandidat
Talentconnect AB,5594935032,"c/o hussein zayny, Ankargatan 14",365 33,Lessebo,Lessebo,1.6,2025,4,2024,,,Ny kandidat
Relcon AB,5594965591,Strand 126,881 96,Resele,Sollefteå,1.6,2025,1,2024,,,Ny kandidat
Lykkekliniken AB,5594283581,Rådhusgatan 20,852 32,Sundsvall,Sundsvall,1.6,2025,0,2023,,,Ny kandidat
JUSE AB,5593676660,Sörnackstavägen 81,853 57,Sundsvall,Sundsvall,1.6,2025,1,2022,,,Ny kandidat
Barnsyrra AB,5592658214,Åvägen 34,891 51,Örnsköldsvik,Örnsköldsvik,1.6,2025,1,2020,,,Ny kandidat
Sociala tjänster i Blekinge AB,5594489915,Erik Dahlbergsvägen 44 a,374 39,Karlshamn,Karlshamn,1.6,2024,1,2023,,,Ny kandidat
Willaborg Basecamp AB,5591466130,Böle 145,832 93,Frösön,Östersund,1.6,2024,1,2018,,,Ny kandidat
de Wall Bemanning & Rekrytering AB,5568032469,Joels Backe 1,760 17,Blidö,Norrtälje,1.5,2025,1,2010,,,Ny kandidat
WeQube AB,5592704554,Kvarnbergsgatan 2,411 05,Göteborg,Göteborg,1.5,2025,5-9,2020,,,Ny kandidat
Urvalet Executive AB,5590874029,Sankt Eriksgatan 8,112 39,Stockholm,Stockholm,1.5,2024,1,2016,,,Ny kandidat
Tryggheten AB,5592557119,Ursviks Allé 18,174 66,Sundbyberg,Sundbyberg,1.5,2024,1,2020,,,Ny kandidat
Södertörns Bemanning AB,5566593322,Marieviksgatan 42,117 60,Stockholm,Stockholm,1.5,2024,3,2004,,,Ny kandidat
SoCo bemanning AB,5594253071,Norralundsgatan 15 c,602 46,Norrköping,Norrköping,1.5,2024,2,2023,,,Ny kandidat
Snabbjobb MM AB,5592490709,Snickaregatan 2,314 31,Hyltebruk,Hylte,1.5,2025,1,2020,,,Ny kandidat
Simole AB,5569834400,Fjällkåpan,424 49,Angered,Göteborg,1.5,2023,0,2014,,,Ny kandidat
STARKT JOBBAT AB,5592435522,Billdals Stationsväg 3 b,427 37,Billdal,Göteborg,1.5,2025,1,2020,,,Ny kandidat
RB Jobbförmedling AB,5593166290,Fredsgatan 2,545 31,Töreboda,Töreboda,1.5,2026,2,2021,,,Ny kandidat
OT Crew AB,5593466658,Färnebovägen 536,811 98,Österfärnebo,Sandviken,1.5,2022,1,2021,,,Ny kandidat
Macavoy AB,5590701404,Berga Allé 1,254 52,Helsingborg,Helsingborg,1.5,2025,1,2016,,,Ny kandidat
LogistiCan Rekrytering AB,5593308298,Färgaregatan 36,231 33,Trelleborg,Trelleborg,1.5,2025,1-4,2021,,,Ny kandidat
Lodins Smide AB,5594651886,Ekdalsvägen 6,265 90,Åstorp,Åstorp,1.5,2025,1,2023,,,Ny kandidat
Lemond Sales & Consulting AB,5591046494,Tallbacksgatan 11 s,195 72,Rosersberg,Sigtuna,1.5,2023,1,2017,,,Ny kandidat
Kärnvärden Aktiebolag,5568858913,S:T Peders Gata 12,254 34,Helsingborg,Helsingborg,1.5,2025,2,2012,,,Ny kandidat
Inner Impact Sweden AB,5591932479,Smala Gränd 5,111 39,Stockholm,Stockholm,1.5,2025,1,2019,,,Ny kandidat
INQLUDERA CJ AB,5594031972,Medaljonggatan 2 b,126 41,Hägersten,Stockholm,1.5,2025,0,2022,,,Ny kandidat
Hytton Technologies AB,5569008369,Borgarfjordsgatan 12,164 55,Kista,Stockholm,1.5,2025,1,2012,,,Ny kandidat
Huvudverket i Sverige AB,5591328454,Grev Turegatan 30,114 38,Stockholm,Stockholm,1.5,2025,0,2017,,,Ny kandidat
Holmberg Consulting & Talents AB,5594059577,Sköldvägen 16,184 60,Åkersberga,Österåker,1.5,2025,1,2022,,,Ny kandidat
F L CASTING AB,5594305400,Högalidsgatan 52 b 1201,117 30,Stockholm,Stockholm,1.5,2025,2,2023,,,Ny kandidat
Elin Jerklind Consulting AB,5591204937,Västra Särövägen 106,429 43,Särö,Kungsbacka,1.5,2025,1,2017,,,Ny kandidat
Dora & Son Aktiebolag,5591521215,Krankajen 28,211 12,Malmö,Malmö,1.5,2025,1,2018,,,Ny kandidat
Daily Crew AB,5594951617,Kivra 559495-1617,106 31,Stockholm,Stockholm,1.5,2025,1,2024,,,Ny kandidat
Daggny AB,5593382541,Hembergavägen 63,187 73,Täby,Täby,1.5,2025,1,2021,,,Ny kandidat
CMH i Stockholm AB,5568553381,Frejgatan 91,113 26,Stockholm,Stockholm,1.5,2025,0,2011,,,Ny kandidat
Athletes Abroad Management 2019 AB,5591922728,Lilla Badvägen 20,184 94,Åkersberga,Österåker,1.5,2025,1,2019,,,Ny kandidat
Annica Wiberg AB,5592498678,Centralesplanaden 20 d,891 34,Örnsköldsvik,Örnsköldsvik,1.5,2025,1,2020,,,Ny kandidat
Amivo Bemanning & rekrytering Sverige AB,5594007907,Kungsgatan 14,632 19,Eskilstuna,Eskilstuna,1.5,2025,1,2022,,,Ny kandidat
AnKom Aktiebolag,5591736730,Östra Villavägen 41,972 51,Luleå,Luleå,1.5,2025,3,2018,,,Ny kandidat
Allways Trading Sweden AB,5591100077,Storgatan 7,314 31,Hyltebruk,Hylte,1.5,2025,4,2017,,,Ny kandidat
Active Padel SWE AB,5568451636,Sigtunagatan 7 0tr,113 22,Stockholm,Stockholm,1.5,2025,1,2011,,,Ny kandidat
2Work Sverige AB,5593357501,Krossgatan 22 b,162 50,Vällingby,Stockholm,1.5,2025,3,2021,,,Ny kandidat
Nea RM Service AB,5590050109,Siktgatan 2 2tr,162 50,Vällingby,Stockholm,1.5,2025,3,2015,,,Ny kandidat
KLR Holding AB,5590799408,Körsbärsvägen 10,114 23,Stockholm,Stockholm,1.5,2025,1,2016,,,Ny kandidat
Eric Persson Konsult AB,5594935065,Moa Martinsons Torg 12 Lgh 2303,112 15,Stockholm,Stockholm,1.5,2025,1,2024,,,Ny kandidat
BA Personal och Ekonomi AB,5567892541,Kedjevägen 33,126 41,Hägersten,Stockholm,1.5,2025,3,2009,,,Ny kandidat
Wangerheim Consulting AB,5591413314,"c/o WANGERHEIM, Sjöängsvägen 56 a",132 34,Saltsjö-Boo,Nacka,1.5,2025,1,2017,,,Ny kandidat
WD Service AB,5594990086,Mosshagestigen 169,144 51,Rönninge,Salem,1.5,2025,1,2024,,,Ny kandidat
VårdVärde Sverige AB,5568886849,Vänortsstråket 43 b 2tr,191 61,Sollentuna,Sollentuna,1.5,2024,1,2012,,,Ny kandidat
Rekonomista AB,5592893159,Oxenstiernas Allé 45,174 63,Sundbyberg,Sundbyberg,1.5,2025,2,2020,,,Ny kandidat
Psykolognina AB,5591355168,Rissneleden 99 d,174 57,Sundbyberg,Sundbyberg,1.5,2025,1,2017,,,Ny kandidat
EH Healthcare AB,5593907040,Stensträngsvägen 15,195 65,Steningehöjden,Sigtuna,1.5,2025,3,2022,,,Ny kandidat
Cloud Solutions for Business Sweden AB,5590564828,Box 4004,169 04,Solna,Solna,1.5,2025,0,2016,,,Ny kandidat
Bendix Ekonomi & Konsult AB,5590909122,Astrakanvägen 9,139 32,Värmdö,Värmdö,1.5,2025,0,2016,,,Ny kandidat
AIMÉEX Service AB,5569833345,Slipstensvägen 9,142 50,Skogås,Huddinge,1.5,2025,3,2014,,,Ny kandidat
WTM i Lidköping AB,5594461153,Raka Gatan 1,531 61,Lidköping,Lidköping,1.5,2025,1,2023,,,Ny kandidat
Talentify AB,5594336173,Eklanda Bäck 99,431 49,Mölndal,Mölndal,1.5,2025,4,2023,,,Ny kandidat
Peter Elmander AB,5590515705,Roslagsgatan 16,441 57,Alingsås,Alingsås,1.5,2025,1,2016,,,Ny kandidat
Medica Corporal Borås AB,5591098016,Kyllared Kyllbo,507 30,Brämhult,Borås,1.5,2025,2,2017,,,Ny kandidat
Eos Bemanning AB,5592920887,Enerbacksgatan 20 a,431 66,Mölndal,Mölndal,1.5,2025,2,2020,,,Ny kandidat
Ronix Konsult AB,5569972291,Nedre Långvinkelsgatan 49,252 34,Helsingborg,Helsingborg,1.5,2025,1-4,2014,,,Ny kandidat
Engstrand Kran AB,5567358634,Rågången 17,602 14,Norrköping,Norrköping,1.5,2025,0,2007,,,Ny kandidat
Your Dentist Sweden AB,5591178008,Göte Turessons Väg 78,756 59,Uppsala,Uppsala,1.5,2025,1,2017,,,Ny kandidat
N Claesson Konsult AB,5569114522,Libro Ringväg 3,752 28,Uppsala,Uppsala,1.5,2025,1-4,2012,,,Ny kandidat
MA Sociala Resurser AB,5590677323,Abbedissavägen 5,746 95,Skokloster,Håbo,1.5,2025,1,2016,,,Ny kandidat
TronSe AB,5595149963,Harrvägen 25,561 36,Huskvarna,Jönköping,1.5,2025,1,2025,,,Ny kandidat
Vissboda Allservice AB,5593232944,Lummervägen 11,694 60,Åsbro,Askersund,1.5,2025,1,2021,,,Ny kandidat
Taxi Ride Solutions Sweden AB,5593730376,Västra Fredsgatan 9,641 39,Katrineholm,Katrineholm,1.5,2025,0,2022,,,Ny kandidat
Södergård Konsult AB,5590630496,Grönfinkvägen 4,632 33,Eskilstuna,Eskilstuna,1.5,2025,1,2016,,,Ny kandidat
Mccerkers skog och maskin AB,5595024638,Granmor Kyrkväg 1,795 95,Vikarbyn,Rättvik,1.5,2025,1,2024,,,Ny kandidat
GRÅDÖ Entreprenad AB,5568831878,Pilstigen 4,776 32,Hedemora,Hedemora,1.5,2025,1-4,2012,,,Ny kandidat
RME Solutions AB,5593595563,Åmotanvägen 15,812 94,Åshammar,Sandviken,1.5,2025,1,2022,,,Ny kandidat
Bruzelius Bemanning AB,5569846115,Östra Torggatan 6,652 24,Karlstad,Karlstad,1.5,2025,5-9,2014,,,Ny kandidat
Team SER AB,5569937823,Katthedsvägen 7,726 30,Skultuna,Västerås,1.5,2025,1,2014,,,Ny kandidat
PJSR Holding AB,5567898449,Norrbyvägen 12,735 60,Ramnäs,Surahammar,1.5,2025,1,2009,,,Ny kandidat
Activa Veteraner i Västerås AB,5592459977,Saltängsvägen 34,721 32,Västerås,Västerås,1.5,2025,4,2020,,,Ny kandidat
Svalbros Mekaniska AB,5593602237,Storberget 26,982 71,Hakkas,Gällivare,1.5,2025,1,2022,,,Ny kandidat
SVM Sverige AB,5591972111,"c/o Aspia AB, Box 170",953 24,Haparanda,Haparanda,1.5,2025,14,2019,,,Ny kandidat
Stensele Bemanning AB,5568230188,Lokgränd 3,923 31,Storuman,Storuman,1.5,2026,1,2010,,,Ny kandidat
RnR Agency AB,5592429053,Mariehemsvägen 5 p Lgh 1103,906 54,Umeå,Umeå,1.5,2025,2,2020,,,Ny kandidat
PG Spår och Maskinservice AB,5593239444,Envägen 33,911 34,Vännäs,Vännäs,1.5,2025,0,2021,,,Ny kandidat
Oasis i Skellefteå AB,5594344037,"c/o Henrietta Westin, Furunäsgatan 26",932 37,Ursviken,Skellefteå,1.5,2024,4,2023,,,Ny kandidat
Landströms Bemanning AB,5594313313,Kustlandsvägen 6,915 98,Bygdeå,Robertsfors,1.5,2025,2,2023,,,Ny kandidat
Pleasure Production Sweden AB,5566063367,Apotekare Reinholds Väg 43,352 55,Växjö,Växjö,1.5,2025,1,2001,,,Ny kandidat
Jelle AB,5592443898,Storgatan 56,352 36,Växjö,Växjö,1.5,2024,1,2020,,,Ny kandidat
AMB Flex Bemanning AB,5590283924,Sjösalavägen 13,355 75,Åryd,Växjö,1.5,2025,1,2015,,,Ny kandidat
NP Hkansson AB,5591718944,Ringvägen 30,883 71,Junsele,Sollefteå,1.5,2025,1,2018,,,Ny kandidat
Magnus Högberg AB,5595200170,Ulvviksvägen 5,871 71,Älandsbro,Härnösand,1.5,2026,1,2025,,,Ny kandidat
CARMI Resurs AB,5590706924,Parmvägen 3,895 98,Solberg,Örnsköldsvik,1.5,2025,1,2016,,,Ny kandidat
BV Bemanning & Fordonsfix AB,5592748304,Alvägen 14,862 33,Kvissleby,Sundsvall,1.5,2025,1-4,2020,,,Ny kandidat
Vapper butiksspecialist AB,5592308026,Borsöknavägen 66 a,632 33,Eskilstuna,Eskilstuna,1.4,2024,3,2019,,,Ny kandidat
UJL AB,5590808696,Storskärsvägen 2,185 33,Vaxholm,Vaxholm,1.4,2024,2,2016,,,Ny kandidat
Trinéa Capital AB,5592776412,Bellmansgatan 40,754 26,Uppsala,Uppsala,1.4,2025,0,2020,,,Ny kandidat
Skills & Talent AB,5591120067,Kungsgatan 8 2tr,111 43,Stockholm,Stockholm,1.4,2025,2,2017,,,Ny kandidat
Sikta Urval AB,5565339180,Skeppsbron 28 Bv,111 30,Stockholm,Stockholm,1.4,2025,2,1996,,,Ny kandidat
Sabay Sabay Allservice AB,5592153935,Nysättravägen 13 b Lgh 1303,152 49,Södertälje,Södertälje,1.4,2025,1,2019,,,Ny kandidat
RRR Production AB,5568112121,Orienteringsstigen 2 a,903 38,Umeå,Umeå,1.4,2025,3,2010,,,Ny kandidat
MT Search & Recruit AB,5592618010,Datavägen 14 a,436 32,Askim,Göteborg,1.4,2025,1,2020,,,Ny kandidat
JJ Entreprenad Älvsbyn AB,5592743875,Korsträsk 302,942 92,Älvsbyn,Älvsbyn,1.4,2025,1,2020,,,Ny kandidat
Issa Rekrytering AB,5594185950,Oxenstiernas Allé 12,174 64,Sundbyberg,Sundbyberg,1.4,2025,3,2023,,,Ny kandidat
Fima Bemanning och Redovisning AB,5594065517,Raisiogatan 1 Vån 2,195 30,Märsta,Sigtuna,1.4,2025,3,2022,,,Ny kandidat
Fazeli Talent Solutions AB,5594909904,Stagneliusvägen 32,112 59,Stockholm,Stockholm,1.4,2025,1,2024,,,Ny kandidat
Esther Rekrytering AB,5594782590,Klarabergsgatan 60,111 21,Stockholm,Stockholm,1.4,2025,3,2024,,,Ny kandidat
Energy Staffing & Advisement Sweden AB,5595006643,Enspännargatan 60,165 57,Hässelby,Stockholm,1.4,2025,1-4,2024,,,Ny kandidat
Byggagentur Norden AB,5569685760,"c/o TORKKO, Jungfruns Gata 405",136 60,Brandbergen,Haninge,1.4,2024,2,2014,,,Ny kandidat
Burgaz Management AB,5568523293,Tofta Brunn 8,790 15,Sundborn,Falun,1.4,2025,1,2011,,,Ny kandidat
Björklund Bemannings AB,5593764342,Hyltarpsvägen 771-39,233 92,Svedala,Svedala,1.4,2025,2,2022,,,Ny kandidat
Bemapoint Business Group AB,5591439129,Törnbyviksvägen 3,179 65,Stenhamra,Ekerö,1.4,2025,1,2018,,,Ny kandidat
Acqira AB,5592641194,Eklanda Bäck 99,431 49,Mölndal,Mölndal,1.4,2025,1,2020,,,Ny kandidat
Samlarhuset Sverige AB,5593557647,Box 13034,103 01,Stockholm,Stockholm,1.4,2025,1,2021,,,Ny kandidat
MAD Uthyrning AB,5592433717,"c/o ADVOKATFIRMAN FYLGIA KB, Box 55555",102 04,Stockholm,Stockholm,1.4,2024,15,2020,,,Ny kandidat
LBE bemanning och event AB,5594366212,Rävsnäsvägen 40,125 70,Älvsjö,Stockholm,1.4,2025,5,2023,,,Ny kandidat
J2 Analytics AB,5590790563,Ölandsgatan 45 b,116 63,Stockholm,Stockholm,1.4,2025,2,2016,,,Ny kandidat
Apotek Plus AB,5592934334,Skäftingebacken 30 Lgh 150,163 67,Spånga,Stockholm,1.4,2024,2,2020,,,Ny kandidat
123 Allgruppen AB,5593221954,Torögatan 30,122 65,Enskede,Stockholm,1.4,2025,1,2021,,,Ny kandidat
Visanova i Sollentuna AB,5567012363,Villavägen 44 a,191 46,Sollentuna,Sollentuna,1.4,2025,1,2006,,,Ny kandidat
Ramp Up Consulting AB,5567359533,Lokegränd 4,132 35,Saltsjö-Boo,Nacka,1.4,2025,1,2007,,,Ny kandidat
Pharm Match Lifesience AB,5590527460,Musseronvägen 21,141 60,Huddinge,Huddinge,1.4,2024,0,2016,,,Ny kandidat
Nordens Bemanning och Konsultation AB,5591097638,Hantverksvägen 27,184 32,Åkersberga,Österåker,1.4,2025,1,2017,,,Ny kandidat
LB Care AB,5590802194,Tollare Strand 3,132 49,Saltsjö-Boo,Nacka,1.4,2025,2,2016,,,Ny kandidat
Craxy AB,5592053002,Skogshemsvägen 14,146 36,Tullinge,Botkyrka,1.4,2025,0,2019,,,Ny kandidat
Care by Nahl AB,5592831365,Gistviksvägen 58,184 63,Åkersberga,Österåker,1.4,2025,1,2020,,,Ny kandidat
BSH transport AB,5595297531,Landbovägen 7,197 33,Bro,Upplands-Bro,1.4,2025,2,2025,,,Ny kandidat
Astra socionomerna AB,5594125030,Ankdammsgatan 5 c,171 43,Solna,Solna,1.4,2025,1,2022,,,Ny kandidat
Arineh AB,5591532048,Laxgatan 16,133 43,Saltsjöbaden,Nacka,1.4,2025,1,2018,,,Ny kandidat
Trygga Åk AB,5590229232,Fjällvägen 28 b,451 53,Uddevalla,Uddevalla,1.4,2025,2,2015,,,Ny kandidat
Mitpot AB,5569887663,Tokarpsgatan 38,504 58,Borås,Borås,1.4,2025,3,2014,,,Ny kandidat
Maskindepån i Väst AB,5590498183,Värmlandsgatan 17,413 28,Göteborg,Göteborg,1.4,2025,1,2016,,,Ny kandidat
M/L Bemanning AB,5567673842,Box 4,473 21,Henån,Orust,1.4,2025,1-4,2008,,,Ny kandidat
Jobbakuten Väst AB,5566228846,Kyrkogatan 5,662 31,Åmål,Åmål,1.4,2024,2,2002,,,Ny kandidat
EA MED+ AB,5592981467,Torpgatan 21,464 32,Mellerud,Mellerud,1.4,2025,1,2021,,,Ny kandidat
Brogren Consulting AB,5567861835,Bråta Kärrvägen 31,443 51,Lerum,Lerum,1.4,2025,1,2009,,,Ny kandidat
Urianda AB,5590031570,Bergstensgatan 13,263 64,Viken,Höganäs,1.4,2026,3,2015,,,Ny kandidat
SA.BestNurse AB,5592432560,Sandåkra 46:61,274 92,Skurup,Skurup,1.4,2025,1,2020,,,Ny kandidat
Renova Care AB,5566459870,Spjutstorp Hagalund 1,273 93,Tomelilla,Tomelilla,1.4,2025,2,2003,,,Ny kandidat
NKS - Nordisk Kontorsservice AB,5568294655,Tostarpsvägen 15,244 32,Kävlinge,Kävlinge,1.4,2025,0,2010,,,Ny kandidat
Lillaryds Konsult AB,5590600176,Västra Gränsgatan 4,283 71,Lönsboda,Osby,1.4,2025,2,2016,,,Ny kandidat
Corlogix AB,5592851157,Pomonagatan 12,263 64,Viken,Höganäs,1.4,2025,1,2020,,,Ny kandidat
AB GT Consulting i Skåne,5592485121,Hjärås 9156,242 97,Hörby,Hörby,1.4,2025,1-4,2020,,,Ny kandidat
Ludwig Bernholtz AB,5593234486,Hertig Karlsgatan 13 a,582 21,Linköping,Linköping,1.4,2025,1,2021,,,Ny kandidat
Cajajo AB,5590380316,Borgmästaregatan 13,596 34,Skänninge,Mjölby,1.4,2025,2,2015,,,Ny kandidat
CCConsulting Crew i Linköping AB,5593586547,Idögatan 30 a,582 78,Linköping,Linköping,1.4,2025,1,2022,,,Ny kandidat
Upplandskonsulterna AB,5594060526,Fjärdhundragatan 64,753 37,Uppsala,Uppsala,1.4,2024,1,2022,,,Ny kandidat
Aktiebolaget Ilonis,5594197336,Sparrisgatan 5 a,754 46,Uppsala,Uppsala,1.4,2025,1-4,2023,,,Ny kandidat
Evangeline AB,5594786369,Hästhagsgatan 60,561 51,Huskvarna,Jönköping,1.4,2025,1,2024,,,Ny kandidat
SR Holding i Laholm AB,5593069023,Industrigatan 33,312 34,Laholm,Laholm,1.4,2026,1,2021,,,Ny kandidat
Kyrkspiran Ekonomi AB,5569307522,Sofiavägen 5,691 54,Karlskoga,Karlskoga,1.4,2025,1,2013,,,Ny kandidat
Nyköpings Handel AB,5568420524,Smålandsvägen 3,611 56,Nyköping,Nyköping,1.4,2024,1,2011,,,Ny kandidat
Mellansvenska Billots Aktiebolag,5564386315,Alvesta Onsberget 3,635 05,Eskilstuna,Eskilstuna,1.4,2025,6,1991,,,Ny kandidat
Hamra Hardware AB,5591553507,Hamra Gård 1,635 20,Eskilstuna,Eskilstuna,1.4,2025,2,2018,,,Ny kandidat
Sunda Omsorg AB,5568131410,Vattnäs Byväg 44,792 97,Mora,Mora,1.4,2025,1,2010,,,Ny kandidat
Petra Back HR AB,5591268353,Övre Gruvrisbacken 24,791 61,Falun,Falun,1.4,2025,1,2017,,,Ny kandidat
Stugsundsudden fastigheter AB,5567516975,Rullstensvägen 5,826 50,Söderhamn,Söderhamn,1.4,2025,0,2008,,,Ny kandidat
Nowall AB,5565380358,Kungsbergsvägen 11,811 95,Järbo,Sandviken,1.4,2025,1,1997,,,Ny kandidat
Sten & markservice i kristinehamn AB,5592059249,Kväggens Gård 3,681 91,Kristinehamn,Storfors,1.4,2024,1,2019,,,Ny kandidat
Eklunden Service AB,5592417314,Billingsberg Eklunden 1,671 95,Klässbol,Arvika,1.4,2025,0,2020,,,Ny kandidat
Törnblom Fastighet AB,5566921143,Sjöhagsvägen 8,721 32,Västerås,Västerås,1.4,2025,0,2005,,,Ny kandidat
WFE Förvaltning AB,5569087850,Stackvägen 7 d,961 39,Boden,Boden,1.4,2025,1,2012,,,Ny kandidat
Only the sky is the limit i Övertorneå AB,5569739617,Älvvägen 5,957 31,Övertorneå,Övertorneå,1.4,2024,1,2014,,,Ny kandidat
North Equipment AB,5590287453,Kraftstationsvägen 69,982 38,Gällivare,Gällivare,1.4,2025,1,2015,,,Ny kandidat
Nilsson Svarv & Teknik AB,5594528936,Styrmansgatan 8,941 43,Piteå,Piteå,1.4,2026,1-4,2023,,,Ny kandidat
Jamar AB,5591301444,Stenviksvägen 216,975 98,Luleå,Luleå,1.4,2025,0,2017,,,Ny kandidat
J H Viligroup AB,5593212995,Ekorrstigen 19,953 36,Haparanda,Haparanda,1.4,2025,1,2021,,,Ny kandidat
Västerbottens Elinstallationer AB,5594621533,Tåvägen 57,922 32,Vindeln,Vindeln,1.4,2025,1,2023,,,Ny kandidat
HAJO Alltjänst AB,5591715510,Agghult 1107,287 92,Traryd,Markaryd,1.4,2025,1,2018,,,Ny kandidat
JNSolutions AB,5592961436,Slottsvägen 23,861 34,Timrå,Timrå,1.4,2025,1,2021,,,Ny kandidat
62 North AB,5594551441,Stora Havstoviken 245,865 92,Alnö,Sundsvall,1.4,2025,1,2023,,,Ny kandidat
Nemero Two AB,5594880402,Ångslupsvägen 25,371 42,Karlskrona,Karlskrona,1.4,2026,0,2024,,,Ny kandidat
J Hellqvist AB,5591745756,Smedjevägen 5,835 40,Nälden,Krokom,1.4,2025,1,2018,,,Ny kandidat
Härjedalsguiderna AB,5569089708,Synderkölen 218,846 91,Hede,Härjedalen,1.4,2025,2,2012,,,Ny kandidat
YLPO Consulting AB,5590661640,Åsgränd 4 a,753 10,Uppsala,Uppsala,1.3,2025,1,2016,,,Ny kandidat
XLNT Search AB,5568035454,Arenavägen 41,121 77,Johanneshov,Stockholm,1.3,2025,1,2010,,,Ny kandidat
X-effekt AB,5567693022,Fallvägen 3,423 38,Torslanda,Göteborg,1.3,2025,1-4,2008,,,Ny kandidat
Wonderful People AB,5594774803,Thulegatan 4,633 58,Eskilstuna,Eskilstuna,1.3,2025,1,2024,,,Ny kandidat
Watthammar Interim & Search AB,5592546484,Bygatan 15,856 44,Sundsvall,Sundsvall,1.3,2026,1,2020,,,Ny kandidat
Velpro AB,5591274252,Hans Pers Väg 7,218 55,Klagshamn,Malmö,1.3,2025,7,2017,,,Ny kandidat
TruckPartner Sverige AB,5595059469,Långgatan 31 b Lgh 1002,561 34,Huskvarna,Jönköping,1.3,2025,1-4,2024,,,Ny kandidat
Södrin Consulting AB,5569966467,Byvägen 56 k,837 95,Undersåker,Åre,1.3,2025,1,2014,,,Ny kandidat
SweaJobb Bemanning AB,5594502584,Mässans Gata 10,412 51,Göteborg,Göteborg,1.3,2025,1,2023,,,Ny kandidat
Stråtenbo Consulting AB,5592923428,Stråtenbo 865,791 94,Falun,Falun,1.3,2025,1,2020,,,Ny kandidat
Sofias Bemanning AB,5593545949,Boxergränd 24,128 62,Sköndal,Stockholm,1.3,2025,1,2021,,,Ny kandidat
Sacore AB,5594390816,Barkarbyvägen 134,177 68,Järfälla,Järfälla,1.3,2025,1,2023,,,Ny kandidat
SJS Consulting AB,5568361959,Stuterivägen 17,176 65,Järfälla,Järfälla,1.3,2025,1,2010,,,Ny kandidat
Rekryteringsexperten Göteborg AB,5594704420,Pumpgatan 1,417 55,Göteborg,Göteborg,1.3,2025,2,2024,,,Ny kandidat
Recruit & Connect Sweden AB,5591403463,Kullerstensvägen 1,443 92,Lerum,Lerum,1.3,2025,1,2017,,,Ny kandidat
Qonsulta Sweden AB,5592566482,Kocksgatan 40,116 29,Stockholm,Stockholm,1.3,2025,2,2020,,,Ny kandidat
OMAA Headhunting och Rekrytering AB,5569225807,Ringdansvägen 5 c,126 33,Hägersten,Stockholm,1.3,2025,1,2013,,,Ny kandidat
NIS AB,5590530050,"c/o CAROL CHMAISSANI, Sandstigen 8 a",135 50,Tyresö,Tyresö,1.3,2025,2,2016,,,Ny kandidat
Movan Consulting AB,5592408941,Gesällgatan 15,745 39,Enköping,Enköping,1.3,2026,2,2020,,,Ny kandidat
Melbi Executive Search AB,5594112285,Vassadalsvägen 171-0,231 73,Anderslöv,Trelleborg,1.3,2025,1,2022,,,Ny kandidat
Maverick Management AB,5568530850,Industrigatan 39,212 28,Malmö,Malmö,1.3,2025,2,2011,,,Ny kandidat
KALIBER STHLM AB,5568276520,Karlavägen 18 Bv,114 31,Stockholm,Stockholm,1.3,2025,1,2010,,,Ny kandidat
Jens Arnesson Socionomkonsult AB,5590751334,Allfartsvägen 14,135 55,Tyresö,Tyresö,1.3,2025,1,2016,,,Ny kandidat
Helene&Lindroth konsult AB,5592467954,Nackstavägen 32 c,853 52,Sundsvall,Sundsvall,1.3,2025,1,2020,,,Ny kandidat
Forat Xellent Nurses AB,5593188658,Eriksfältsgatan 77 d,211 55,Malmö,Malmö,1.3,2025,2,2021,,,Ny kandidat
Fairplace AB,5592000813,Norevägen 68,182 64,Djursholm,Danderyd,1.3,2025,1,2019,,,Ny kandidat
Ellström & Partners AB,5593562951,Biodlargatan 12,752 55,Uppsala,Uppsala,1.3,2025,1,2021,,,Ny kandidat
DSCVR AB,5591777742,Krankajen 14,211 12,Malmö,Malmö,1.3,2025,1,2018,,,Ny kandidat
Clockwork Management AB,5567032510,Stigaregatan 7,791 60,Falun,Falun,1.3,2025,1,2006,,,Ny kandidat
Caroline Ekman AB,5591495030,Backvägen 9 a,182 75,Stocksund,Danderyd,1.3,2025,1,2018,,,Ny kandidat
CENORIA AB,5568237829,Viktoriagatan 15 b Lgh 1202,411 25,Göteborg,Göteborg,1.3,2025,1,2010,,,Ny kandidat
C.A Rekrytering AB,5566839816,Torsplan 10,113 65,Stockholm,Stockholm,1.3,2025,1,2005,,,Ny kandidat
Bjerndal Consulting AB,5592136468,Skogsbrynet 6,746 38,Bålsta,Håbo,1.3,2025,1,2019,,,Ny kandidat
Axel Persson Socionomkonsult AB,5592101264,Holmenbacken 31 b,443 38,Lerum,Lerum,1.3,2026,1,2019,,,Ny kandidat
Alma & Partners AB,5592187479,Klippan 3,414 51,Göteborg,Göteborg,1.3,2025,1,2019,,,Ny kandidat
AddSales Nordic AB,5591345433,Orrvägen 2 d,141 72,Segeltorp,Huddinge,1.3,2025,1,2017,,,Ny kandidat
AccessCare Sverige AB,5590313655,Frejgatan 46 a,113 26,Stockholm,Stockholm,1.3,2025,1,2015,,,Ny kandidat
AB BEK consulting,5594974700,Talgoxevägen 12,135 68,Tyresö,Tyresö,1.3,2025,1,2024,,,Ny kandidat
Topp Bemanning Stockholm AB,5590176151,Nybohovsbacken 103 Lgh 1302,117 64,Stockholm,Stockholm,1.3,2025,5,2015,,,Ny kandidat
Team Friman AB,5590076914,Sankt Paulsgatan 3 Lgh 1101,118 46,Stockholm,Stockholm,1.3,2024,1,2015,,,Ny kandidat
Personal Basaren AB,5569272890,"c/o PERONALBASAREN, Box 42007",126 12,Stockholm,Stockholm,1.3,2022,4,2013,,,Ny kandidat
Northmen 1ndustries AB,5595116376,Stagneliusvägen 43,112 57,Stockholm,Stockholm,1.3,2025,2,2024,,,Ny kandidat
Ameen AB,5568822141,Koldinggatan 5,164 46,Kista,Stockholm,1.3,2025,1,2012,,,Ny kandidat
Workio Bemanning AB,5592149248,Hallonbergsplan 5-7,174 52,Sundbyberg,Sundbyberg,1.3,2024,1,2019,,,Ny kandidat
URBAN CAR & TRANSPORT AB,5592015522,Skarpbrunnavägen 179 Lgh 0901,145 64,Norsborg,Botkyrka,1.3,2025,3,2019,,,Ny kandidat
TMG Consulting AB,5594413204,Myggdalsvägen 50,135 43,Tyresö,Tyresö,1.3,2025,1,2023,,,Ny kandidat
Nursesnet AB,5590821376,Fiskarhagsvägen 4 a,145 90,Norsborg,Botkyrka,1.3,2025,3,2016,,,Ny kandidat
JanniCare AB,5591511844,Kullaskogsvägen 3,185 37,Vaxholm,Vaxholm,1.3,2025,2,2018,,,Ny kandidat
Axiri AB,5567778286,Östervägen 19,131 33,Nacka,Nacka,1.3,2025,1,2009,,,Ny kandidat
Ahlund Holding AB,5568500556,Kruthornsvägen 3 b,192 32,Sollentuna,Sollentuna,1.3,2025,1-4,2011,,,Ny kandidat
Wadin Psykologi och Struktur AB,5594512021,Norska Gatan 33 e,441 56,Alingsås,Alingsås,1.3,2025,2,2023,,,Ny kandidat
Strömberg Yachting AB,5569855504,Kållerödsvägen 2,442 60,Kode,Kungälv,1.3,2026,1,2014,,,Ny kandidat
Slutplattan HAMLO 127141 AB,5593888422,"c/o Bolagsstiftarna AB, Box 12086",402 41,Göteborg,Göteborg,1.3,2025,1,2022,,,Ny kandidat
Rivera Care AB,5594023284,Smeddalsgatan 8,451 62,Uddevalla,Uddevalla,1.3,2025,1,2022,,,Ny kandidat
Piraten Bemanning AB,5594959909,Pianogatan 60,421 44,Västra Frölunda,Göteborg,1.3,2025,5-9,2024,,,Ny kandidat
Leon Transport AB,5593928491,Bergkullevägen 64,461 55,Trollhättan,Trollhättan,1.3,2025,2,2022,,,Ny kandidat
Helena Bähr AB,5590603196,Föreningsvägen 12,433 64,Sävedalen,Partille,1.3,2025,1,2016,,,Ny kandidat
Hanin Hälsa konsult AB,5592314099,Storgatan 8 a,521 42,Falköping,Falköping,1.3,2025,1-4,2019,,,Ny kandidat
Backa Emballage Aktiebolag,5562972389,Box 17,401 20,Göteborg,Göteborg,1.3,2025,2,1987,,,Ny kandidat
Svetscom AB,5591447239,Baldersgatan 17,265 31,Åstorp,Åstorp,1.3,2025,1,2018,,,Ny kandidat
Skånes Psykologiska Utbildningsinstitut AB,5591440069,Aspavägen 4,261 65,Härslöv,Landskrona,1.3,2025,1,2018,,,Ny kandidat
Lycke Alltjänst AB,5594266511,Malmros Väg 14 b,264 39,Klippan,Klippan,1.3,2025,0,2023,,,Ny kandidat
Johan Gunnarssons Entreprenad AB,5592564362,Örkelljungavägen 78,286 72,Åsljunga,Örkelljunga,1.3,2025,1,2020,,,Ny kandidat
Ernisa Family Consult AB,5594632498,Hövitsmansgatan 11,254 34,Helsingborg,Helsingborg,1.3,2025,1,2023,,,Ny kandidat
Elsapo AB,5567454326,Kalkstensvägen 2 3 Tr,224 78,Lund,Lund,1.3,2025,1,2007,,,Ny kandidat
Daniel Ossowski Handkirurgi AB,5591280580,Persikevägen 9,223 55,Lund,Lund,1.3,2025,0,2017,,,Ny kandidat
Rode Consulting AB,5594219221,Garvaregatan 4 b,602 21,Norrköping,Norrköping,1.3,2026,1-4,2023,,,Ny kandidat
Rinna Ekonomi AB,5568785058,Rinna Sjöhaga,595 76,Boxholm,Boxholm,1.3,2025,1,2011,,,Ny kandidat
CAPI Consulting i Mantorp AB,5592387210,Magasinsvägen 44,595 57,Mantorp,Mjölby,1.3,2025,1,2020,,,Ny kandidat
Dupix AB,5568777618,Fullerö Duvboda 326,755 94,Uppsala,Uppsala,1.3,2025,1,2011,,,Ny kandidat
AG Event & Marketing AB,5567095962,Vikstavägen 16,743 94,Skyttorp,Uppsala,1.3,2025,1,2006,,,Ny kandidat
Vårdtruppen Sverige AB,5593805178,Gånstavägen 4,749 43,Enköping,Enköping,1.3,2025,0,2022,,,Ny kandidat
We Know Göteborg AB,5595077875,Östra Hamravägen 23,429 44,Särö,Kungsbacka,1.3,2025,0,2024,,,Ny kandidat
P Kvarnströms Entreprenad AB,5594780990,Hammarvägen 52,712 32,Hällefors,Hällefors,1.3,2025,1,2024,,,Ny kandidat
Kapplatorpets Bilservice AB,5594113234,Kapplatorpet 101,714 91,Kopparberg,Ljusnarsberg,1.3,2025,1,2022,,,Ny kandidat
VARIATOR Bemanning AB,5591393359,Fridhemsplan 4 a,792 30,Mora,Mora,1.3,2025,2,2017,,,Ny kandidat
Olséns Transport AB,5568799828,Karlsängsvägen 18,770 14,Nyhammar,Ludvika,1.3,2025,1,2012,,,Ny kandidat
Land Socionomkonsult AB,5590216932,Gassarvet Overvägen 54,793 97,Siljansnäs,Leksand,1.3,2025,2,2015,,,Ny kandidat
EIR Bemanning AB,5594970807,Norrviksta 2,824 62,Forsa,Hudiksvall,1.3,2025,1-4,2024,,,Ny kandidat
Boolof uthyrning AB,5590123443,Härjedalsvägen 29,826 39,Söderhamn,Söderhamn,1.3,2025,2,2015,,,Ny kandidat
Svennebo Invest AB,5591298962,Svennebogatan 44,653 49,Karlstad,Karlstad,1.3,2026,1,2017,,,Ny kandidat
Karlssons Motor & Mekan AB,5592304603,Annelundsvägen 11,656 71,Skattkärr,Karlstad,1.3,2025,2,2019,,,Ny kandidat
Your Staff i Sverige AB,5591472005,Styrbordsgatan 21,723 59,Västerås,Västerås,1.3,2025,1,2018,,,Ny kandidat
FORCERA i Mellansverige AB,5591419170,Västerbykil 166,733 62,Västerfärnebo,Sala,1.3,2025,1,2017,,,Ny kandidat
D. Grama Consulting AB,5591608533,Ekevägen 13 b,723 41,Västerås,Västerås,1.3,2026,1,2018,,,Ny kandidat
THE VILLAGE TEAM AB,5567804132,Industrivägen 6,962 70,Vuollerim,Jokkmokk,1.3,2024,4,2009,,,Ny kandidat
JH Motorsport och Event AB,5594680158,Betongvägen 14,973 45,Luleå,Luleå,1.3,2025,0,2024,,,Ny kandidat
FriCra Aktiebolag,5592669120,Västra Svartbyvägen 101,956 91,Överkalix,Överkalix,1.3,2025,4,2020,,,Ny kandidat
ART Entreprenad AB,5590044045,Mandolinstigen 11,982 35,Gällivare,Gällivare,1.3,2025,1,2015,,,Ny kandidat
Karlssons Allservice i Storuman AB,5590030622,Byavägen 44,923 96,Barsele,Storuman,1.3,2025,2,2015,,,Ny kandidat
Fredrika Energiteknik AB,5594841271,Holmselevägen 19,919 93,Fredrika,Åsele,1.3,2025,2,2024,,,Ny kandidat
Småland Solution AB,5593979130,Rättarevägen 3 b,579 32,Högsby,Högsby,1.3,2025,0,2022,,,Ny kandidat
Olofzons bemanning AB,5593135592,Box 370,593 24,Västervik,Västervik,1.3,2025,2,2021,,,Ny kandidat
Irina Med AB,5590570155,Södra Ringvägen 31,352 35,Växjö,Växjö,1.3,2025,1,2016,,,Ny kandidat
LP308 i Sollefteå AB,5592205222,Multrå Kyrkobord 308,881 92,Sollefteå,Sollefteå,1.3,2025,1,2019,,,Ny kandidat
Expressbemanning i Sundsvall AB,5594392325,Vasagatan 15,856 30,Sundsvall,Sundsvall,1.3,2025,3,2023,,,Ny kandidat
Fjällfysiken AB,5590966437,Wärdshusvägen 1,837 96,Undersåker,Åre,1.3,2025,0,2017,,,Ny kandidat
Bemata AB,5567913131,Vallarvägen 128,846 97,Bruksvallarna,Härjedalen,1.3,2025,1,2009,,,Ny kandidat
B&J Bemanning AB,5593753618,Östersundsvägen 37 b,836 31,Lit,Östersund,1.3,2025,5-9,2022,,,Ny kandidat
nAbleGrowth AB,5593464299,Tågvägen 8,624 52,Lärbro,Gotland,1.2,2025,1,2021,,,Ny kandidat
Växtlusten AB,5592636715,Fleminggatan 1,602 24,Norrköping,Norrköping,1.2,2025,1,2020,,,Ny kandidat
Vashly AB,5591545024,Johannelundsvägen 55,163 45,Spånga,Stockholm,1.2,2024,1,2018,,,Ny kandidat
Unik Headhunting Nordics AB,5568215262,Valborgsgatan 12 f,216 13,Limhamn,Malmö,1.2,2025,1,2010,,,Ny kandidat
Techopia AB,5591426779,Lockkullevägen 8,517 37,Bollebygd,Bollebygd,1.2,2025,1,2017,,,Ny kandidat
Talify AB,5594504507,Vasagatan 14 a,172 61,Sundbyberg,Sundbyberg,1.2,2025,2,2023,,,Ny kandidat
Talent Agency Trollhättan AB,5592033343,Larmvägen 9,461 38,Trollhättan,Trollhättan,1.2,2025,2,2019,,,Ny kandidat
Systergräv AB,5593363475,Klisätravägen 5 a,138 33,Älta,Nacka,1.2,2025,1,2021,,,Ny kandidat
SyncUp AB,5595164111,Birger Jarlsgatan 114,114 20,Stockholm,Stockholm,1.2,2025,2,2025,,,Ny kandidat
Stockholm E-konsult uthyrning AB,5592886237,Fräsarvägen 30,142 50,Skogås,Huddinge,1.2,2025,0,2020,,,Ny kandidat
Selecta Recruitment AB,5590364039,Odlingsgatan 7 c,174 53,Sundbyberg,Sundbyberg,1.2,2025,1,2015,,,Ny kandidat
STAR Group Sweden AB,5594661778,Renmarkstorget 12 c,903 26,Umeå,Umeå,1.2,2024,2,2024,,,Ny kandidat
SIMS Executive Search AB,5565536421,Korsgatan,411 16,Göteborg,Göteborg,1.2,2025,0,1998,,,Ny kandidat
RekryteringsKonsulten Sverige AB,5591618961,Optimusvägen 6 b,194 77,Upplands Väsby,Upplands Väsby,1.2,2025,1,2018,,,Ny kandidat
Recruitment Center in Sweden AB,5593403016,"c/o Daniyal Shamkhalov, Engelbrektsgatan 14 c",722 16,Västerås,Västerås,1.2,2024,1,2021,,,Ny kandidat
Nazar Bemanning Aktiebolag,5592886765,Nyforsgatan 12 b,632 25,Eskilstuna,Eskilstuna,1.2,2025,1-4,2020,,,Ny kandidat
Modeverket Aktiebolag,5565790572,Drottninggatan 61,111 21,Stockholm,Stockholm,1.2,2025,1,2000,,,Ny kandidat
ML Power AB,5568988199,Decembergatan 2,415 48,Göteborg,Göteborg,1.2,2025,1,2012,,,Ny kandidat
LBO SVERIGE AB,5592900780,Vattugatan 1,919 31,Åsele,Åsele,1.2,2025,1,2020,,,Ny kandidat
Konport AB,5593720393,Riksdalers Gränd 14,451 73,Uddevalla,Uddevalla,1.2,2025,1,2022,,,Ny kandidat
Karisma Rekrytering AB,5565645073,Smedsta 24,153 92,Hölö,Södertälje,1.2,2025,1-4,1999,,,Ny kandidat
KARIERA NORDIC AB,5566653159,Arenavägen 39,121 77,Johanneshov,Stockholm,1.2,2024,3,2004,,,Ny kandidat
Inkognito Konsult AB,5594316985,S:T Knuts Väg 15 a,211 57,Malmö,Malmö,1.2,2025,1,2023,,,Ny kandidat
Human Ability AB,5594087958,Västra Ryttmästaregatan 18 a,217 52,Malmö,Malmö,1.2,2025,1,2022,,,Ny kandidat
Human & Executive Sweden AB,5591674501,Bäckeskogsgatan 2,504 68,Borås,Borås,1.2,2025,1,2018,,,Ny kandidat
Hitract AB,5592103260,Olof Palmes Gata 11,111 37,Stockholm,Stockholm,1.2,2025,0,2019,,,Ny kandidat
Friis Consulting AB,5594358581,Industrigatan 60,252 29,Helsingborg,Helsingborg,1.2,2025,1,2023,,,Ny kandidat
Excellium Sweden AB,5593423915,Skonarevägen 40,439 35,Onsala,Kungsbacka,1.2,2025,1,2021,,,Ny kandidat
Elfrax AB,5594945049,Båtsmansvägen 5,239 31,Skanör,Vellinge,1.2,2025,0,2024,,,Ny kandidat
Ekenfelts Konsult AB,5594747973,Junivägen 5,352 60,Växjö,Växjö,1.2,2025,1-4,2024,,,Ny kandidat
EFFSO Tech AB,5591778286,Röntgenvägen 3 d,171 54,Solna,Solna,1.2,2025,1,2018,,,Ny kandidat
Curatia AB,5595069013,Arklimästaregatan 37,371 35,Karlskrona,Karlskrona,1.2,2025,1,2024,,,Ny kandidat
Briljant Rekrytering i Stockholm AB,5591970537,Granbacken 3,185 94,Vaxholm,Vaxholm,1.2,2026,1,2019,,,Ny kandidat
Berving/Hägglund AB,5593989899,Myråsvägen 32 a,818 33,Valbo,Gävle,1.2,2025,2,2022,,,Ny kandidat
Balkefors Consulting Aktiebolag,5590680566,Första Magasinsgatan 3,803 10,Gävle,Gävle,1.2,2025,1,2016,,,Ny kandidat
BETE Global Bemanning AB,5593361610,Isafjordsgatan 20,164 40,Kista,Stockholm,1.2,2024,3,2021,,,Ny kandidat
Amanda Invest AB,5569000846,Djupedalsvägen 22,433 50,Öjersjö,Partille,1.2,2025,0,2012,,,Ny kandidat
Allegis Global Solutions Aktiebolag,5568825359,Grev Turegatan 3 4 Tr,114 46,Stockholm,Stockholm,1.2,2024,0,2012,,,Ny kandidat
All Competence Malmö AB,5568233752,Södra Förstadsgatan 65 a Bv,214 20,Malmö,Malmö,1.2,2025,0,2010,,,Ny kandidat
Agentera AB,5569063844,Bolmensvägen 47,120 50,Årsta,Stockholm,1.2,2025,2,2012,,,Ny kandidat
ASTAREC AB,5569639049,Hedinsgatan 9,115 33,Stockholm,Stockholm,1.2,2025,1,2014,,,Ny kandidat
AAA ArbetsAccess AB,5593732224,Båtsman Lobergs Gata 28,152 59,Södertälje,Södertälje,1.2,2025,1,2022,,,Ny kandidat
1:a L.I.F Omsorg AB,5569057572,Källargatan 1 a,642 60,Malmköping,Flen,1.2,2024,0,2012,,,Ny kandidat
Xcaret Fastighetsservice AB,5565665139,Flygfältsgatan 30,128 30,Skarpnäck,Stockholm,1.2,2025,2,1999,,,Ny kandidat
Ugarit Care AB,5569488132,Storvretsvägen 142,163 47,Spånga,Stockholm,1.2,2025,1,2013,,,Ny kandidat
Timmis AB,5590322888,Love Almqvists Väg 12,112 53,Stockholm,Stockholm,1.2,2025,1,2015,,,Ny kandidat
Taktikon Crew AB,5595215186,Byängsgräns 14,120 40,Årsta,Stockholm,1.2,2025,1-4,2025,,,Ny kandidat
Tabbouli Group AB,5566583711,Regeringsgatan 70,111 39,Stockholm,Stockholm,1.2,2025,0,2004,,,Ny kandidat
STOCKHOLM PHONE CENTER AB,5590728555,Drottninggatan 81 a,111 60,Stockholm,Stockholm,1.2,2025,1,2016,,,Ny kandidat
Operating Room Nurse Sweden AB,5594011149,Dalbobranten 16,128 68,Sköndal,Stockholm,1.2,2025,1,2022,,,Ny kandidat
Mokum Restaurang Aktiebolag,5563524015,"c/o Advokatfirman Fylgia KB, Box 55555",102 04,Stockholm,Stockholm,1.2,2023,0,1989,,,Ny kandidat
Michael Nilsson Konsult AB,5594586637,Mamrevägen 20,163 43,Spånga,Stockholm,1.2,2025,1,2023,,,Ny kandidat
MJO Bemanning AB,5593017972,Oktavgatan 5,126 28,Hägersten,Stockholm,1.2,2024,1,2021,,,Ny kandidat
Krakowski Consulting AB,5562218049,Östermalmsgatan 18,114 26,Stockholm,Stockholm,1.2,2025,1,1982,,,Ny kandidat
Himali Consulting AB,5594546284,Bergenhielmsvägen 10 a,168 57,Bromma,Stockholm,1.2,2025,1-4,2023,,,Ny kandidat
Garde Security Sweden AB,5593326647,Roslagsgatan 19,113 55,Stockholm,Stockholm,1.2,2024,1,2021,,,Ny kandidat
Berggren Consultant AB,5568131048,Åsögatan 116,116 24,Stockholm,Stockholm,1.2,2025,1-4,2010,,,Ny kandidat
AshMedicin AB,5592939069,Fageredsgränd 8,125 72,Älvsjö,Stockholm,1.2,2022,0,2020,,,Ny kandidat
Amazonia service AB,5594432907,Olaus Magnus Väg 6,121 40,Johanneshov,Stockholm,1.2,2025,2,2023,,,Ny kandidat
Unistaff AB,5566714092,Solvägen 17 a,175 67,Järfälla,Järfälla,1.2,2025,0,2004,,,Ny kandidat
Tilles Miljö AB,5594632340,Lillgårdsvägen 15,137 57,Tungelsta,Haninge,1.2,2025,1,2023,,,Ny kandidat
The Butler Stockholm AB,5594587635,Granängsringen 50,135 45,Tyresö,Tyresö,1.2,2025,3,2023,,,Ny kandidat
THU Group Invest AB,5592816424,Ansgarsvägen 27,152 51,Södertälje,Södertälje,1.2,2025,3,2020,,,Ny kandidat
Stockholm Tre Evenemang AB,5566855093,Mogårdsvägen 29 5 Tr,143 43,Vårby,Huddinge,1.2,2025,2,2005,,,Ny kandidat
Robin Grape AB,5591621718,Sjödalsbacken 9,141 61,Huddinge,Huddinge,1.2,2025,1,2018,,,Ny kandidat
Ramqvist Management Consultants AB,5591081277,Skolvägen 7,137 54,Tungelsta,Haninge,1.2,2025,1,2017,,,Ny kandidat
RM Konsult AB,5592596901,Segersminnevägen 17,141 40,Huddinge,Huddinge,1.2,2025,1,2020,,,Ny kandidat
Ordo AB,5592638323,Åbylundsvägen 245,137 32,Västerhaninge,Haninge,1.2,2025,3,2020,,,Ny kandidat
OPSELL AB,5568829377,Vårvägen 13 b,132 36,Saltsjö-Boo,Nacka,1.2,2025,2,2012,,,Ny kandidat
Noxian Event AB,5594631441,Buxbomsvägen 6,197 36,Bro,Upplands-Bro,1.2,2025,1,2023,,,Ny kandidat
Nilha AB,5568882913,Tjusarbacken 5 c,139 36,Värmdö,Värmdö,1.2,2025,1,2012,,,Ny kandidat
Milina AB,5593839144,Ida Björlings Väg 11,145 54,Norsborg,Botkyrka,1.2,2025,1-4,2022,,,Ny kandidat
MM Bemanning AB,5594924978,Dalgatan 39 Lgh 1705,151 34,Södertälje,Södertälje,1.2,2025,2,2024,,,Ny kandidat
Kosmo Bemanning AB,5593750317,Hallonbergsvägen 9,174 53,Sundbyberg,Sundbyberg,1.2,2025,2,2022,,,Ny kandidat
Helsved AB,5568978166,Karlavägen 48,186 46,Vallentuna,Vallentuna,1.2,2025,2,2012,,,Ny kandidat
E.G.A. AB,5594773359,Dåntorpsvägen 33 Hq,136 50,Jordbro,Haninge,1.2,2025,2,2024,,,Ny kandidat
Adviser Pink interactive AB,5567583991,Toruns Väg 16,153 38,Järna,Södertälje,1.2,2025,1,2008,,,Ny kandidat
Valp AB,5594698192,Lagman Eskils Väg 3,443 34,Lerum,Lerum,1.2,2025,1,2024,,,Ny kandidat
Sombridge AB,5591160741,Fyrktorget 4,414 83,Göteborg,Göteborg,1.2,2025,1,2017,,,Ny kandidat
Solid Concrete Göteborg AB,5594821893,Fagottgatan 6 1904,421 41,Västra Frölunda,Göteborg,1.2,2025,1,2024,,,Ny kandidat
ServEase AB,5569156820,Gråbrödragatan 6 Lgh 1204,442 36,Kungälv,Kungälv,1.2,2024,1,2012,,,Ny kandidat
PEPS BUTIK AB,5569460099,Tallvägen 4,514 60,Dalstorp,Tranemo,1.2,2025,1,2013,,,Ny kandidat
Midas AB,5593052664,Getskärs Badväg 8,444 61,Stora Höga,Stenungsund,1.2,2025,1,2021,,,Ny kandidat
K.S läkartjänster AB,5593477069,Myråsgatan 16 b,507 33,Brämhult,Borås,1.2,2025,1-4,2021,,,Ny kandidat
Johanens Redovisning AB,5569780876,E a Rosengrens Gata 31,421 31,Västra Frölunda,Göteborg,1.2,2025,1-4,2014,,,Ny kandidat
Hanami Medical AB,5593054256,Birger Jarlsgatan 18 k,414 69,Göteborg,Göteborg,1.2,2025,1,2021,,,Ny kandidat
Freja Konsulting AB,5592532849,"c/o Zeynalov, Saturnusgatan 8",415 64,Göteborg,Göteborg,1.2,2024,1,2020,,,Ny kandidat
Albert A Consulting AB,5593249138,E a Rosengrens Gata 31,421 31,Västra Frölunda,Göteborg,1.2,2025,1,2021,,,Ny kandidat
Väsbylunds gård AB,5593602450,Måarpsvägen 125,263 91,Höganäs,Höganäs,1.2,2025,1-4,2022,,,Ny kandidat
Tysani Workpower AB,5593088726,Lergöksgatan 56,215 79,Malmö,Malmö,1.2,2025,1,2021,,,Ny kandidat
TygelsjöMölla Konsult AB,5592744014,Stora Södergatan 27,222 23,Lund,Lund,1.2,2025,0,2020,,,Ny kandidat
Ted K Mårtensson Management AB,5594836396,Drottninggatan 92,252 21,Helsingborg,Helsingborg,1.2,2025,2,2024,,,Ny kandidat
Självklar Service AB,5592498447,Spannarpsvägen 70,262 95,Ängelholm,Ängelholm,1.2,2025,2,2020,,,Ny kandidat
Per Hammar AB,5563538700,Smedstorp Prästgården 1,273 98,Smedstorp,Tomelilla,1.2,2024,2,1989,,,Ny kandidat
Inovatorët Consulting AB,5593855868,Frejagatan 12,242 35,Hörby,Hörby,1.2,2024,1,2022,,,Ny kandidat
HN Lotstjänst AB,5592808371,Gyhultsvägen 40,254 46,Helsingborg,Helsingborg,1.2,2025,1-4,2020,,,Ny kandidat
Goldstream Aktiebolag,5564857968,Korsholm 7100,242 97,Hörby,Hörby,1.2,2025,1,1994,,,Ny kandidat
Fjällfotasjö Gård AB,5567214118,Fjällfotavägen 133,233 91,Svedala,Svedala,1.2,2025,0,2007,,,Ny kandidat
E Snecker Konsult AB,5594094863,Tegelbruksgatan 3,253 53,Påarp,Helsingborg,1.2,2025,0,2022,,,Ny kandidat
CB Care AB,5594028051,Kantorsgatan 24,254 51,Helsingborg,Helsingborg,1.2,2025,1,2022,,,Ny kandidat
Aktiebolaget Arvidsson & Alm,5591232896,Kornettsgatan 13 a,211 50,Malmö,Malmö,1.2,2025,1,2017,,,Ny kandidat
Unik Student i Sverige AB,5595010595,Diskettgatan 2,583 30,Linköping,Linköping,1.2,2025,2,2024,,,Ny kandidat
Lars Tholmark AB,5562903517,Roxtorp Sjölund 1,585 78,Vreta Kloster,Linköping,1.2,2025,1,1987,,,Ny kandidat
AfroNordic Consulting AB,5590801626,Väverigatan 1,582 13,Linköping,Linköping,1.2,2025,1,2016,,,Ny kandidat
Sliwinski Holding AB,5591270003,Övre Slottsgatan 6 a,753 10,Uppsala,Uppsala,1.2,2025,1,2017,,,Ny kandidat
NineFor Group AB,5568440571,Islandsgatan 6,753 08,Uppsala,Uppsala,1.2,2025,1,2011,,,Ny kandidat
GetANurse Sweden AB,5592265556,Rosendalsvägen 8 Lgh 1103,756 44,Uppsala,Uppsala,1.2,2025,3,2019,,,Ny kandidat
Tryckfärgsvägens Förvaltnings AB,5566627831,Grans Gårds Väg 1,746 92,Bålsta,Håbo,1.2,2025,1-4,2004,,,Ny kandidat
Juhas Bemanning AB,5569163560,Södra Strandgatan 23,553 20,Jönköping,Jönköping,1.2,2025,2,2012,,,Ny kandidat
AB Tranås AIF,5569967549,Sportvägen 1,573 93,Tranås,Tranås,1.2,2025,3,2014,,,Ny kandidat
ELEVATA HISS AKTIEBOLAG,5567576870,Varbergsvägen 2090,439 61,Frillesås,Kungsbacka,1.2,2025,1,2008,,,Ny kandidat
Örebro Cocktails AB,5567489744,Landstormsvägen 19,702 25,Örebro,Örebro,1.2,2025,1,2008,,,Ny kandidat
J Adolfsson Project AB,5592452303,Billtorpsvägen 1 b,702 29,Örebro,Örebro,1.2,2025,1,2020,,,Ny kandidat
AI Socionompoolen Consulting AB,5594051863,Sörbyallén 8,702 17,Örebro,Örebro,1.2,2025,1-4,2022,,,Ny kandidat
Cowslip AB,5593888083,Källmossvägen 3,691 52,Karlskoga,Karlskoga,1.2,2025,2,2022,,,Ny kandidat
Zipp Bemanning AB,5592017767,Brogatan 21,645 61,Stallarholmen,Strängnäs,1.2,2025,2,2019,,,Ny kandidat
Helgstrand Entreprenad AB,5593305484,Repslagarvägen 18 b,643 32,Vingåker,Vingåker,1.2,2025,1,2021,,,Ny kandidat
Gimlä Bemanning AB,5592088628,Gustafsvägen 4,633 46,Eskilstuna,Eskilstuna,1.2,2024,2,2019,,,Ny kandidat
European Air Invest AB,5565741047,Spelmansvägen 29,633 52,Eskilstuna,Eskilstuna,1.2,2024,1,1999,,,Ny kandidat
Robert Eriksson Förvaltning i Avesta AB,5567147862,Folkaregatan 58,775 70,Krylbo,Avesta,1.2,2025,2,2006,,,Ny kandidat
Masfix AB,5592231350,Brudvägen 22,792 32,Mora,Mora,1.2,2025,1,2019,,,Ny kandidat
F-Bolaget AB,5565334710,Selkroken 1,806 31,Gävle,Gävle,1.2,2025,2,1996,,,Ny kandidat
Teodora AB,5592911936,Gunnebogatan 3,653 49,Karlstad,Karlstad,1.2,2025,1,2020,,,Ny kandidat
Ramstedts Service AB,5594943630,Storåsgatan 3,667 33,Forshaga,Forshaga,1.2,2025,1-4,2024,,,Ny kandidat
Erikssons Alltjänst & Holding AB,5594390766,Näresbyn Söberget 1,672 92,Årjäng,Årjäng,1.2,2025,1,2023,,,Ny kandidat
ER Konsult i Torsby AB,5591103659,Västanvik 1,685 91,Torsby,Torsby,1.2,2025,1,2017,,,Ny kandidat
BANKSY AB,5592911944,Långgatan 25 a,652 22,Karlstad,Karlstad,1.2,2025,1,2020,,,Ny kandidat
YumYum Jobb AB,5594839317,Johanneshöjden 4 Lgh 2203,722 19,Västerås,Västerås,1.2,2024,3,2024,,,Ny kandidat
MW Demolition AB,5593571580,Ulvsbovägen 50,737 93,Fagersta,Fagersta,1.2,2025,1,2021,,,Ny kandidat
ViolaVård AB,5592489214,Ersnäsvägen 63 c,975 92,Luleå,Luleå,1.2,2025,1,2020,,,Ny kandidat
Wallstål Motorsport AB,5594374182,Hortlaxvägen 141,944 31,Hortlax,Piteå,1.2,2025,1,2023,,,Ny kandidat
R66 AB,5594850041,Byggyrkesgatan 12,933 34,Arvidsjaur,Arvidsjaur,1.2,2026,1,2024,,,Ny kandidat
NesnejE AB,5593878407,Banvägen 25 a,973 46,Luleå,Luleå,1.2,2025,3,2022,,,Ny kandidat
Morris BMA AB,5594685629,Rimfrostgatan 10 Lgh1302,982 41,Gällivare,Gällivare,1.2,2025,1,2024,,,Ny kandidat
Lejde Maskin & Teknik AB,5569246449,Lejdevägen 14 b,975 96,Luleå,Luleå,1.2,2025,1,2013,,,Ny kandidat
Kågedalens Alltjänst AB,5568879117,Finnforsby 130,936 92,Boliden,Skellefteå,1.2,2025,2,2012,,,Ny kandidat
Eze Solutions AB,5594126350,Timotejvägen 16,914 33,Nordmaling,Nordmaling,1.2,2025,1,2022,,,Ny kandidat
Elin Holmlund Consulting AB,5594609728,Trollberget 260,922 90,Vindeln,Vindeln,1.2,2025,1,2023,,,Ny kandidat
Darirums Teknik AB,5595021451,Klövervägen 9,917 32,Dorotea,Dorotea,1.2,2025,1,2024,,,Ny kandidat
BjoTech Aktiebolag,5568665698,Lucken 6,914 96,Håknäs,Nordmaling,1.2,2025,1,2011,,,Ny kandidat
R. Karlssons Transport AB,5593296162,Medelvägen 5,382 73,Alsterbro,Nybro,1.2,2025,1,2021,,,Ny kandidat
Etapp AB,5567450605,Billa Kulla Gård,355 75,Åryd,Växjö,1.2,2025,1-4,2007,,,Ny kandidat
Nurse Support Sverige AB,5590944152,Västergatan 21 b,856 42,Sundsvall,Sundsvall,1.2,2025,1,2016,,,Ny kandidat
Henrik Forss Entreprenad AB,5590118005,Gärdevägen 1,835 94,Aspås,Krokom,1.2,2025,1,2015,,,Ny kandidat
mkbergman consulting AB,5594429747,Eskilstorp Näset 1,333 74,Bredaryd,Värnamo,1.1,2025,1,2023,,,Ny kandidat
WorkGuide Sverige AB,5593670796,Sibeliusgången 22 c,164 77,Kista,Stockholm,1.1,2025,2,2022,,,Ny kandidat
WOOW Executive Search AB,5592920390,Drakenbergsgatan 3,117 41,Stockholm,Stockholm,1.1,2025,2,2020,,,Ny kandidat
Uppsala Jobb Poll AB,5568528243,S:T Olofsgatan 11 a,753 21,Uppsala,Uppsala,1.1,2025,2,2011,,,Ny kandidat
VDB Consulting AB,5593983470,Regeringsgatan 78 a,111 39,Stockholm,Stockholm,1.1,2025,1,2022,,,Ny kandidat
Tecy AB,5593679946,Näsbyvägen 24 b,135 53,Tyresö,Tyresö,1.1,2025,1,2022,,,Ny kandidat
TOBLOR Consulting AB,5592445547,Örtoftagatan 47,216 20,Malmö,Malmö,1.1,2025,1,2020,,,Ny kandidat
Sweden Works AB,5591213953,Seminarievägen 45 b Lgh 1201,352 38,Växjö,Växjö,1.1,2025,1,2017,,,Ny kandidat
Swapp Agency Aktiebolag,5594450206,Box 5385,102 49,Stockholm,Stockholm,1.1,2024,4,2023,,,Ny kandidat
Sture Search AB,5568176688,Töjnavägen 39 b,191 34,Sollentuna,Sollentuna,1.1,2025,1,2010,,,Ny kandidat
Stockholm Sourcing AB,5569327850,Skanörvägen 6 Lgh 1302,121 52,Johanneshov,Stockholm,1.1,2024,2,2013,,,Ny kandidat
Stanton Chase Sweden AB,5594689498,Tegnérgatan 15 2tr,111 40,Stockholm,Stockholm,1.1,2024,1-4,2024,,,Ny kandidat
Socialaktörerna AB,5590562897,Itolv Workspejs Kaserngatan 14,575 35,Eksjö,Eksjö,1.1,2025,1,2016,,,Ny kandidat
Skånes Alltjänst i Malmö AB,5568351307,Sallerupsvägen 152,212 28,Malmö,Malmö,1.1,2025,1,2010,,,Ny kandidat
Skylight Invest AB,5591376735,Bleckåsvägen 7,835 97,Offerdal,Krokom,1.1,2025,2,2017,,,Ny kandidat
REBE INTER AB,5594514696,Sjötorpsvägen 36,134 38,Gustavsberg,Värmdö,1.1,2024,1,2023,,,Ny kandidat
RL Future Management AB,5567012199,"c/o RL Future Management AB, Box 5248",102 45,Stockholm,Stockholm,1.1,2025,2,2006,,,Ny kandidat
PsykoLogiskt Niemandius AB,5592872377,Nedre Fogelbergsgatan 6 b Nb,411 28,Göteborg,Göteborg,1.1,2025,1,2020,,,Ny kandidat
PSXpress AB,5593205031,Johan Willins Gata 6,416 64,Göteborg,Göteborg,1.1,2025,1,2021,,,Ny kandidat
Ostoya Concept Development AB,5567295448,Hammarby Allé 150,120 66,Stockholm,Stockholm,1.1,2025,1-4,2007,,,Ny kandidat
Oslipat AB,5593655854,Jungmansgränd 22,117 67,Stockholm,Stockholm,1.1,2025,1,2022,,,Ny kandidat
Norrtälje vård & omsorg AB,5593393217,Vätövägen 460,761 76,Norrtälje,Norrtälje,1.1,2025,2,2021,,,Ny kandidat
Niash AB,5594688995,Skrävstavägen 5,147 32,Tumba,Botkyrka,1.1,2025,1,2024,,,Ny kandidat
Moriso Consulting AB,5594173865,Gyllenkrooksgatan 15,412 82,Göteborg,Göteborg,1.1,2025,1-4,2023,,,Ny kandidat
Lilliér Rekrytering AB,5591186316,Knutstorpsvägen 9,268 77,Kågeröd,Svalöv,1.1,2025,1,2017,,,Ny kandidat
Kvinnokompetensen Rekrytering & Ledarutveckling Sverige AB,5566374103,Bergsgatan 1,112 23,Stockholm,Stockholm,1.1,2025,1,2002,,,Ny kandidat
Kerstin Avemo AB,5568097488,Wargentinsgatan 2,112 29,Stockholm,Stockholm,1.1,2025,1,2010,,,Ny kandidat
Kayali Consulting AB,5595000232,Tvedegårdsvägen 18 a,291 48,Kristianstad,Kristianstad,1.1,2025,2,2024,,,Ny kandidat
KaNoHa AB,5591936777,Kristineberg 103,241 93,Eslöv,Eslöv,1.1,2025,1,2019,,,Ny kandidat
Josefin Thörnert Consulting AB,5593330391,Poppelvägen 55,135 52,Tyresö,Tyresö,1.1,2025,1,2021,,,Ny kandidat
Jobmax AB,5592603095,Landbotorpsallén 7,702 43,Örebro,Örebro,1.1,2025,1,2020,,,Ny kandidat
Jansson Partners Cornerstone AB,5566470414,Stig Lindbergs Gata 15,134 52,Gustavsberg,Värmdö,1.1,2025,2,2003,,,Ny kandidat
JG transport & konsult Aktiebolag,5594915489,Hånsta 108,747 92,Alunda,Östhammar,1.1,2025,1,2024,,,Ny kandidat
Hyrhälsan i Örebro AB,5590667597,Cv-Gatan 105,703 82,Örebro,Örebro,1.1,2025,1,2016,,,Ny kandidat
Hope Guiden AB,5593060931,Hagavägen 11,784 31,Borlänge,Borlänge,1.1,2025,2,2021,,,Ny kandidat
Hospitality Specialist AB,5593316754,Kustroddaregatan 2,414 52,Göteborg,Göteborg,1.1,2025,1,2021,,,Ny kandidat
Gatenborg Executive Consulting AB,5594440918,Östgötagatan 42,116 64,Stockholm,Stockholm,1.1,2025,1,2023,,,Ny kandidat
Fairquest rekrytering AB,5593648974,Kungsgatan 9 Box 3359,103 67,Stockholm,Stockholm,1.1,2025,1,2022,,,Ny kandidat
Eyra Education AB,5569162398,Köpmangatan 23-25,702 23,Örebro,Örebro,1.1,2025,0,2012,,,Ny kandidat
Exelect AB,5565717153,Bergviksgatan 27,152 50,Södertälje,Södertälje,1.1,2025,1,1999,,,Ny kandidat
DuoScentia AB,5568157084,Nittsjövägen 29,795 91,Rättvik,Rättvik,1.1,2025,1,2010,,,Ny kandidat
DreamTalent AB,5595020909,Hyacintgatan 1 c,256 61,Helsingborg,Helsingborg,1.1,2025,1-4,2024,,,Ny kandidat
Dimple Sverige AB,5592263478,Lövbrunnavägen 44,187 53,Täby,Täby,1.1,2025,1,2019,,,Ny kandidat
Deploy Group AB,5567958771,Pilegården 5 c,436 35,Askim,Göteborg,1.1,2025,1,2009,,,Ny kandidat
Connectas AB,5593194326,Snapphanevägen 18 Lgh 1202,177 54,Järfälla,Järfälla,1.1,2024,3,2021,,,Ny kandidat
CV Sail AB,5590307160,Övre Gatan 1 a,261 61,Landskrona,Landskrona,1.1,2025,1,2015,,,Ny kandidat
CO-WORKER Kandidatförmedling Sverige AB,5567635312,Tredje Tvärgatan 3,802 84,Gävle,Gävle,1.1,2024,2,2008,,,Ny kandidat
CNB Consulting AB,5594305368,Hässelby Strandväg 19 a,165 65,Hässelby,Stockholm,1.1,2025,1-4,2023,,,Ny kandidat
Black Flag Alliance AB,5568926298,Talattagatan 10 a,426 76,Västra Frölunda,Göteborg,1.1,2025,1-4,2012,,,Ny kandidat
Bemia AB,5568718448,Uggledals Byväg 31,427 40,Billdal,Göteborg,1.1,2025,1,2011,,,Ny kandidat
BOND Human Capital AB,5593794844,Västmannagatan 90,113 43,Stockholm,Stockholm,1.1,2025,1,2022,,,Ny kandidat
Avipes Entreprenad och Arbetskraft AB,5566340641,Tomtestigen 9,136 70,Vendelsö,Haninge,1.1,2025,1,2002,,,Ny kandidat
Atvexla AB,5595062810,Vasagatan 10,111 20,Stockholm,Stockholm,1.1,2025,1,2024,,,Ny kandidat
Anfrab Bemanning AB,5592208937,"c/o Fredrik Abrahamsson, Verle 425",446 96,Hålanda,Ale,1.1,2024,2,2019,,,Ny kandidat
4 Sleep & Repeat AB,5591138663,Badhusgatan 14 b,453 30,Lysekil,Lysekil,1.1,2025,1,2017,,,Ny kandidat
Wahrlings Eventbyrå AB,5590779962,Blekingegatan 48,116 62,Stockholm,Stockholm,1.1,2025,1,2016,,,Ny kandidat
Sweden International Enterprises AB,5592891252,"c/o Advokatfirman Allians, Box 3659",103 59,Stockholm,Stockholm,1.1,2022,2,2020,,,Ny kandidat
Partnerteam Sweden AB,5562103639,Hammarby Allé 80 Bv,120 61,Stockholm,Stockholm,1.1,2025,1,1981,,,Ny kandidat
OculoCura AB,5594100470,Storforsplan 5,123 47,Farsta,Stockholm,1.1,2025,2,2022,,,Ny kandidat
Nurse Direct NC AB,5591795843,Kista Alléväg 11,164 55,Kista,Stockholm,1.1,2025,1,2018,,,Ny kandidat
Hagmanbolaget AB,5569851081,Förmansvägen 25 Lgh 1601,117 59,Stockholm,Stockholm,1.1,2025,2,2014,,,Ny kandidat
Gorgis Holding AB,5568805112,Kivra: 556880-5112,106 31,Stockholm,Stockholm,1.1,2025,1,2012,,,Ny kandidat
Emrose AB,5593916249,Björnsonsgatan 58,168 53,Bromma,Stockholm,1.1,2025,1,2022,,,Ny kandidat
Dinc Talent Pool AB,5590921473,Grönbrinksgatan 8,117 59,Stockholm,Stockholm,1.1,2025,1,2016,,,Ny kandidat
Dwyer Consult AB,5568681901,Skoghallsvägen 11,122 42,Enskede,Stockholm,1.1,2025,1,2011,,,Ny kandidat
söderby support AB,5594075292,Hjälmvids Backe 10,136 65,Söderby,Haninge,1.1,2025,1,2022,,,Ny kandidat
frwrd Asset Management AB,5569564700,Tornadogränd 12,176 67,Järfälla,Järfälla,1.1,2025,1,2013,,,Ny kandidat
R Lindahl Consulting AB,5569789554,Eldtomta 4,147 92,Grödinge,Botkyrka,1.1,2025,1,2014,,,Ny kandidat
PaMeri Entreprenad AB,5591050850,Ullbergsvägen 80,135 67,Tyresö,Tyresö,1.1,2025,0,2017,,,Ny kandidat
OLITEK Healthcare AB,5594193723,Norra Årvägen 15,194 57,Upplands Väsby,Upplands Väsby,1.1,2025,1,2023,,,Ny kandidat
NIO AB,5567568158,Dalhemsvägen 52,141 46,Huddinge,Huddinge,1.1,2025,1,2008,,,Ny kandidat
DirektArbete AB,5590478656,Prästgårdsgatan 22,172 32,Sundbyberg,Sundbyberg,1.1,2025,3,2016,,,Ny kandidat
Care Staffing North AB,5594012055,Diligensvägen 5,131 48,Nacka,Nacka,1.1,2025,1,2022,,,Ny kandidat
Bergagruppen i Sverige AB,5590830898,Grandalsvägen 81 b,184 38,Åkersberga,Österåker,1.1,2025,2,2016,,,Ny kandidat
A&W bemanning AB,5594892068,Fornhöjdsvägen 48,152 58,Södertälje,Södertälje,1.1,2025,1,2024,,,Ny kandidat
Syster Vanjas vårdbemanning AB,5591042972,Doktor Forselius Backe 21,413 26,Göteborg,Göteborg,1.1,2025,1,2017,,,Ny kandidat
Swekör AB,5594202128,S:Ta Marias Väg 58,463 71,Lödöse,Lilla Edet,1.1,2026,1,2023,,,Ny kandidat
Square Nine Mangament & Holding AB,5592027873,Berzeliigatan 16,412 53,Göteborg,Göteborg,1.1,2025,0,2019,,,Ny kandidat
Solomio Partner AB,5592673668,Vikhöjdsvägen 8,518 31,Sandared,Borås,1.1,2025,1,2020,,,Ny kandidat
Sjanand AB,5568862964,Idunagatan 26,431 44,Mölndal,Mölndal,1.1,2025,5-9,2012,,,Ny kandidat
Rose Personalservice Sverige AB,5569480006,Karlsbergsgatan 3,504 60,Borås,Borås,1.1,2025,3,2013,,,Ny kandidat
Lindhults Bil & Svets AB,5590362603,Lindhult Höjden 1,519 90,Horred,Mark,1.1,2025,1,2015,,,Ny kandidat
Jocke Odehed AB,5594666918,Båtsmansvägen 4,451 77,Uddevalla,Uddevalla,1.1,2025,1,2024,,,Ny kandidat
Isflaket AB,5567089619,Brattefjäll 32,430 85,Brännö,Göteborg,1.1,2025,2,2006,,,Ny kandidat
Inmont AB,5592416852,Stenum Skolan 2,532 94,Skara,Skara,1.1,2026,1,2020,,,Ny kandidat
Flex Bemanning i Väst AB,5590059134,Cykelvädersgatan 21,418 39,Göteborg,Göteborg,1.1,2025,1,2015,,,Ny kandidat
Commy AB,5592490378,Bolerovägen 17,424 54,Angered,Göteborg,1.1,2025,4,2020,,,Ny kandidat
Adiuva socionomkonsult AB,5590342696,Sparlösa Anderstomt 1,534 90,Vara,Vara,1.1,2025,1,2015,,,Ny kandidat
Zama Medicare AB,5591632970,Lungagatan 43,211 59,Malmö,Malmö,1.1,2025,1,2018,,,Ny kandidat
Staffpartner Sverige AB,5594448770,Kärrmesgatan 20,254 49,Helsingborg,Helsingborg,1.1,2025,2,2023,,,Ny kandidat
SeniorArbetsglädje i Skåne AB,5591499503,Månfararegränd 7,245 38,Staffanstorp,Staffanstorp,1.1,2025,3,2018,,,Ny kandidat
Nordenstad Consulting AB,5595129395,Viktoriagatan 6,252 40,Helsingborg,Helsingborg,1.1,2025,1-4,2024,,,Ny kandidat
N Shine Bilvård & Handel AB,5594996661,Fridarpsvägen 11,289 50,Hanaskog,Östra Göinge,1.1,2025,1,2024,,,Ny kandidat
Eko Ettan AB,5595214486,Saltsjöbadsvägen 42,271 39,Ystad,Ystad,1.1,2025,0,2025,,,Ny kandidat
Cila Beauty AB,5592268501,Baltzarsgatan 18,211 36,Malmö,Malmö,1.1,2024,0,2019,,,Ny kandidat
13 Company AB,5593349334,Eriks Backaväg 15,266 93,Munka-Ljungby,Ängelholm,1.1,2026,1-4,2021,,,Ny kandidat
Poldo AB,5566552971,Hässelby Gård,583 91,Vikingstad,Linköping,1.1,2025,0,2004,,,Ny kandidat
NillisNurse AB,5593393993,Storgatan 66 Lgh 1003,582 28,Linköping,Linköping,1.1,2025,1,2021,,,Ny kandidat
MB Medicare AB,5593368730,Nygatan 39,602 34,Norrköping,Norrköping,1.1,2025,1,2021,,,Ny kandidat
JP Ekonomi i Vadstena AB,5565157582,Roddaregatan 1,591 70,Motala,Motala,1.1,2025,1,1995,,,Ny kandidat
Ekeby Ekonomi AB,5568793045,Ekebyborna 246,591 95,Motala,Motala,1.1,2025,1,2012,,,Ny kandidat
CKJ Bemanning AB,5591887418,Luddingsbovägen 41,605 96,Norrköping,Söderköping,1.1,2025,3,2018,,,Ny kandidat
Bemanning I Götaland AB,5592808926,Brandmannagatan 5 a,582 52,Linköping,Linköping,1.1,2025,1,2020,,,Ny kandidat
AB Hansson Med Crew,5568071806,Vattentornsgatan 30 c,591 36,Motala,Motala,1.1,2025,1,2010,,,Ny kandidat
PKNytt AB,5594282641,Askarbäck 7,743 71,Björklinge,Uppsala,1.1,2025,2,2023,,,Ny kandidat
Intermed AB,5593095804,Åskmolnsvägen 3,743 35,Storvreta,Uppsala,1.1,2025,1,2021,,,Ny kandidat
HNordlander AB,5594044488,Rackarbergsgatan 76 Lgh 1002,752 32,Uppsala,Uppsala,1.1,2026,1,2022,,,Ny kandidat
RODSKAGG AB,5593205619,Kungs-Husby Arnöberg 2,645 93,Strängnäs,Enköping,1.1,2026,1,2021,,,Ny kandidat
EEB Fastighetsförvaltning&Bygg AB,5592748254,"c/o Jesper Noren, Bruksplan 1",815 75,Söderfors,Tierp,1.1,2024,0,2020,,,Ny kandidat
Joakim Einars Bygg och Entreprenad AB,5592937014,Edshults-Sjöarp 16,575 93,Eksjö,Eksjö,1.1,2025,1,2020,,,Ny kandidat
JH Bemanning & Fastighetsservice AB,5594310327,Gärdesgatan 21,598 75,Mariannelund,Eksjö,1.1,2025,1,2023,,,Ny kandidat
Medicinsk fotvård & Hälsa i Halmstad AB,5592957723,Rotstigen 3,305 94,Halmstad,Halmstad,1.1,2025,2,2021,,,Ny kandidat
MSL CARE AB,5592701345,Cellovägen 55,311 76,Falkenberg,Falkenberg,1.1,2025,1,2020,,,Ny kandidat
Lars Broberg konsult AB,5591409080,Fasanvägen 7,302 40,Halmstad,Halmstad,1.1,2025,2,2017,,,Ny kandidat
Idelunds Gräv AB,5592949258,Idelundsvägen 17,439 72,Fjärås,Kungsbacka,1.1,2025,1,2021,,,Ny kandidat
BM Verkstan AB,5594033309,Stallakärrsvägen 56,439 74,Fjärås,Kungsbacka,1.1,2025,0,2022,,,Ny kandidat
M.FAGER AB,5594007964,Lilljas Väg 16,611 38,Nyköping,Nyköping,1.1,2025,1,2022,,,Ny kandidat
Högvalla Entreprenad AB,5593046344,Sättersta Högvalla 1,611 99,Tystberga,Nyköping,1.1,2025,1,2021,,,Ny kandidat
Forskilen AB,5593068538,Forskilen Bocksholm 1,635 20,Eskilstuna,Eskilstuna,1.1,2025,2,2021,,,Ny kandidat
Baronz AB,5594699877,Fräsarvägen 10,647 51,Åkers Styckebruk,Strängnäs,1.1,2025,1,2024,,,Ny kandidat
Per Larsson Entreprenad i Enviken AB,5591428254,Tornvägen 16,790 26,Enviken,Falun,1.1,2025,1,2017,,,Ny kandidat
Nyholm Transport AB,5592821705,Lövstigen 20,776 36,Hedemora,Hedemora,1.1,2026,1,2020,,,Ny kandidat
Lindbergs Terrängfordon AB,5593947582,Björnmossevägen 13 b,771 94,Ludvika,Ludvika,1.1,2025,1,2022,,,Ny kandidat
Innovation by Tom Bergkvist AB,5568863517,Mossgatan 14,784 75,Borlänge,Borlänge,1.1,2025,2,2012,,,Ny kandidat
Högbo 23 AB,5592049315,Lund 16,775 95,Folkärna,Avesta,1.1,2025,1,2019,,,Ny kandidat
EJansson Entreprenad AB,5594769183,Åminnevägen 20,771 94,Ludvika,Ludvika,1.1,2025,1,2024,,,Ny kandidat
Arnea Design och Trading AB,5591031363,"c/o Svenska Standardbolag AB, Box 292",791 27,Falun,Falun,1.1,2024,1,2017,,,Ny kandidat
nrok AB,5593171837,Bränne Backe 7,811 70,Järbo,Sandviken,1.1,2025,1,2021,,,Ny kandidat
Haka Av AB,5594761909,Urforsvägen 16,812 51,Åshammar,Sandviken,1.1,2025,1,2024,,,Ny kandidat
H.Eriksson Ockelbo AB,5592658149,Vansbron 46,816 93,Ockelbo,Ockelbo,1.1,2025,1-4,2020,,,Ny kandidat
Dina Zelnina Läkarkonsult AB,5591955983,Knärotsvägen 16 Lgh 1105,806 33,Gävle,Gävle,1.1,2025,1,2019,,,Ny kandidat
Gåsborn Maskin AB,5591607394,Gåsborn Pilvägen Ekgården 20,682 92,Filipstad,Filipstad,1.1,2025,1,2018,,,Ny kandidat
Gårdarna i Värmland AB,5569041824,Ruds Gård 1,665 92,Kil,Kil,1.1,2024,1,2012,,,Ny kandidat
Pang Boom AB,5593973885,Sigurdsgatan 7 a,721 30,Västerås,Västerås,1.1,2025,0,2022,,,Ny kandidat
Krooks entreprenad AB,5592733348,Videvägen 1 b,734 38,Hallstahammar,Hallstahammar,1.1,2025,2,2020,,,Ny kandidat
G.O. Carlsson AB,5566597497,Lasarettsvägen 12,738 30,Norberg,Norberg,1.1,2026,1,2004,,,Ny kandidat
OGUH Milieu AB,5568596455,Midsommarvägen 36,976 31,Luleå,Luleå,1.1,2025,1,2011,,,Ny kandidat
Nordström Entreprenad & Konsult AB,5595190157,Pitevägen 32,933 93,Abborrträsk,Arvidsjaur,1.1,2025,1,2025,,,Ny kandidat
Larssons Skylt & Reklam AB,5593569089,Vännäsvägen 67,956 92,Överkalix,Överkalix,1.1,2024,0,2021,,,Ny kandidat
Jan Juntti AB,5594541384,Dalgatan 4,957 32,Övertorneå,Övertorneå,1.1,2025,1,2023,,,Ny kandidat
Andreas Enbom Entreprenad AB,5595156000,Älvsbyvägen 1163,941 91,Piteå,Piteå,1.1,2025,1-4,2025,,,Ny kandidat
1111 Motor AB,5594182320,Bodträskvägen 452,945 92,Altersbruk,Piteå,1.1,2025,1,2023,,,Ny kandidat
Lindström Bemanning & Service AB,5594449299,Åbron 1,917 31,Dorotea,Dorotea,1.1,2025,1,2023,,,Ny kandidat
Elevate Kåge AB,5595057356,Dalgatan 5,934 32,Kåge,Skellefteå,1.1,2025,1,2024,,,Ny kandidat
Sonrysa AB,5594471665,Stensövägen 44,392 47,Kalmar,Kalmar,1.1,2025,1,2023,,,Ny kandidat
SSK Olle Ege AB,5594051830,Strandlinjen 10,593 44,Västervik,Västervik,1.1,2025,1,2022,,,Ny kandidat
ABYSS AB,5567713812,Kristinebergsgatan 7,593 35,Västervik,Västervik,1.1,2025,1,2008,,,Ny kandidat
Svenska Düsovit Aktiebolag,5560918756,Wennerbergsgatan,287 32,Strömsnäsbruk,Markaryd,1.1,2025,1-4,1964,,,Ny kandidat
Sam Event & Resurs AB,5567151740,Lämmelvägen 4,352 45,Växjö,Växjö,1.1,2025,2,2006,,,Ny kandidat
Stall ElMa AB,5569129827,Stockaremåla 1,364 33,Åseda,Uppvidinge,1.1,2025,2,2012,,,Ny kandidat
Carolines Transport AB,5591617559,Tröjemålavägen 12,362 56,Ryd,Tingsryd,1.1,2025,1,2018,,,Ny kandidat
Yveborg Holding AB,5590670542,Storgatan 31 f,891 45,Örnsköldsvik,Örnsköldsvik,1.1,2025,1,2016,,,Ny kandidat
Sörfors Mek & Mark AB,5593917106,Sörfors 173,864 92,Matfors,Sundsvall,1.1,2025,1,2022,,,Ny kandidat
Su's Thaimat & Bärodling AB,5590880174,Åsäng 319,861 93,Ljustorp,Timrå,1.1,2025,1-4,2016,,,Ny kandidat
PN Friskvård AB,5567553978,Grönviken 132,865 92,Alnö,Sundsvall,1.1,2025,1,2008,,,Ny kandidat
Gullgård's GammelGård AB,5594719725,Norra Gullgård 519,841 74,Fränsta,Ånge,1.1,2025,1,2024,,,Ny kandidat
EB.Berglund AB,5593920811,Näset 221,844 92,Hammarstrand,Ragunda,1.1,2025,0,2022,,,Ny kandidat
Bakkan Assist AB,5593775496,Sällbacken 13,837 72,Duved,Åre,1.1,2025,1,2022,,,Ny kandidat
WinkIn AB,5593848400,Långa Gatan 34,352 59,Växjö,Växjö,1,2025,1,2022,,,Ny kandidat
Vireos Sustainability Partners AB,5595130625,Fregattgatan 8,426 74,Västra Frölunda,Göteborg,1,2025,1,2024,,,Ny kandidat
VFL Bemanning AB,5591513220,Blåmesvägen 5,247 35,Södra Sandby,Lund,1,2025,1,2018,,,Ny kandidat
TREK STOCKHOLM AB,5594770470,Stadsgården 6,116 45,Stockholm,Stockholm,1,2025,1,2024,,,Ny kandidat
Stockholm Interim AB,5592741259,Sturegatan 64,114 36,Stockholm,Stockholm,1,2025,1,2020,,,Ny kandidat
StaffPro Sweden AB,5590071170,Bondegatan 36,116 33,Stockholm,Stockholm,1,2024,0,2015,,,Ny kandidat
Smart Matchning AB,5593415986,Vikdalsgränd 10 a,131 51,Nacka,Nacka,1,2024,1,2021,,,Ny kandidat
Shakalina Consulting AB,5592714652,Malinbodavägen 30,641 35,Katrineholm,Katrineholm,1,2025,1,2020,,,Ny kandidat
Searchlight Talent AB,5595079467,Kyparevägen 9,393 64,Kalmar,Kalmar,1,2025,2,2024,,,Ny kandidat
Saming Partner AB,5593505745,Slätten 1 Lgh 1401,416 61,Göteborg,Göteborg,1,2025,1,2021,,,Ny kandidat
SAMVERKANSHUSET - Individ & Näringslivsutveckling i Sverige AB,5592941123,Sälenvägen 15,780 67,Sälen,Malung-Sälen,1,2024,3,2020,,,Ny kandidat
SAM International Executive Sweden AB,5592455470,Turning Torso,211 15,Malmö,Malmö,1,2024,1,2020,,,Ny kandidat
Ring Consulting AB,5594971425,Lillsvängen 16,564 32,Bankeryd,Jönköping,1,2025,1,2024,,,Ny kandidat
Restaurangkraft Sverige AB,5593080145,Sofieberg 9,184 91,Åkersberga,Österåker,1,2025,1,2021,,,Ny kandidat
Race Rekrytering AB,5590391115,Jakob Westinsgatan 7,112 20,Stockholm,Stockholm,1,2025,1,2015,,,Ny kandidat
Profondo Rekrytering & Libris AB,5569019275,Hävertgatan 29,254 42,Helsingborg,Helsingborg,1,2025,1,2012,,,Ny kandidat
OnePartnerGroup Fjällriket AB,5591417414,Vretenvägen 10,171 54,Solna,Solna,1,2025,1,2017,,,Ny kandidat
Nätt Consulting AB,5594034554,Mäster Johansgatan 15,416 62,Göteborg,Göteborg,1,2025,1,2022,,,Ny kandidat
Nordic Geo Recruiting AB,5593888935,Kungsgatan 72,111 22,Stockholm,Stockholm,1,2025,1,2022,,,Ny kandidat
Niki Valinger AB,5592822331,Karlbergsvägen 43 b Lgh 1102,113 37,Stockholm,Stockholm,1,2025,1,2020,,,Ny kandidat
Malkea AB,5595350991,Gransätragränd 25,127 36,Skärholmen,Stockholm,1,2025,1,2025,,,Ny kandidat
MEST Rekrytering AB,5567372049,Kung Kristoffers Gata 25,252 34,Helsingborg,Helsingborg,1,2025,1,2007,,,Ny kandidat
Lehtola Ring AB,5591744692,Vinkelvägen 2 a,981 38,Kiruna,Kiruna,1,2025,1,2018,,,Ny kandidat
KAMLIN CAREERS AB,5594871369,Askebygatan 4,602 35,Norrköping,Norrköping,1,2025,1,2024,,,Ny kandidat
Jungbeck consulting AB,5594076555,Vårgårdavägen 28,125 51,Älvsjö,Stockholm,1,2025,1,2022,,,Ny kandidat
Jonas Westergren AB,5563323590,Linbastugränd 6,386 60,Mörbylånga,Mörbylånga,1,2025,1,1988,,,Ny kandidat
Jobmaking Sweden AB,5593391500,Time Building Kistagången 12,164 40,Kista,Stockholm,1,2025,3,2021,,,Ny kandidat
Jobs By Nordics AB,5592751944,Box 5385,102 49,Stockholm,Stockholm,1,2025,1,2020,,,Ny kandidat
Isabel Sundvall AB,5595265926,Bovetevägen 2,181 65,Lidingö,Lidingö,1,2025,1,2025,,,Ny kandidat
Inventum Search AB,5592019243,Ålabodsvägen 85 c,261 62,Glumslöv,Landskrona,1,2025,1,2019,,,Ny kandidat
Hälsinglands Rekrytering AB,5594174186,Forbondevägen 4,824 70,Delsbo,Hudiksvall,1,2025,2,2023,,,Ny kandidat
Hultenheim Search AB,5590166327,Sollidenplan 1,236 42,Höllviken,Vellinge,1,2025,1,2015,,,Ny kandidat
Helena Sävenek Rekrytering AB,5567332654,Näsbergsvägen 21,432 94,Varberg,Varberg,1,2025,1,2007,,,Ny kandidat
Helpsam AB,5590101217,Fyrislundsgatan 36,754 46,Uppsala,Uppsala,1,2025,1,2015,,,Ny kandidat
Four potentials AB,5568253131,Drottninggatan 72 b Lgh 1601,252 21,Helsingborg,Helsingborg,1,2025,1,2010,,,Ny kandidat
EngelbergRosendahl AB,5594019001,Björkliden 1,725 95,Västerås,Västerås,1,2025,0,2022,,,Ny kandidat
Eccelso AB,5592154495,Köpmangatan 7 b,633 56,Eskilstuna,Eskilstuna,1,2025,1,2019,,,Ny kandidat
E Lundbergs i Norberg AB,5592619943,"c/o E Lundbergs I Norberg AB, Fagerstavägen 55",738 32,Norberg,Norberg,1,2023,0,2020,,,Ny kandidat
Daniel Dudek AB,5569961864,Vindbacken 10,129 40,Hägersten,Stockholm,1,2025,1,2014,,,Ny kandidat
Casting Skåne AB,5594686247,Hyllie Kyrkoväg 57 a,216 16,Limhamn,Malmö,1,2025,1,2024,,,Ny kandidat
Brunella AB,5593535239,"c/o Adv.firman Ulf Ahlstedt AB, Skillnadsgatan 24",416 56,Göteborg,Göteborg,1,2023,1,2021,,,Ny kandidat
Bemanningstjänster i Sverige AB,5591955686,Eklundavägen 22,740 47,Harbo,Heby,1,2025,5,2019,,,Ny kandidat
Avse Management AB,5569772998,Fyrisvallsgatan 22,752 28,Uppsala,Uppsala,1,2024,1,2014,,,Ny kandidat
Aveli Talent Solutions AB,5594254095,Barkarbyvägen 34,177 49,Järfälla,Järfälla,1,2025,1,2023,,,Ny kandidat
Arborelius & co AB,5594844903,Skolgatan 28,276 50,Hammenhög,Simrishamn,1,2025,1,2024,,,Ny kandidat
Anurik Personal AB,5569744187,"c/o Advokatfirman Carler AB, Box 7557",103 93,Stockholm,Stockholm,1,2022,1,2014,,,Ny kandidat
Alpa Bemanning i Solna AB,5593619462,Drottninggatan 97,113 60,Stockholm,Stockholm,1,2025,1-4,2022,,,Ny kandidat
Alex Jobbcenter AB,5593016602,Malmskillnadsgatan 47 b,111 38,Stockholm,Stockholm,1,2024,2,2021,,,Ny kandidat
AWOL Group AB,5569573065,Skolvägen 36,749 60,Örsundsbro,Enköping,1,2026,1-4,2014,,,Ny kandidat
AK Östersund Consulting AB,5590692520,Hellzéngatan 56,871 61,Härnösand,Härnösand,1,2025,1,2016,,,Ny kandidat
Union Rekrytering AB,5594444282,Stormbyvägen 3-5,163 55,Spånga,Stockholm,1,2025,1,2023,,,Ny kandidat
Twin Power AB,5594350224,Sirapsvägen 20 a,123 56,Farsta,Stockholm,1,2024,1,2023,,,Ny kandidat
Sonma Consulting AB,5590482773,Tomtebogatan 34 c,113 38,Stockholm,Stockholm,1,2024,0,2016,,,Ny kandidat
EHB Stockholm AB,5590076690,Bråvallagatan 10 4 Tr,113 36,Stockholm,Stockholm,1,2025,1,2015,,,Ny kandidat
Zest Care Society AB,5592744188,Skogsövägen 92,133 33,Saltsjöbaden,Nacka,1,2025,2,2020,,,Ny kandidat
Vela Bemanning AB,5594919465,Storängsvägen 114,136 72,Vendelsö,Haninge,1,2025,2,2024,,,Ny kandidat
Tjädertuppen STHLM AB,5592418197,Sadelmakarvägen 6,146 33,Tullinge,Botkyrka,1,2025,0,2020,,,Ny kandidat
Renderos Stockholm AB,5591782221,Nätvägen 9,148 35,Ösmo,Nynäshamn,1,2025,1,2018,,,Ny kandidat
NexPharma AB,5594926023,Mosshagestigen 220 Lgh 1001,144 51,Rönninge,Salem,1,2026,1,2024,,,Ny kandidat
NAVA International AB,5568882632,Ankdammsgatan 22,171 43,Solna,Solna,1,2025,1,2012,,,Ny kandidat
Måleva AB,5594276429,Ogan 12,153 95,Järna,Södertälje,1,2025,1,2023,,,Ny kandidat
Mauritz Grävservice AB,5569910085,Lässmyravägen 2,148 93,Landfjärden,Nynäshamn,1,2025,1,2014,,,Ny kandidat
Härad Entreprenad AB,5593720161,Malmsjövägen 9,147 63,Uttran,Botkyrka,1,2025,2,2022,,,Ny kandidat
Entreprenadstyrning i Stockholm AB,5594476045,Fenix Väg 16,134 44,Gustavsberg,Värmdö,1,2025,0,2023,,,Ny kandidat
Atroval AB,5568173131,Atfares Väg 19,192 77,Sollentuna,Sollentuna,1,2025,0,2010,,,Ny kandidat
Asan Care AB,5592836166,Hagtornsvägen 2,191 44,Sollentuna,Sollentuna,1,2025,2,2020,,,Ny kandidat
Allonge AB,5593174773,"c/o Sunds Affärsjuridik, Box 1189",171 23,Solna,Solna,1,2025,2,2021,,,Ny kandidat
Ahlinder Service AB,5592999584,Södra Parkhemsvägen 22,146 48,Tullinge,Botkyrka,1,2025,1,2021,,,Ny kandidat
Thriving AB,5569020190,Nötvivelvägen 35,444 46,Stenungsund,Stenungsund,1,2025,1,2012,,,Ny kandidat
TKI Hjo AB,5567010086,Box 34,541 21,Skövde,Skövde,1,2024,1,2006,,,Ny kandidat
Struma AB,5591447387,Blåsvädersgatan 14 Lgh 1301,418 32,Göteborg,Göteborg,1,2024,1,2018,,,Ny kandidat
S3 Event AB,5595042234,Box 2057,442 50,Ytterby,Kungälv,1,2025,1,2024,,,Ny kandidat
Rubys VVS AB,5590887898,Krontofta 411,444 96,Ödsmål,Stenungsund,1,2025,1,2016,,,Ny kandidat
Raknebo Åkeri AB,5567600647,Raknebo 210,451 92,Uddevalla,Uddevalla,1,2025,2,2008,,,Ny kandidat
Mudemio AB,5594750340,Kellgrensgatan 21,521 51,Floby,Falköping,1,2025,1,2024,,,Ny kandidat
M.C.N. Invest AB,5590471743,Sisjövägen 167,436 38,Askim,Göteborg,1,2025,1,2016,,,Ny kandidat
Kvarntorps Mek & Svets AB,5592497365,Kvarntorp 4,458 96,Högsäter,Färgelanda,1,2025,1,2020,,,Ny kandidat
Iswecare AB,5590108998,Kongahällagatan 12,442 38,Kungälv,Kungälv,1,2025,1,2015,,,Ny kandidat
Hjul & Entreprenad Service i Alingsås AB,5567273486,Vittene Säteri 11,441 92,Alingsås,Vårgårda,1,2025,1,2007,,,Ny kandidat
Health Art i Göteborg AB,5590616933,Kvarnbyvallen 5 Läg 1401,431 34,Mölndal,Mölndal,1,2025,1,2016,,,Ny kandidat
Hagman Entreprenad & Bemanning AB,5594509290,Holmen 163,462 96,Frändefors,Vänersborg,1,2025,1,2023,,,Ny kandidat
HAO Golf & Hälsa AB,5592572100,Skråröd 117,451 93,Uddevalla,Uddevalla,1,2025,1,2020,,,Ny kandidat
Global Konsult AB,5594077264,Hagavägen 17,518 40,Sjömarken,Borås,1,2025,1-4,2022,,,Ny kandidat
Gerles Service & Bemanning AB,5594183542,Timmervik 160,442 91,Romelanda,Kungälv,1,2025,1-4,2023,,,Ny kandidat
Eliteva Care & Beauty AB,5593868424,Hansvägen 10,446 38,Älvängen,Ale,1,2025,1,2022,,,Ny kandidat
ETEON Consulting AB,5593153652,Ålstigen 12 b,444 61,Stora Höga,Stenungsund,1,2025,1,2021,,,Ny kandidat
EFF BYGG AB,5590034962,Ålegårdsgatan 1,431 50,Mölndal,Mölndal,1,2024,1-4,2015,,,Ny kandidat
Dolatiorthodontics AB,5592877277,Kvarnbyvallen 16,431 34,Mölndal,Mölndal,1,2025,1,2020,,,Ny kandidat
DnZ solutions AB,5594426537,Lotsgatan 5 b,414 58,Göteborg,Göteborg,1,2024,1,2023,,,Ny kandidat
CF Göteborg Consulting AB,5593827305,Älvebacken 28,442 47,Kungälv,Kungälv,1,2025,1,2022,,,Ny kandidat
Alsofi Vårdbemanning AB,5594683772,Kyrkogatan 10 b,549 76,Väring,Skövde,1,2025,0,2024,,,Ny kandidat
AVB Event AB,5591464515,Jonstorp Nordgården 5,447 95,Vårgårda,Vårgårda,1,2025,1,2018,,,Ny kandidat
Öresund gruppen personal AB,5567766141,Henry Dunkers Plats 3,252 67,Helsingborg,Helsingborg,1,2024,3,2009,,,Ny kandidat
V Vilhelm AB,5592446198,Karlstorpsvägen 37,272 94,Simrishamn,Simrishamn,1,2025,1,2020,,,Ny kandidat
Tegentia AB,5594670449,Blåbärsbacken 9,264 53,Ljungbyhed,Klippan,1,2025,1,2024,,,Ny kandidat
TopHuman AB,5592145063,Florettgatan 29 c Bv,254 67,Helsingborg,Helsingborg,1,2025,1,2019,,,Ny kandidat
Sociala resurskedjan i Kristianstad AB,5594130139,Kämpagränden 17 b,224 76,Lund,Lund,1,2025,1,2022,,,Ny kandidat
Skånska Servicegruppen AB,5567438261,Kaptensvägen 16,231 32,Trelleborg,Trelleborg,1,2025,1,2007,,,Ny kandidat
RT Service i Svedala AB,5590311709,Åkerslättsvägen 66,233 92,Svedala,Svedala,1,2025,2,2015,,,Ny kandidat
Optimity Solutions AB,5595204495,Dalslandsgatan 1 Lgh 1201,214 30,Malmö,Malmö,1,2025,3,2025,,,Ny kandidat
Optikerresursen Helena Broman AB,5592579477,Bärnstensgatan 23,263 58,Strandbaden,Höganäs,1,2024,1,2020,,,Ny kandidat
MJC Invest AB,5594663238,Götgången 98,271 44,Ystad,Ystad,1,2024,1,2024,,,Ny kandidat
Larsson Trädgård & Odling AB,5593625469,Davidslidsvägen 23,246 52,Löddeköpinge,Kävlinge,1,2025,1,2022,,,Ny kandidat
Hemmestorps markarbete & bemanning AB,5593960882,Gökvägen 52,275 63,Blentarp,Sjöbo,1,2025,2,2022,,,Ny kandidat
FocusPoint AB,5592038151,Christinetorps Gård Mejeriet 1,241 61,Löberöd,Eslöv,1,2025,2,2019,,,Ny kandidat
Barsebäcks Godsförvaltning AB,5569681207,Barsebäcks Gods,246 57,Barsebäck,Kävlinge,1,2025,1,2014,,,Ny kandidat
ZorroCare AB,5594056607,Mariehov Kanalbyn 101,614 92,Söderköping,Söderköping,1,2025,1,2022,,,Ny kandidat
JM's Entreprenad & Transport AB,5568211782,Kvarnlyckevägen 3,617 71,Kimstad,Norrköping,1,2025,1-4,2010,,,Ny kandidat
GMG Administration Aktiebolag,5590002233,Regelgatan 2,589 41,Linköping,Linköping,1,2025,1-4,2015,,,Ny kandidat
Schysst Bemanning i Uppsala AB,5594485129,Fyrisborgsgatan 5,754 50,Uppsala,Uppsala,1,2024,1,2023,,,Ny kandidat
N&J Hönborgs konsult AB,5591989164,Sunnersbol 37,747 94,Alunda,Uppsala,1,2025,1,2019,,,Ny kandidat
Medica Nord consult AB,5595209429,Fyrisvallsgatan 10 a,752 20,Uppsala,Uppsala,1,2025,5,2025,,,Ny kandidat
Becura AB,5592193469,Swedenborgsgatan 61 b,753 34,Uppsala,Uppsala,1,2025,1,2019,,,Ny kandidat
E. Hallman Development AB,5594163940,Plantagegränd 13 Lgh 1102,554 52,Jönköping,Jönköping,1,2025,0,2023,,,Ny kandidat
Meiyo AB,5592422306,Hunnestad Öster 14,432 91,Varberg,Varberg,1,2025,1,2020,,,Ny kandidat
Expario Consulting AB,5594609116,Brodds Väg 9,312 61,Mellbystrand,Laholm,1,2025,3,2023,,,Ny kandidat
VendoCrew AB,5595110528,Norrgatan 30,703 56,Örebro,Örebro,1,2025,1,2024,,,Ny kandidat
Klemo Konsult och Bemanning i Örebro AB,5594995648,Oskarsvägen 2 a,702 14,Örebro,Örebro,1,2025,2,2024,,,Ny kandidat
JSJ Konsult AB,5591233191,Trumpetaregatan 11 c Lgh 1002,703 43,Örebro,Örebro,1,2025,1,2017,,,Ny kandidat
Apoproffs Sverige AB,5569093957,Östanbergsvägen 21,703 75,Örebro,Örebro,1,2025,1,2012,,,Ny kandidat
Kramsjö Consulting AB,5593620700,Lisselåsen 122,714 92,Kopparberg,Ljusnarsberg,1,2025,1,2022,,,Ny kandidat
DP Dataservice AB,5593876617,Smedjegatan 10,695 32,Laxå,Laxå,1,2024,1-4,2022,,,Ny kandidat
Our Way Holding AB,5591535652,Kranvägen 5,776 33,Hedemora,Hedemora,1,2025,1,2018,,,Ny kandidat
Logistiktjänst Dalarna AB,5591471171,Målaregatan 18,784 33,Borlänge,Borlänge,1,2025,2,2018,,,Ny kandidat
Stocka Media AB,5594587908,Vallvägen 1,824 96,Stocka,Nordanstig,1,2024,1,2023,,,Ny kandidat
Schassen Entreprenad AB,5567366728,Box 6053,800 06,Gävle,Gävle,1,2025,1,2007,,,Ny kandidat
S.NO AB,5593497349,Södra By Gottholmen 3,673 97,Åmotfors,Eda,1,2025,1,2021,,,Ny kandidat
MS Ovvio AB,5593723744,Turessons Väg 5,663 33,Skoghall,Hammarö,1,2025,1,2022,,,Ny kandidat
Leif Ring AB,5593716375,Hannäs 3,665 91,Kil,Kil,1,2024,1,2022,,,Ny kandidat
INSITO Payroll AB,5594803412,Bagskytten Klarälvsvägen 6,683 61,Ekshärad,Hagfors,1,2024,3,2024,,,Ny kandidat
Thim och Linda Transport AB,5593910747,Valsarvägen 2,735 60,Ramnäs,Surahammar,1,2023,2,2022,,,Ny kandidat
Västerås Konsulterna AB,5591928725,Kopparbergsvägen 45,722 19,Västerås,Västerås,1,2025,1,2019,,,Ny kandidat
Qlog och Bemanning AB,5592631963,Spikverksgatan 82,724 79,Västerås,Västerås,1,2025,2,2020,,,Ny kandidat
Mrobs AB,5593152407,Mickelsbo 107,733 91,Sala,Sala,1,2026,1,2021,,,Ny kandidat
AB OMEGA Bemanning & Rekrytering,5569250839,Bastborregatan 4,721 34,Västerås,Västerås,1,2024,2,2013,,,Ny kandidat
WMR i Pajala AB,5594352337,Hedvägen 4,984 32,Pajala,Pajala,1,2025,1,2023,,,Ny kandidat
Triton Logistics AB,5593196636,Prylvägen 5,961 39,Boden,Boden,1,2026,1-4,2021,,,Ny kandidat
Markitta Entreprenad AB,5590268248,Markitta 121,982 91,Gällivare,Gällivare,1,2025,1,2015,,,Ny kandidat
LAISKA AB,5593745465,Brändö Hamnväg 14,975 97,Luleå,Luleå,1,2025,1-4,2022,,,Ny kandidat
Kiruna Bygg & Betong AB,5594970963,Midnattssolsvägen 13 a,981 30,Kiruna,Kiruna,1,2025,1,2024,,,Ny kandidat
Kerrä AB,5592366461,Keräntöjärvi 70,984 96,Junosuando,Pajala,1,2025,1,2020,,,Ny kandidat
Kliwec AB,5594155177,Magnetitvägen 43,982 39,Gällivare,Gällivare,1,2024,2,2022,,,Ny kandidat
J.A.B.K AB,5594819905,Siknäs 634,952 44,Töre,Kalix,1,2025,1,2024,,,Ny kandidat
Frelea AB,5567789895,Södra Vretvägen 11 a,974 38,Luleå,Luleå,1,2022,0,2009,,,Ny kandidat
FH Mek och Entreprenad AB,5593913519,Torasjärvi 2,982 71,Hakkas,Gällivare,1,2025,1,2022,,,Ny kandidat
Aktab Sverige AB,5567226088,Mariebergsvägen 65,954 32,Gammelstad,Luleå,1,2025,1,2007,,,Ny kandidat
TSITConsulting AB,5591899413,Tallåsvägen 11,912 31,Vilhelmina,Vilhelmina,1,2025,1,2019,,,Ny kandidat
RUKA Holding AB,5591899496,Tallåsvägen 15,912 31,Vilhelmina,Vilhelmina,1,2025,1,2019,,,Ny kandidat
Pären Holding AB,5594568502,Avasjövägen 35,917 04,Borgafjäll,Dorotea,1,2025,2,2023,,,Ny kandidat
Libeho Consulting AB,5594322801,Markvägen 1,934 32,Kåge,Skellefteå,1,2025,1,2023,,,Ny kandidat
JSE Norr AB,5594420696,Bjurfors 10,937 96,Bygdsiljum,Skellefteå,1,2024,1,2023,,,Ny kandidat
JS i Vilhelmina AB,5591899462,Malgovik 62,912 91,Vilhelmina,Vilhelmina,1,2025,1,2019,,,Ny kandidat
Elmowi Group AB,5594304650,Skråmträsk 304,931 96,Skellefteå,Skellefteå,1,2025,1,2023,,,Ny kandidat
Brita Brännbeck AB,5593379299,Sörgården 1 b,905 86,Umeå,Umeå,1,2025,1,2021,,,Ny kandidat
Normans i Ådalen AB,5568294606,Husnäs 157,882 93,Helgum,Sollefteå,1,2025,1,2010,,,Ny kandidat
Hallstabacken AB,5569520140,Bangatan 16 Lgh 1203,881 32,Sollefteå,Sollefteå,1,2025,1,2013,,,Ny kandidat
Movere futurum AB,5568759962,Herrevadsströmmen 150,843 96,Gällö,Bräcke,1,2025,1-4,2011,,,Ny kandidat
Kasper Wikén AB,5594587254,Skålan 201,845 52,Åsarna,Berg,1,2025,1,2023,,,Ny kandidat
El Martin i Bräcke AB,5591208532,Jämtlandsgatan 21,843 32,Bräcke,Bräcke,1,2025,1,2017,,,Ny kandidat
D Andersson Entreprenad i Jämtland AB,5593349193,Infanterigatan 28 Administration Ab,831 32,Östersund,Östersund,1,2025,1,2021,,,Ny kandidat
job and skill sweden AB,5593167546,Norra Kungsgatan 4,642 37,Flen,Flen,0.9,2025,2,2021,,,Ny kandidat
we:source AB,5569112013,Pilvägen 3,182 39,Danderyd,Danderyd,0.9,2025,1,2012,,,Ny kandidat
White & White AB,5566616222,Glasvingevägen 11,311 79,Falkenberg,Falkenberg,0.9,2025,1,2004,,,Ny kandidat
WILDCARD UnTap AB,5594548264,Petrejusvägen 4,121 38,Johanneshov,Stockholm,0.9,2025,1,2023,,,Ny kandidat
Västerviks bemanning och rekrytering AB,5594490012,Mårdstigen 16,593 41,Västervik,Västervik,0.9,2025,1,2023,,,Ny kandidat
Svensk Vårdrekrytering AB,5590114137,Skidbacken 60 3tr,174 54,Sundbyberg,Sundbyberg,0.9,2025,0,2015,,,Ny kandidat
Sträva i Sverige AB,5569614547,Bjurbäcksvägen 1,565 33,Mullsjö,Mullsjö,0.9,2025,1,2014,,,Ny kandidat
Stockholm Workpower Hotell & Restaurang AB,5566426267,Lovisagatan 4 5tr,115 23,Stockholm,Stockholm,0.9,2025,1,2003,,,Ny kandidat
Shrlst Resources AB,5590775580,Valebergsvägen 103,427 37,Billdal,Göteborg,0.9,2025,0,2016,,,Ny kandidat
SPIRA Solutions Coaching & Utbildning AB,5594838350,Bergslagsgatan 94,713 93,Nora,Nora,0.9,2025,2,2024,,,Ny kandidat
RÂK AB,5593522880,Dammgatan 7,268 68,Röstånga,Svalöv,0.9,2025,1,2021,,,Ny kandidat
Recruit By Erik AB,5595248765,Ängsvägen 4 a,191 35,Sollentuna,Sollentuna,0.9,2025,1,2025,,,Ny kandidat
Ragnar Lundborg Consulting AB,5567614432,Törvedsgatan 18,416 80,Göteborg,Göteborg,0.9,2025,1,2008,,,Ny kandidat
RMP Musik AB,5590254636,Långholmsgatan 38,117 33,Stockholm,Stockholm,0.9,2025,0,2015,,,Ny kandidat
RASCAL AB,5593882060,Lövbacken 20,187 33,Täby,Täby,0.9,2025,1,2022,,,Ny kandidat
OnePartnerGroup Norrland AB,5565614566,Mogölsvägen 4,554 75,Jönköping,Jönköping,0.9,2025,0,1998,,,Ny kandidat
NavConEro AB,5595196121,Mariestadsvägen 89,549 54,Skövde,Skövde,0.9,2025,3,2025,,,Ny kandidat
Mensur Holding AB,5592732506,Smältverksgatan 78,724 74,Västerås,Västerås,0.9,2025,0,2020,,,Ny kandidat
Medlia AB,5566822804,Sandavägen 39,148 96,Sorunda,Nynäshamn,0.9,2025,1,2005,,,Ny kandidat
MME Executive Consulting AB,5590463716,Karlavägen 23,114 31,Stockholm,Stockholm,0.9,2025,1,2015,,,Ny kandidat
Lindahl HR Konsult AB,5567023964,Skidsvängen 106,352 49,Växjö,Växjö,0.9,2025,1,2006,,,Ny kandidat
Latitude 63 AB,5568902836,Östnår 535,845 94,Hackås,Berg,0.9,2025,1,2012,,,Ny kandidat
Kompetensleverans Sverige AB,5569012684,Trollesundsvägen 54 e Lgh 1403,124 31,Bandhagen,Stockholm,0.9,2024,0,2012,,,Ny kandidat
Keiller Consulting AB,5595174268,Seminariegatan 6,261 34,Landskrona,Landskrona,0.9,2025,1,2025,,,Ny kandidat
KLOPP Scouting AB,5595185132,Västra Järnvägsgatan 3,111 43,Stockholm,Stockholm,0.9,2025,1,2025,,,Ny kandidat
Joon AB,5591237184,Viksängsgatan 20,723 47,Västerås,Västerås,0.9,2025,1,2017,,,Ny kandidat
Johansson entreprenad industri fastighet AB,5595057521,Johan Gertssons Gata 11,415 12,Göteborg,Göteborg,0.9,2025,1,2024,,,Ny kandidat
JeCe Consulting AB,5566709209,Surbrunnsgatan 49,113 49,Stockholm,Stockholm,0.9,2025,1,2004,,,Ny kandidat
Hellsjön-Grängesberg TA Aktiebolag,5594189200,Labradorgatan 32,115 48,Stockholm,Stockholm,0.9,2025,1,2023,,,Ny kandidat
Gigs for her AB,5592075625,Berghällstigen 3,139 41,Värmdö,Värmdö,0.9,2025,1-4,2019,,,Ny kandidat
FENA AB,5567532485,Kungsvägen 1,856 40,Sundsvall,Sundsvall,0.9,2025,1,2008,,,Ny kandidat
Estetique Invest AB,5568504715,Mörby Centrum 9,182 31,Danderyd,Danderyd,0.9,2025,1,2011,,,Ny kandidat
Esco E. Seifter Company AB,5569428955,Svartviksslingan 110,167 39,Bromma,Stockholm,0.9,2025,1,2013,,,Ny kandidat
Dotoo AB,5569605321,Box 305,151 24,Södertälje,Södertälje,0.9,2025,1-4,2014,,,Ny kandidat
Dinkel & Friends AB,5590976311,Tumultgränd 236,162 47,Vällingby,Stockholm,0.9,2025,1,2017,,,Ny kandidat
Boudin Consulting AB,5593854242,Thulegatan 54,172 72,Sundbyberg,Sundbyberg,0.9,2024,1,2022,,,Ny kandidat
Balansek AB,5591110449,Sköndalsvägen 5,139 50,Värmdö,Värmdö,0.9,2025,1,2017,,,Ny kandidat
Arbetslab Stockholm AB,5594910969,Fittja Torg 21,145 51,Norsborg,Botkyrka,0.9,2025,1,2024,,,Ny kandidat
Anders Idépartner AB,5567522486,Skogsliden 28,451 77,Uddevalla,Uddevalla,0.9,2025,1,2008,,,Ny kandidat
Active Future Investment AB,5568109754,Hammarby Fabriksväg 23,120 30,Stockholm,Stockholm,0.9,2024,2,2010,,,Ny kandidat
AB Jobbservice & Co,5593697989,Kanalvägen 17,183 38,Täby,Täby,0.9,2025,1,2022,,,Ny kandidat
Wilhelmrecruitment AB,5593830374,Vintrosagatan 52,124 74,Bandhagen,Stockholm,0.9,2025,1,2022,,,Ny kandidat
Wiam Holding AB,5590452776,Kocksgatanm 38,100 61,Stockholm,Stockholm,0.9,2024,1,2015,,,Ny kandidat
Univerb Förlag Aktiebolag,5563145944,Mjölnarstigen 16,163 41,Spånga,Stockholm,0.9,2025,1,1987,,,Ny kandidat
Lanstaff Sverige AB,5565581880,Allmogevägen 28,163 45,Spånga,Stockholm,0.9,2025,1,1998,,,Ny kandidat
Janny Way AB,5592646508,Bruksvägen 69,165 65,Hässelby,Stockholm,0.9,2024,0,2020,,,Ny kandidat
Inti Raymi AB,5592080344,Årstaängsvägen 21 c 6 Trappor,117 60,Stockholm,Stockholm,0.9,2025,1-4,2019,,,Ny kandidat
Höjdén It AB,5593031064,Brunskogsbacken 64 Lgh 1201,123 71,Farsta,Stockholm,0.9,2025,1,2021,,,Ny kandidat
Belamor AB,5590663059,Tellusborgsvägen 100,126 28,Hägersten,Stockholm,0.9,2025,1,2016,,,Ny kandidat
AIMS Pharmakonsult AB,5593825622,Askersundsgatan 4 Lgh 2201,124 67,Bandhagen,Stockholm,0.9,2025,1,2022,,,Ny kandidat
Yuki Event & Bemanning AB,5590991435,Hammerstavägen 5,145 65,Norsborg,Botkyrka,0.9,2025,1,2017,,,Ny kandidat
WMM Transport AB,5594131285,Karlslundsgatan 18,151 35,Södertälje,Södertälje,0.9,2025,1-4,2022,,,Ny kandidat
StaffConstruct AB,5594335472,"c/o 08 BETONGHÅLTAGNING RIV &, Box 19190 Sanering Ab",152 28,Södertälje,Södertälje,0.9,2024,1,2023,,,Ny kandidat
SB Medicus AB,5592558968,Stökhagsvägen 36,145 50,Norsborg,Botkyrka,0.9,2025,1,2020,,,Ny kandidat
Proaktiv Bevakning & Bemanning i Sverige AB,5592667124,Åbylundsvägen 243,137 32,Västerhaninge,Haninge,0.9,2025,1,2020,,,Ny kandidat
Premium HRM AB,5593419244,Hägerneholmsvägen 2,187 60,Täby,Täby,0.9,2024,1,2021,,,Ny kandidat
Norrtälje chaufförstjänst AB,5594400938,Sjöbrisvägen 47,761 91,Norrtälje,Norrtälje,0.9,2024,1,2023,,,Ny kandidat
Nexuma AB,5592898323,Rocksta 26,186 91,Vallentuna,Vallentuna,0.9,2025,2,2020,,,Ny kandidat
LabRek AB,5593911117,Domarebacken 6,145 57,Norsborg,Botkyrka,0.9,2025,1,2022,,,Ny kandidat
JabCare AB,5593350407,Karolinavägen 11,763 42,Hallstavik,Norrtälje,0.9,2025,1,2021,,,Ny kandidat
H.Bergman AB,5594650656,Almarevägen 19,176 76,Järfälla,Järfälla,0.9,2025,1-4,2023,,,Ny kandidat
Emma Bygg AB,5591935761,Frejavägen 21,194 63,Upplands Väsby,Upplands Väsby,0.9,2025,2,2019,,,Ny kandidat
DiDoc Aktiebolag,5566141445,Slåttervägen 7 c,182 47,Enebyberg,Danderyd,0.9,2025,1,2001,,,Ny kandidat
Daydream AB,5561320101,Sleipnervägen 10,184 52,Österskär,Österåker,0.9,2025,0,1970,,,Ny kandidat
Öbotrafik AB,5591232599,Sunnersberg Solhäll 1,531 98,Lidköping,Lidköping,0.9,2025,1,2017,,,Ny kandidat
Vartofta Bil och Däckservice Aktiebolag,5566779681,Järnvägsgatan 16,521 75,Vartofta,Falköping,0.9,2024,1,2005,,,Ny kandidat
Sayyad Care AB,5592472624,Storgatan 27,467 40,Grästorp,Grästorp,0.9,2025,1,2020,,,Ny kandidat
SMBT AB,5593998429,Tokarpsgatan 38,504 58,Borås,Borås,0.9,2025,0,2022,,,Ny kandidat
SAB Städ AB,5594047036,Södra Bäckvägen 2,433 64,Sävedalen,Partille,0.9,2025,0,2022,,,Ny kandidat
R.G. Gustavsson Entreprenad AB,5568665581,Box 8738,402 75,Göteborg,Göteborg,0.9,2024,1,2011,,,Ny kandidat
Need i Gbg AB,5567375083,Storebyn 15,504 94,Borås,Borås,0.9,2025,1,2007,,,Ny kandidat
Leo Anderssons Transporter AB,5594370107,Kabelgatan 42,447 30,Vårgårda,Vårgårda,0.9,2025,1,2023,,,Ny kandidat
Kungstens Plåt Kök Bad AB,5568818503,Mandolingatan 122 Lgh 1102,421 54,Västra Frölunda,Göteborg,0.9,2024,0,2012,,,Ny kandidat
Kaaling Solutions AB,5594554122,Holm 109,444 32,Stenungsund,Stenungsund,0.9,2025,1,2023,,,Ny kandidat
Hero Staffing Solution AB,5595007419,Exportgatan 57 b,422 46,Hisings Backa,Göteborg,0.9,2025,1-4,2024,,,Ny kandidat
Franks Maskinentreprenad AB,5566241203,"c/o Advokaterna A4 KB, Box 284",541 26,Skövde,Skövde,0.9,2023,1,2002,,,Ny kandidat
Drazens Konsultverksamhet AB,5593422032,Risövägen 11,443 45,Sjövik,Lerum,0.9,2025,1,2021,,,Ny kandidat
Apikan AB,5594169079,Marklandsgatan 61 Lgh 1801,414 77,Göteborg,Göteborg,0.9,2023,2,2023,,,Ny kandidat
AGE Nordic AB,5594640046,Boråsvägen 53 g,447 34,Vårgårda,Vårgårda,0.9,2025,1,2023,,,Ny kandidat
em's entreprenad Höör AB,5593557654,Stenskogen 705,243 91,Höör,Höör,0.9,2025,1,2021,,,Ny kandidat
TC Montage AB,5595137323,Ignaberga 7153,281 92,Hässleholm,Hässleholm,0.9,2025,1,2025,,,Ny kandidat
Orion Invest AB,5593980047,Hävertgatan 29,254 42,Helsingborg,Helsingborg,0.9,2025,1,2022,,,Ny kandidat
MaiRa Consulting AB,5592808488,Christer Boijes Väg 6 b,254 54,Helsingborg,Helsingborg,0.9,2025,0,2020,,,Ny kandidat
GIRGO AB,5593817256,Kronetorpsgatan 44 d,212 26,Malmö,Malmö,0.9,2025,5,2022,,,Ny kandidat
Crazy Cruisers AB,5593006918,Nils Åkessongatan 7,233 33,Svedala,Svedala,0.9,2025,1,2021,,,Ny kandidat
Soulspirit AB,5569931677,Jursla Lindväg 18 b,616 34,Åby,Norrköping,0.9,2025,1,2014,,,Ny kandidat
DALSTUGAN BEMANNING & TRÄDGÅRD AB,5592988876,Dalstugevägen 9,573 74,Ydre,Ydre,0.9,2024,1,2021,,,Ny kandidat
Holmbergs Bilvård & Chaufförstjänst AB,5592670060,Hallongatan 26 Chaufförstjänst Ab,749 42,Enköping,Enköping,0.9,2025,1,2020,,,Ny kandidat
Rasmus Nilsson Motorsport AB,5594783150,Poppelgränd 4,553 23,Jönköping,Jönköping,0.9,2026,1,2024,,,Ny kandidat
Pyrit Förvaltning AB,5593943078,Ringvägen 29,564 33,Bankeryd,Jönköping,0.9,2025,1,2022,,,Ny kandidat
ALDA AB,5591957302,Bengtsbryna,562 91,Månsarp,Jönköping,0.9,2025,1-4,2019,,,Ny kandidat
Turkman & Co AB,5594834193,Torsplan 4 a,334 31,Anderstorp,Gislaved,0.9,2025,1-4,2024,,,Ny kandidat
N.Ps skydd och service AB,5594717844,Backen Björkhult 91,432 66,Veddige,Varberg,0.9,2026,2,2024,,,Ny kandidat
Lecaro AB,5569380115,Axbergs Kyrkby 305,705 91,Örebro,Örebro,0.9,2024,0,2013,,,Ny kandidat
Klingskitchen AB,5591315436,Jeremiasvägen 3,702 17,Örebro,Örebro,0.9,2025,1,2017,,,Ny kandidat
Örebro Bra Bemanning AB,5591762991,Fogdhyttan 122,713 92,Gyttorp,Nora,0.9,2025,0,2018,,,Ny kandidat
Åndbergs Svets & Industriservice Aktiebolag,5593668055,Bergshammar Hult 2,611 95,Nyköping,Nyköping,0.9,2025,1,2022,,,Ny kandidat
ZENIX Scandinavia AB,5591163125,Solbergavägen 45,611 37,Nyköping,Nyköping,0.9,2025,1,2017,,,Ny kandidat
MB Racing & Allservice AB,5569143349,Bjällersta 1,635 03,Eskilstuna,Eskilstuna,0.9,2025,1,2012,,,Ny kandidat
Logistik & Service i Strängnäs AB,5591625446,Gorsingedal 5,645 91,Strängnäs,Strängnäs,0.9,2025,0,2018,,,Ny kandidat
Åhl & Co AB,5593243560,Myrbacka 20,786 72,Dala-Järna,Vansbro,0.9,2025,1,2021,,,Ny kandidat
RK i Borlänge AB,5569953895,Storsten 152,784 78,Borlänge,Borlänge,0.9,2025,1,2014,,,Ny kandidat
LiTi Hantverk AB,5591197529,Täktholvägen 10,781 95,Borlänge,Gagnef,0.9,2025,2,2017,,,Ny kandidat
Gessåns Entreprenad AB,5591167761,Gessån 22,783 90,Säter,Säter,0.9,2025,1,2017,,,Ny kandidat
Ekotvätt i Ludvika AB,5567840920,Brittsandsvägen 6,771 94,Ludvika,Ludvika,0.9,2025,2,2009,,,Ny kandidat
DalaDrängen AB,5593716441,Gopshus Bygata 76,792 94,Mora,Mora,0.9,2025,1,2022,,,Ny kandidat
Svenska HumaFlex AB,5566745039,Älgstigen 13 g,811 41,Sandviken,Sandviken,0.9,2025,1,2005,,,Ny kandidat
SSK Lena AB,5593920233,Bryggargränd 12,824 42,Hudiksvall,Hudiksvall,0.9,2025,1,2022,,,Ny kandidat
Per Ekström Bemanning AB,5591223333,Växbo 2465,821 95,Bollnäs,Bollnäs,0.9,2025,1-4,2017,,,Ny kandidat
Maverick i Hudiksvall AB,5594532326,Blockvägen 27 Lgh 1320,824 34,Hudiksvall,Hudiksvall,0.9,2024,1,2023,,,Ny kandidat
Joffa Bygg AB,5593688830,Holms Backe 8,805 98,Gävle,Gävle,0.9,2025,1,2022,,,Ny kandidat
Hälsokonsulten IL AB,5594735762,Allévägen 26,811 36,Sandviken,Sandviken,0.9,2026,1,2024,,,Ny kandidat
AG General Care AB,5569526873,Smultronvägen 53,821 35,Bollnäs,Bollnäs,0.9,2025,1,2013,,,Ny kandidat
Westtjänst Montage AB,5595081851,Kärrsmossen Bråtarna 2,671 91,Arvika,Arvika,0.9,2025,1,2024,,,Ny kandidat
TKs Trucks n Trees AB,5591353981,Västerlånggatan 27 d,681 30,Kristinehamn,Kristinehamn,0.9,2026,1,2017,,,Ny kandidat
Personalpartner Värmland AB,5591262661,Sveagatan 110 a,664 34,Grums,Grums,0.9,2025,1,2017,,,Ny kandidat
Krister Erikssons Allservice AB,5591603435,Åmbergsvägen 19,686 31,Sunne,Sunne,0.9,2025,1,2018,,,Ny kandidat
Hammarö Ved AB,5568719586,Ekebovägen 25,663 32,Skoghall,Hammarö,0.9,2025,0,2011,,,Ny kandidat
JD Bemanningstjänst AB,5593445736,Loviselund 2,725 92,Västerås,Västerås,0.9,2026,1,2021,,,Ny kandidat
HVO AB,5592647548,Ekbacksvägen 9,725 91,Västerås,Västerås,0.9,2025,1,2020,,,Ny kandidat
Torneus Alltjänst AB,5591175996,Saturnusvägen 15,981 44,Kiruna,Kiruna,0.9,2025,1,2017,,,Ny kandidat
Tennström Invest AB,5592577935,Bengt Lundgrensgatan 4 a,981 33,Kiruna,Kiruna,0.9,2025,1,2020,,,Ny kandidat
Per Hedestig Transport AB,5591018832,Brogatan 6,945 31,Norrfjärden,Piteå,0.9,2025,1,2017,,,Ny kandidat
MKL Ekonomi AB,5591784037,Renvägen 3,982 38,Gällivare,Gällivare,0.9,2025,1,2018,,,Ny kandidat
Luleälvdals Upplevelsecenter AB,5567486682,Västbo 8,961 90,Harads,Boden,0.9,2025,1,2008,,,Ny kandidat
L.Entreprenadtjänst AB,5594162918,Linaälvsvägen 12,983 41,Koskullskulle,Gällivare,0.9,2025,1,2023,,,Ny kandidat
Larssons Entreprenad i Gällivare AB,5595340513,Dvärgbjörksslingan 31,983 03,Koskullskulle,Gällivare,0.9,2026,1,2025,,,Ny kandidat
HLR & Sjukvård i Norrbotten AB,5594767211,Bofinkgränd 8,974 54,Luleå,Luleå,0.9,2025,1,2024,,,Ny kandidat
H Eriksson AB,5592929441,Linkovägen 10,933 90,Moskosel,Arvidsjaur,0.9,2025,1,2020,,,Ny kandidat
Elimar Care AB,5592541642,Sagoslingan 2,983 34,Malmberget,Gällivare,0.9,2025,1,2020,,,Ny kandidat
UMEÅ TECH AB,5593027062,Södra Norum 561,915 97,Bygdeå,Robertsfors,0.9,2025,1,2021,,,Ny kandidat
Rätt för allt AB,5595199117,Tråggränd 45,906 26,Umeå,Umeå,0.9,2025,10-19,2025,,,Ny kandidat
Ostvik Alltjänst AB,5569966293,Ostvik 113,934 91,Kåge,Skellefteå,0.9,2025,1,2014,,,Ny kandidat
Kafia Medical Consulting AB,5594665613,Stenmarksvägen 7 a,903 45,Umeå,Umeå,0.9,2025,1,2024,,,Ny kandidat
Älmhults Skogstransporter AB,5567385223,Dalgatan 51,343 32,Älmhult,Älmhult,0.9,2025,1,2007,,,Ny kandidat
Y.A.L.A Design Sweden AB,5566520929,Åmot 3076,285 93,Markaryd,Markaryd,0.9,2025,1,2003,,,Ny kandidat
S.Eriksson AB,5594316951,Västerrå 211,881 96,Resele,Sollefteå,0.9,2025,1,2023,,,Ny kandidat
HTM Mek och Transport AB,5569728099,Bogserarvägen 6,865 33,Alnö,Sundsvall,0.9,2025,1,2014,,,Ny kandidat
H.E Resurs AB,5593185670,Klangvägen 23,893 31,Bjästa,Örnsköldsvik,0.9,2025,1,2021,,,Ny kandidat
Diversos AB,5566663331,Slåttervägen 18,892 42,Domsjö,Örnsköldsvik,0.9,2025,1,2004,,,Ny kandidat
Roia Medicare AB,5594912999,Fogdevägen 5 a Lgh 1103,371 40,Karlskrona,Karlskrona,0.9,2025,0,2024,,,Ny kandidat
Klix AB,5594685488,Idrottsvägen 36,373 33,Nättraby,Karlskrona,0.9,2025,1,2024,,,Ny kandidat
Accordance AB,5591258396,Notholmsvägen 11,375 91,Mörrum,Karlshamn,0.9,2025,0,2017,,,Ny kandidat
Cavida AB,5590588298,Sandviksvägen 51,294 91,Sölvesborg,Sölvesborg,0.9,2025,1,2016,,,Ny kandidat
Hejdlös svets AB,5594650466,Industrigatan 2,846 31,Hede,Härjedalen,0.9,2025,1,2023,,,Ny kandidat
JH Rental AB,5592572803,Huså Bygatan 4,837 94,Järpen,Åre,0.9,2025,1,2020,,,Ny kandidat
Byggnadsantikvarie Anna Plahn AB,5563980779,Högklint Holger Rosmans Väg 19,622 61,Visby,Gotland,0.9,2025,1,1990,,,Ny kandidat
Wolander Kompaniet AB,5592998289,Bryggargatan 6 b,111 21,Stockholm,Stockholm,0.8,2025,2,2021,,,Ny kandidat
WORKIE AB,5594352238,Hyllie Boulevard 2 a,216 25,Malmö,Malmö,0.8,2025,1-4,2023,,,Ny kandidat
Universal Care Sweden AB,5591749980,Själagårdsgatan 6 a Nr 1173,111 31,Stockholm,Stockholm,0.8,2025,1,2018,,,Ny kandidat
Törnblom Talent Management AB,5569145542,Älgplatån 4,132 36,Saltsjö-Boo,Nacka,0.8,2025,1,2012,,,Ny kandidat
Talent(h)ify Group AB,5592391410,Kungsgatan 56,903 26,Umeå,Umeå,0.8,2025,2,2020,,,Ny kandidat
Talent Search and Selection Sweden AB,5592281298,Ellavägen 20,182 47,Enebyberg,Danderyd,0.8,2025,1,2019,,,Ny kandidat
TR Företagsutveckling AB,5568981434,Götgatan 114,118 62,Stockholm,Stockholm,0.8,2025,1,2012,,,Ny kandidat
Svanfors Resurs AB,5594172180,Finnboda Varvsväg 10 a 00152,131 72,Nacka,Nacka,0.8,2025,1,2023,,,Ny kandidat
Strömvirveln AB,5566883137,Juby Gård,585 62,Linghem,Linköping,0.8,2025,2,2005,,,Ny kandidat
StaffRec Systems AB,5567350813,Drottninggatan 86 a 1tr,111 36,Stockholm,Stockholm,0.8,2024,2,2007,,,Ny kandidat
Skånes Vakanser Solutions AB,5593859282,Ystadvägen 17,214 30,Malmö,Malmö,0.8,2025,1,2022,,,Ny kandidat
Skirhammar Rekrytering & Interim AB,5592533417,Strandängsgatan 18,553 09,Jönköping,Jönköping,0.8,2025,1,2020,,,Ny kandidat
Skarsgård Casting AB,5594145236,Box 13034,103 01,Stockholm,Stockholm,0.8,2025,1,2022,,,Ny kandidat
SevenEdge Financial Consulting AB,5568962384,Norrtorpsvägen 2,756 55,Uppsala,Uppsala,0.8,2024,1-4,2012,,,Ny kandidat
Selectus Bemanning AB,5595196436,Anderstorpsvägen 22,171 54,Solna,Solna,0.8,2025,5,2025,,,Ny kandidat
Scratch AB,5594577644,Fårstigen 5,566 36,Habo,Habo,0.8,2025,1,2023,,,Ny kandidat
Schnell Rekrytering AB,5595173518,Elbegatan 5,211 20,Malmö,Malmö,0.8,2025,2,2025,,,Ny kandidat
Salk Ego Invest AB,5569096869,Krogtäppan 100,137 68,Jordbro,Haninge,0.8,2025,0,2012,,,Ny kandidat
Roze Recruitment AB,5592699564,Milstensvägen 38,752 67,Uppsala,Uppsala,0.8,2025,1,2020,,,Ny kandidat
Ringbrant HeLar AB,5562871094,Långrevsvägen 10,266 55,Vejbystrand,Ängelholm,0.8,2025,1,1987,,,Ny kandidat
Reqrytera SH AB,5593470023,Odalvägen 15,174 49,Sundbyberg,Sundbyberg,0.8,2025,1,2021,,,Ny kandidat
Recruitas AB,5592976749,Sparbanksvägen 6,129 32,Hägersten,Stockholm,0.8,2025,1,2021,,,Ny kandidat
Quadriga Holding AB,5566369988,Syrenvägen 7,574 50,Ekenässjön,Vetlanda,0.8,2024,1,2002,,,Ny kandidat
Puchy Consulting AB,5595060749,Dalkarlsvägen 5,132 47,Saltsjö-Boo,Nacka,0.8,2025,1,2024,,,Ny kandidat
Placed AB,5591237895,Värtavägen 14,115 24,Stockholm,Stockholm,0.8,2025,1,2017,,,Ny kandidat
Pharmapool Bemanning AB,5594122540,Henriksberg 121,741 78,Uppsala,Uppsala,0.8,2025,1,2022,,,Ny kandidat
PRN Konsult AB,5592553357,Severin Nilsons Väg 6,432 47,Varberg,Varberg,0.8,2025,1,2020,,,Ny kandidat
Olky AB,5592867146,Värmlandsgatan 1 b,602 18,Norrköping,Norrköping,0.8,2025,0,2020,,,Ny kandidat
Nominera AB,5568337587,Slätthultsgatan 7,431 69,Mölndal,Mölndal,0.8,2025,1,2010,,,Ny kandidat
NAM Recruitment AB,5567568257,Kungsvägen 39,298 31,Tollarp,Kristianstad,0.8,2025,3,2008,,,Ny kandidat
Moses akuten bemanningsföretag AB,5593912081,Fatbursgatan 12,118 54,Stockholm,Stockholm,0.8,2025,1,2022,,,Ny kandidat
Missions AB,5594114307,Loviselundsvägen 7 a,165 59,Hässelby,Stockholm,0.8,2025,1,2022,,,Ny kandidat
Marlene Vikström AB,5591060503,Åkerbärsvägen 7,903 60,Umeå,Umeå,0.8,2025,1,2017,,,Ny kandidat
Management Search Sverige Aktiebolag,5565844775,Källtorpsvägen 20,183 71,Täby,Täby,0.8,2025,1,2000,,,Ny kandidat
Katti Jansson Shahin AB,5593095556,Heliosgatan 40,120 61,Stockholm,Stockholm,0.8,2025,1,2021,,,Ny kandidat
Jobiva AB,5593346579,Docentgatan 5 a,215 52,Malmö,Malmö,0.8,2025,2,2021,,,Ny kandidat
Jobb Kvalifex AB,5594495110,Skogstorpsvägen 40,632 29,Eskilstuna,Eskilstuna,0.8,2025,12,2023,,,Ny kandidat
JobSeekr AB,5594557778,Fågelvägen 17,302 37,Halmstad,Halmstad,0.8,2025,2,2023,,,Ny kandidat
JAMI LOTS Å MUSIK AB,5592576663,Vargvägen 22,137 32,Västerhaninge,Haninge,0.8,2025,0,2020,,,Ny kandidat
Isaksson Consulting AB,5569581738,Vinghästvägen 10,167 71,Bromma,Stockholm,0.8,2024,1,2014,,,Ny kandidat
Hultmans Rekrytering AB,5592940323,Åsen Nedergården 7,524 91,Herrljunga,Herrljunga,0.8,2025,0,2020,,,Ny kandidat
Headmagnet AB,5594931478,Sveavägen 75,113 50,Stockholm,Stockholm,0.8,2025,1,2024,,,Ny kandidat
Graftus International AB,5593070542,Jakob Westinsgatan 8,112 20,Stockholm,Stockholm,0.8,2025,1,2021,,,Ny kandidat
Falk Search AB,5568324585,Landholmsvägen 40,178 91,Munsö,Ekerö,0.8,2025,1,2010,,,Ny kandidat
Eyra Bemanning och Rekrytering AB,5592186281,Köpmangatan 23-25,702 23,Örebro,Örebro,0.8,2025,1,2019,,,Ny kandidat
Elva Rekrytering AB,5594888272,Saltvägen 37,123 55,Farsta,Stockholm,0.8,2025,1,2024,,,Ny kandidat
Curval AB,5591702963,Brunbärsvägen 4,114 21,Stockholm,Stockholm,0.8,2025,1,2018,,,Ny kandidat
Beautytalents Sverige AB,5594834326,Sankt Eriksgatan 83,113 32,Stockholm,Stockholm,0.8,2025,1,2024,,,Ny kandidat
Autorefresh Malmö AB,5591957005,Spelmansgatan 73,215 79,Malmö,Malmö,0.8,2025,0,2019,,,Ny kandidat
Avesta logistik AB,5593817348,Krontallsvägen 6,774 62,Avesta,Avesta,0.8,2025,1,2022,,,Ny kandidat
A-Karriär & Utveckling AB,5567700132,Kungsvägen 59,595 41,Mjölby,Mjölby,0.8,2025,1,2008,,,Ny kandidat
Tommy J. Bolag AB,5567237044,Johannesfredsvägen 52 b,168 68,Bromma,Stockholm,0.8,2025,1,2007,,,Ny kandidat
Medenaria AB,5592027949,Norra Stationsgatan 64 b Lgh 2203,113 67,Stockholm,Stockholm,0.8,2025,1,2019,,,Ny kandidat
Miacoachcare AB,5567204101,Fatburs Brunnsgata 26,118 28,Stockholm,Stockholm,0.8,2025,1,2007,,,Ny kandidat
Landeskog Bemanning AB,5590399878,Fågelstavägen 54,124 33,Bandhagen,Stockholm,0.8,2025,1,2015,,,Ny kandidat
Kundia HR AB,5590830617,Vasagatan 15-17 5 Tr,111 20,Stockholm,Stockholm,0.8,2025,0,2016,,,Ny kandidat
Knightly & Amso AB,5567808943,Hammarby Allé 103,120 64,Stockholm,Stockholm,0.8,2025,1,2009,,,Ny kandidat
Heart of Gold Investment Company AB,5567842066,Kivra: 556784-2066,106 31,Stockholm,Stockholm,0.8,2025,1,2009,,,Ny kandidat
GeoMedic Consulting AB,5594209743,Höglindavägen 18,163 42,Spånga,Stockholm,0.8,2025,1,2023,,,Ny kandidat
Byggmicke AB,5595190488,Sköntorpsvägen 7,120 38,Årsta,Stockholm,0.8,2025,1,2025,,,Ny kandidat
Bemanningsbyrån i Mälardalen Aktiebolag,5593990178,Vårbergsvägen 177,127 41,Skärholmen,Stockholm,0.8,2025,1,2022,,,Ny kandidat
Westness Åkeri AB,5590873849,"c/o Ibrahim, Moränvägen 82",137 64,Jordbro,Haninge,0.8,2025,1,2016,,,Ny kandidat
Upplandspoolen Personal AB,5565678223,Grindvägen 3 c,761 62,Norrtälje,Norrtälje,0.8,2025,1,1999,,,Ny kandidat
Tegmark Fysio AB,5590667068,Töjnavägen 33 a,191 34,Sollentuna,Sollentuna,0.8,2025,1,2016,,,Ny kandidat
Roos-lagen Support AB,5590815238,Skepparvägen 9,184 92,Åkersberga,Österåker,0.8,2025,1,2016,,,Ny kandidat
Prihumana AB,5569253320,Nibblevägen 31,177 36,Järfälla,Järfälla,0.8,2025,1,2013,,,Ny kandidat
PA Norrman AB,5565811071,Svartgarnsvägen 18,184 94,Åkersberga,Österåker,0.8,2025,1,2000,,,Ny kandidat
Markus Consulting AB,5591947212,Nyängsvägen 71,146 30,Tullinge,Botkyrka,0.8,2025,1,2019,,,Ny kandidat
John Söderström Vård AB,5591751937,Hantverksvägen 70,184 32,Åkersberga,Österåker,0.8,2025,1,2018,,,Ny kandidat
HR Länken AB,5568971724,Mörbyvägen 3,182 73,Stocksund,Danderyd,0.8,2025,2,2012,,,Ny kandidat
GE Konsultation och Produktion AB,5592285638,Spelvägen 24,142 62,Trångsund,Huddinge,0.8,2025,2,2019,,,Ny kandidat
Freeh! Coaching & Event AB,5594781451,Nyhagsvägen 15,184 91,Åkersberga,Österåker,0.8,2025,0,2024,,,Ny kandidat
FB & B Kommunikation Aktiebolag,5565144259,Sördalsvägen 24,141 60,Huddinge,Huddinge,0.8,2025,1,1995,,,Ny kandidat
ESA Entreprenad & Förvaltning AB,5593864472,Vega Allé 150,136 57,Vega,Haninge,0.8,2026,1,2022,,,Ny kandidat
CLSANDSTRÖM AB,5592888571,Tallstigen 10,186 70,Brottby,Vallentuna,0.8,2025,1,2020,,,Ny kandidat
CG Socionom AB,5593655540,Mustanggatan 13,177 45,Järfälla,Järfälla,0.8,2025,1,2022,,,Ny kandidat
Bro Taxi AB,5594089111,Finnstastigen 70 Lgh 1201,197 35,Bro,Upplands-Bro,0.8,2025,1-4,2022,,,Ny kandidat
Blue Care AB,5593987885,Wiboms Väg 2,171 60,Solna,Solna,0.8,2025,1,2022,,,Ny kandidat
Asagrymer AB,5594243205,Branta Backen 11,147 51,Tumba,Botkyrka,0.8,2025,1,2023,,,Ny kandidat
Amwiss Sales AB,5590297072,Maria Höglunds Väg 41,139 50,Värmdö,Värmdö,0.8,2025,1,2015,,,Ny kandidat
Alpha Cardiac Ultrasound AB,5594858804,Trevebovägen 84,184 32,Åkersberga,Österåker,0.8,2025,1,2024,,,Ny kandidat
Stefan's Lund AB,5567436844,"Råbäck, Sofielund",533 94,Hällekis,Götene,0.8,2025,1,2007,,,Ny kandidat
Romida Bygg AB,5595069500,Industrivägen 25,433 61,Sävedalen,Partille,0.8,2025,4,2024,,,Ny kandidat
Rapp Konsult AB,5567834600,Lövaskog Lövkulla 1,516 92,Äspered,Borås,0.8,2025,1,2009,,,Ny kandidat
R Svets Mekaniska AB,5594061052,Storgatan 29,531 75,Järpås,Lidköping,0.8,2025,1,2022,,,Ny kandidat
Primora All service AB,5594175282,Grangärdesvägen 7 a,445 56,Surte,Ale,0.8,2023,1,2023,,,Ny kandidat
Patientagent i Sverige AB,5590247713,Skolgatan 36 a Lgh 1202,503 43,Borås,Borås,0.8,2025,1,2015,,,Ny kandidat
Nicess AB,5594722810,Immestad 600,454 91,Brastad,Lysekil,0.8,2025,1,2024,,,Ny kandidat
Merikas AB,5569436628,Dragered Solvillan,511 98,Hyssna,Mark,0.8,2025,1,2013,,,Ny kandidat
Koster Adventures AB,5591065510,Kyrkosundsvägen 31,452 05,Sydkoster,Strömstad,0.8,2025,1,2017,,,Ny kandidat
Klas Berg Holding AB,5568432396,Lilla Strandvägen 4,444 31,Stenungsund,Stenungsund,0.8,2025,0,2011,,,Ny kandidat
Göta Bemanning AB,5594308107,Videgårdsvägen 49 a,445 57,Surte,Ale,0.8,2025,1,2023,,,Ny kandidat
Good Gusto AB,5594200676,Herkulesgatan 38 b,417 01,Göteborg,Göteborg,0.8,2025,0,2023,,,Ny kandidat
BELP AB,5591888259,Stakebergsvägen 5,443 61,Stenkullen,Lerum,0.8,2025,1,2018,,,Ny kandidat
Autoservice i Skövde AB,5568556426,Hallebacka 5,549 99,Skövde,Skövde,0.8,2025,1,2011,,,Ny kandidat
Viktor Gunnarsson Släp Holding AB,5591360291,Tjugovägen 196,271 77,Löderup,Ystad,0.8,2025,1,2017,,,Ny kandidat
Stålros logistik och konsult AB,5594124801,Backslingan 3,283 36,Osby,Osby,0.8,2025,1,2022,,,Ny kandidat
Skånsk specialistvård inom psykiatri AB,5592591969,Fajansvägen 114,238 40,Oxie,Malmö,0.8,2025,1,2020,,,Ny kandidat
Sandis af Sweden AB,5567673636,Friggas Väg 14,269 37,Båstad,Båstad,0.8,2025,1,2008,,,Ny kandidat
Q55 Sverige AB,5590621768,Dunstorp 1071,233 76,Klågerup,Lund,0.8,2025,0,2016,,,Ny kandidat
OA Österlen FoB AB,5594102054,Bondrum 1338,273 92,Skåne-Tranås,Tomelilla,0.8,2025,0,2022,,,Ny kandidat
Maderik Institute of Management AB,5568707219,"c/o Fredrik Slätterhed, Krankajen 26",211 12,Malmö,Malmö,0.8,2025,2,2011,,,Ny kandidat
Lundqvist Solutions AB,5591908636,Blåmesvägen 4,266 53,Vejbystrand,Ängelholm,0.8,2025,1,2019,,,Ny kandidat
HYRESAKUTEN I MALMÖ AB,5591017719,Jörgen Ankersgatan 18,211 45,Malmö,Malmö,0.8,2025,0,2017,,,Ny kandidat
Coffieking AB,5591147508,Majorsgatan 41,296 32,Åhus,Kristianstad,0.8,2025,1,2017,,,Ny kandidat
Carlssons Bygg i Degeberga AB,5565758322,Hjortholmenvägen 70,297 95,Degeberga,Kristianstad,0.8,2024,1,1999,,,Ny kandidat
Al Azzawi vård AB,5591743074,Geijersgatan 2 e,216 18,Limhamn,Malmö,0.8,2025,1,2018,,,Ny kandidat
Viringe Åkeri & Logistik Aktiebolag,5569017147,Brahegatan 15,595 35,Mjölby,Mjölby,0.8,2025,1,2012,,,Ny kandidat
Tigria AB,5594472028,Grenadjärvägen 33,602 10,Norrköping,Norrköping,0.8,2025,5,2023,,,Ny kandidat
Ronnie Eriksson AB,5593510414,Almgatan 10,603 37,Norrköping,Norrköping,0.8,2025,0,2021,,,Ny kandidat
Nous psykiatri AB,5591683569,Ringgatan 3,582 52,Linköping,Linköping,0.8,2025,1,2018,,,Ny kandidat
Mekanikertjänst i Norrköping AB,5594032061,"c/o MARCUS SANDBERG, Lindövägen 20 Lgh 1004",602 43,Norrköping,Norrköping,0.8,2024,1,2022,,,Ny kandidat
KEGIT Kontor och Hem AB,5568235781,Karlsby 205,591 96,Motala,Motala,0.8,2025,1,2010,,,Ny kandidat
Hyr & Bygg i Linköping AB,5564739117,Rådjursvägen 25,587 31,Linköping,Linköping,0.8,2025,1,1993,,,Ny kandidat
Geze Group AB,5594265018,Solbackavägen 23,616 34,Åby,Norrköping,0.8,2025,2,2023,,,Ny kandidat
Aesthetics by Jessica & Consulting AB,5593666240,Spjutgatan 12,603 73,Norrköping,Norrköping,0.8,2025,1-4,2022,,,Ny kandidat
Rosco AB,5568409964,Verkmästargatan 6 a,754 36,Uppsala,Uppsala,0.8,2025,1,2011,,,Ny kandidat
J.H.M.N Consulting AB,5594764002,Sandmarksgatan 41,752 55,Uppsala,Uppsala,0.8,2025,1,2024,,,Ny kandidat
J HAGSTEN AB,5593636326,Källarbäcksvägen 31,757 52,Uppsala,Uppsala,0.8,2024,1,2022,,,Ny kandidat
Emils Skog & Service AB,5593095903,Bogärde 235,740 47,Harbo,Heby,0.8,2025,1,2021,,,Ny kandidat
Yod & Mikael AB,5591280101,Storgatan 17,561 42,Huskvarna,Jönköping,0.8,2025,1,2017,,,Ny kandidat
U & D Pantzar AB,5568892201,Örensvägen 19,563 91,Gränna,Jönköping,0.8,2025,1-4,2012,,,Ny kandidat
Skeppshults Mekaniska AB,5569275273,Nyponvägen 13,333 33,Smålandsstenar,Gislaved,0.8,2025,1,2013,,,Ny kandidat
Forthmeiier Consultant AB,5590227335,Byarum Prästgården,567 92,Vaggeryd,Vaggeryd,0.8,2025,0,2015,,,Ny kandidat
Al-Dulaimi all service AB,5591733208,Hallonstigen 5,566 93,Brandstorp,Habo,0.8,2024,0,2018,,,Ny kandidat
Nacki Transport AB,5593686578,Trålvägen 17,432 74,Träslövsläge,Varberg,0.8,2024,2,2022,,,Ny kandidat
Industriteknik i Sverige AB,5592087893,Söderläget 12 b,312 35,Laholm,Laholm,0.8,2025,1-4,2019,,,Ny kandidat
Björkebo alltjänst AB,5593235293,Grindtorp 430,713 91,Nora,Örebro,0.8,2025,3,2021,,,Ny kandidat
Älvkrokens Bygg & Kakel AB,5593878845,"c/o Advokatbolaget sjutton34 KB, Bankliden 5 a",691 32,Karlskoga,Karlskoga,0.8,2023,1,2022,,,Ny kandidat
Xenia Service och Montage AB,5594999699,Åsvägen 9,713 72,Gyttorp,Nora,0.8,2025,0,2024,,,Ny kandidat
Vård med Omsorg Askersund AB,5594446782,Karlsrovägen 4,696 31,Askersund,Askersund,0.8,2024,1,2023,,,Ny kandidat
Qvision Pharma aktiebolag,5595205302,Rosenbergsgatan 27,633 52,Eskilstuna,Eskilstuna,0.8,2025,1-4,2025,,,Ny kandidat
Mita&Stefan's Entreprenad Aktiebolag,5593805376,Kilstavägen 12,641 94,Katrineholm,Vingåker,0.8,2025,1,2022,,,Ny kandidat
Björklunda Alltjänst AB,5568483209,Skölby Gård,635 35,Stora Sundby,Eskilstuna,0.8,2025,0,2011,,,Ny kandidat
Sörskog Bygg & Petroleum AB,5568582885,Sörskog 94,790 21,Bjursås,Falun,0.8,2025,1-4,2011,,,Ny kandidat
Nels & Axel AB,5592447949,Ryssa Bygata 122,792 92,Mora,Mora,0.8,2025,1,2020,,,Ny kandidat
YgareGöransson AB,5568911936,Hammarnvägen 14,827 62,Färila,Ljusdal,0.8,2025,2,2012,,,Ny kandidat
R Östlings Transport AB,5591572101,Virkesvägen 6,817 40,Bergby,Gävle,0.8,2025,0,2018,,,Ny kandidat
RYYD SOLUTIONS GROUP AB,5595198085,Tuvstarrvägen 64,806 36,Gävle,Gävle,0.8,2025,0,2025,,,Ny kandidat
PEBE TRANSPORTTJÄNSTER AB,5594513474,Sveavägen 20 a,811 40,Sandviken,Sandviken,0.8,2025,1,2023,,,Ny kandidat
Helsinge Hyrcenter AB,5593904443,Smultronvägen 2,821 35,Bollnäs,Bollnäs,0.8,2025,1,2022,,,Ny kandidat
Åhlins Brunnservice AB,5591353866,Ostingevägen 20,665 35,Kil,Kil,0.8,2024,1,2017,,,Ny kandidat
Tingvalla Hantverks AB,5569980179,Karlstad,654 55,Karlstad,Karlstad,0.8,2025,1-4,2014,,,Ny kandidat
Rosén Design AB,5594472515,Granstigen 2,655 60,Molkom,Karlstad,0.8,2025,1,2023,,,Ny kandidat
Gemera Ekonomi AB,5566870795,Mossvägen 4,663 44,Hammarö,Hammarö,0.8,2025,1-4,2005,,,Ny kandidat
Deje Sorterings AB,5590545447,Bromsgatan 5,653 41,Karlstad,Karlstad,0.8,2024,1,2016,,,Ny kandidat
Albin Lennartsson AB,5595075341,Aplungstorp 3,686 95,Västra Ämtervik,Sunne,0.8,2025,1,2024,,,Ny kandidat
Trust Works AB,5594137217,Örjansgränd 7,721 32,Västerås,Västerås,0.8,2025,6,2022,,,Ny kandidat
KSB Konstruktionsbolaget AB,5590896865,Skälbygatan 141,724 76,Västerås,Västerås,0.8,2025,1-4,2016,,,Ny kandidat
FleetForce Bemaning AB,5594342395,Hallsta Gårdsgata 18,721 38,Västerås,Västerås,0.8,2025,1-4,2023,,,Ny kandidat
Sven Flinkfelt AB,5592684582,Barrgatan 13,938 32,Arjeplog,Arjeplog,0.8,2025,1,2020,,,Ny kandidat
SanRiv AB,5591373864,Safirvägen 13,983 41,Koskullskulle,Gällivare,0.8,2025,1,2017,,,Ny kandidat
Rebackuddens Fjällfisk AB,5594322413,Rebackudden 6,938 96,Arjeplog,Arjeplog,0.8,2026,1-4,2023,,,Ny kandidat
Norra allservice AB,5569000267,"c/o Advokatbyrån Vera Gärdemalm AB, Stadshustorget 7",981 30,Kiruna,Kiruna,0.8,2022,1,2012,,,Ny kandidat
Mila Care Sweden AB,5592172984,Residensgatan 32 c,972 39,Luleå,Luleå,0.8,2024,1,2019,,,Ny kandidat
MK System AB,5569675134,Sågaregatan 43,953 33,Haparanda,Haparanda,0.8,2025,1,2014,,,Ny kandidat
Kalix Apartments AB,5591085344,Sigurdsuddevägen 9,952 95,Båtskärsnäs,Kalix,0.8,2025,0,2017,,,Ny kandidat
C.S i Älvsbyn AB,5568957137,Sågfors 3,942 92,Älvsbyn,Älvsbyn,0.8,2025,1,2012,,,Ny kandidat
AW Skogs och Entreprenad AB,5595046490,Storsöder 33,946 91,Roknäs,Piteå,0.8,2025,1,2024,,,Ny kandidat
Umeå Pro service AB,5595303552,Tegelslagarvägen 31,906 22,Umeå,Umeå,0.8,2025,1,2025,,,Ny kandidat
Sven P Mek AB,5569506453,Gafsele 125,919 91,Åsele,Åsele,0.8,2024,1,2013,,,Ny kandidat
SH:s Allservice AB,5594619784,Brogatan 29,903 23,Umeå,Umeå,0.8,2025,1,2023,,,Ny kandidat
FGK i Norr AB,5566975206,Östra Brinkvägen 39,903 21,Umeå,Umeå,0.8,2025,1,2006,,,Ny kandidat
Senior Bemanning i Sydost AB,5594338088,Jeanssongatan 11,392 51,Kalmar,Kalmar,0.8,2025,1,2023,,,Ny kandidat
Ölands Delta AB,5567031744,Sörby Tall Pl 4671,387 94,Borgholm,Borgholm,0.8,2025,1,2006,,,Ny kandidat
Gardell konsult AB,5594638883,Grenvägen 22,393 53,Kalmar,Kalmar,0.8,2025,1,2023,,,Ny kandidat
Nightmare On Tour AB,5568244015,Ekeby 201,579 92,Högsby,Högsby,0.8,2025,1-4,2010,,,Ny kandidat
BOD SJÖ Bemanning AB,5593000564,Södra Järnvägsgatan 4 c,352 29,Växjö,Växjö,0.8,2025,1,2021,,,Ny kandidat
alexanderssonj AB,5591352264,Södervägen 59,891 42,Örnsköldsvik,Örnsköldsvik,0.8,2025,1,2017,,,Ny kandidat
Visåsen skog och maskiner AB,5594461856,Visåsen 124,871 94,Viksjö,Härnösand,0.8,2025,1,2023,,,Ny kandidat
Smlohtip AB,5593958514,"c/o Contrado Avslut AB, Box 306",851 05,Sundsvall,Sundsvall,0.8,2025,0,2022,,,Ny kandidat
Marcus Lindblom Instrumentteknik AB,5595204412,Fockvägen 24,865 31,Alnö,Sundsvall,0.8,2025,1,2025,,,Ny kandidat
Olssons Entreprenad i Blekinge AB,5568369358,Flyerydsvägen 31,373 78,Fågelmara,Karlskrona,0.8,2024,1,2011,,,Ny kandidat
Nystrom Aviation AB,5591311096,Regeringsgatan 128,374 38,Karlshamn,Karlshamn,0.8,2025,1,2017,,,Ny kandidat
T&S Rådgivning AB,5590518626,Fridhemsvägen 8,372 38,Ronneby,Ronneby,0.8,2025,1,2016,,,Ny kandidat
Irma Global Assistans AB,5593288136,Skeppsbrogatan 1 a,294 31,Sölvesborg,Sölvesborg,0.8,2025,1,2021,,,Ny kandidat
Svahn & Stålbrings Event AB,5591082135,Risslersgatan 19 a,832 48,Frösön,Östersund,0.8,2025,1,2017,,,Ny kandidat
Nall AB,5568550551,Fäste 690,845 94,Hackås,Berg,0.8,2025,1,2011,,,Ny kandidat
Jox konsult AB,5593500027,Husbergsvägen 6,846 31,Hede,Härjedalen,0.8,2025,2,2021,,,Ny kandidat
Gremmla AB,5593190381,Gremmelgård 105,836 93,Häggenås,Östersund,0.8,2024,1,2021,,,Ny kandidat
Glad Kompetens AB,5568758238,Boda 203,836 92,Lit,Östersund,0.8,2025,1,2011,,,Ny kandidat
Alex Woxlin AB,5592103195,Korskällgatan 15,842 31,Sveg,Härjedalen,0.8,2025,1,2019,,,Ny kandidat
le Casting AB,5568889892,Box 103,701 42,Örebro,Örebro,0.7,2025,1,2012,,,Ny kandidat
i-fix Home AB,5590178686,Ekensbergskajen 5,117 71,Stockholm,Stockholm,0.7,2025,2,2015,,,Ny kandidat
WrkNw AB,5594977620,Drakegatan 10,412 50,Göteborg,Göteborg,0.7,2025,0,2024,,,Ny kandidat
We Hunt For Heads AB,5590466073,Mellanvägen 54,605 80,Svärtinge,Norrköping,0.7,2025,1,2016,,,Ny kandidat
Venoxa AB,5593038028,Västmannagatan 91,113 26,Stockholm,Stockholm,0.7,2025,1,2021,,,Ny kandidat
True Linn AB,5593539033,Vikavägen 103,791 95,Falun,Falun,0.7,2025,1,2021,,,Ny kandidat
TRUEHelena AB,5593524597,Kårarvsvägen 15 a,791 94,Falun,Falun,0.7,2025,1,2021,,,Ny kandidat
Svea vårdbemanning AB,5593041782,Safirgatan 17 h,177 44,Järfälla,Järfälla,0.7,2024,0,2021,,,Ny kandidat
Ståhlberg Affärspartner AB,5595095513,Sormenvägen 67,186 30,Vallentuna,Vallentuna,0.7,2025,1,2024,,,Ny kandidat
Staff Assessment Sweden AB,5593640203,Ingemarsgatan 6,113 54,Stockholm,Stockholm,0.7,2025,1,2022,,,Ny kandidat
Speed Jobb AB,5591270292,Västmannavägen 4 b,737 40,Fagersta,Fagersta,0.7,2025,1,2017,,,Ny kandidat
Sigma Resurs AB,5594371212,Electrum 218,164 40,Kista,Stockholm,0.7,2025,0,2023,,,Ny kandidat
SensArt Aktiebolag,5594387168,Igelkottstigen 11,436 50,Hovås,Göteborg,0.7,2025,1-4,2023,,,Ny kandidat
Senior Poolen i Sala AB,5594862517,Murargränd 16,733 36,Sala,Sala,0.7,2025,1,2024,,,Ny kandidat
Seaside Service AB,5569389322,Torsbygatan 22,123 41,Farsta,Stockholm,0.7,2025,0,2013,,,Ny kandidat
Safire Sverige AB,5563069185,Torpvägen 10,981 43,Kiruna,Kiruna,0.7,2025,0,1987,,,Ny kandidat
SCD Konsult AB,5594147075,Västerbyvägen 2,617 92,Norsholm,Norrköping,0.7,2025,0,2022,,,Ny kandidat
RekryteringsMäklaren i Norden AB,5567342208,Svärdvägen 21,182 33,Danderyd,Danderyd,0.7,2025,1,2007,,,Ny kandidat
RMT Bemanning AB,5590673769,Myntvägen 14,147 45,Tumba,Botkyrka,0.7,2025,1,2016,,,Ny kandidat
People360 JK AB,5591031629,Sveavägen 34,111 34,Stockholm,Stockholm,0.7,2025,1,2017,,,Ny kandidat
PASSO AB,5567161897,Klasamåla Västergård 3,362 95,Urshult,Tingsryd,0.7,2025,1,2006,,,Ny kandidat
One of a kind Relations AB,5591655385,Haga Kyrkogata 14 b,411 23,Göteborg,Göteborg,0.7,2025,1,2018,,,Ny kandidat
Nurrse Bemanning AB,5592415656,Bälinge-Svista 37,755 93,Uppsala,Uppsala,0.7,2025,1,2020,,,Ny kandidat
Norrlandsläkarna AB,5569423642,Brogränd 26 a Lgh 1301,831 41,Östersund,Östersund,0.7,2024,1,2013,,,Ny kandidat
Nordic Chef AB,5591779912,Flodins Väg 10,645 50,Strängnäs,Strängnäs,0.7,2025,1,2018,,,Ny kandidat
Nesrins Vård och Coaching AB,5592787716,Fittjavägen 23,145 53,Norsborg,Botkyrka,0.7,2025,0,2020,,,Ny kandidat
MRB Matching AB,5566317755,Sten Stures Väg 85,131 47,Nacka,Nacka,0.7,2024,0,2002,,,Ny kandidat
MIDA Bemanning AB,5594799271,Surbrunnsvägen 6 a,734 32,Hallstahammar,Hallstahammar,0.7,2026,2,2024,,,Ny kandidat
Legal Executive Search & Interim i Stockholm AB,5593933954,Grythundsgatan 2,115 47,Stockholm,Stockholm,0.7,2025,1,2022,,,Ny kandidat
Kotte Management Aktiebolag,5561138834,Segerlindsgatan 13,416 53,Göteborg,Göteborg,0.7,2024,1,1967,,,Ny kandidat
Kernel HR AB,5591219232,Eksätervägen 5,197 36,Bro,Upplands-Bro,0.7,2025,1,2017,,,Ny kandidat
Karin Lood Rekrytering AB,5568526528,Högabråten 6,568 92,Skillingaryd,Vaggeryd,0.7,2025,1,2011,,,Ny kandidat
KS Scandinavia Aktiebolag,5563858801,Bruncronas Väg 34,139 34,Värmdö,Värmdö,0.7,2025,1,1990,,,Ny kandidat
InstantWork AB,5592907371,Fabriksgatan 8,702 11,Örebro,Örebro,0.7,2025,1,2020,,,Ny kandidat
Immunize AB,5593019523,Hammarbacksvägen 77,238 36,Oxie,Malmö,0.7,2025,1-4,2021,,,Ny kandidat
INEZA Consulting AB,5569910788,Makrillvägen 9 b,181 30,Lidingö,Lidingö,0.7,2025,1,2014,,,Ny kandidat
Ett nytt kapitel AB,5594784141,Kantarellgatan 29,386 32,Färjestaden,Mörbylånga,0.7,2025,1,2024,,,Ny kandidat
Eskils Jobb och rekrytering AB,5594258054,Johan Gertssons Gata 4,415 12,Göteborg,Göteborg,0.7,2025,0,2023,,,Ny kandidat
Elin Mankert Agency AB,5593501850,Billdals Almväg 5,427 38,Billdal,Göteborg,0.7,2025,1,2021,,,Ny kandidat
Ekonza searcHR AB,5595482976,Björklundabacken 3,436 57,Hovås,Göteborg,0.7,2025,1,2025,,,Ny kandidat
EQUISTAFF SWEDEN AB,5594094467,Gustavsviksvägen 16 a,132 51,Saltsjö-Boo,Nacka,0.7,2024,0,2022,,,Ny kandidat
Darle Recruitment AB,5590822366,Helgagatan 36 l,118 58,Stockholm,Stockholm,0.7,2025,1,2016,,,Ny kandidat
Competence Club Group Sweden AB,5594633330,Kyrkogatan 17,411 15,Göteborg,Göteborg,0.7,2025,1,2023,,,Ny kandidat
Carina Bergman AB,5593487712,Marbäcken 4,566 91,Habo,Habo,0.7,2025,0,2021,,,Ny kandidat
CAPA & Partners AB,5590846670,Hammarvägen 76,421 65,Västra Frölunda,Göteborg,0.7,2025,1,2016,,,Ny kandidat
BomanKerer Rekrytering AB,5567367023,Turevägen 36 b,191 47,Sollentuna,Sollentuna,0.7,2024,1,2007,,,Ny kandidat
Axon Consulting AB,5591016182,Torvavägen 29,439 36,Onsala,Kungsbacka,0.7,2025,1,2017,,,Ny kandidat
AmiLu AB,5592746571,Mörners Väg 56 c,352 38,Växjö,Växjö,0.7,2025,2,2020,,,Ny kandidat
Amaton AB,5593187999,Skärholmsgången 26,127 48,Skärholmen,Stockholm,0.7,2025,1-4,2021,,,Ny kandidat
ACTUAL Support 054 AB,5594723651,Långenäsvägen 376,655 92,Karlstad,Karlstad,0.7,2025,1,2024,,,Ny kandidat
157Solutions AB,5592411085,Kolmilevägen 18,194 67,Upplands Väsby,Upplands Väsby,0.7,2025,1,2020,,,Ny kandidat
WeRSeniors Aktiebolag,5592509698,Roslinvägen 41,168 51,Bromma,Stockholm,0.7,2025,7,2020,,,Ny kandidat
Seniorbemanning i Sverige AB,5568778566,Östermalmstorg 1,114 42,Stockholm,Stockholm,0.7,2025,1,2011,,,Ny kandidat
Sabah Al-Ashi AB,5592953110,Scheelegatan 13,112 28,Stockholm,Stockholm,0.7,2025,1-4,2021,,,Ny kandidat
SIN People AB,5594458753,Mäster Samuelsgatan 42,111 57,Stockholm,Stockholm,0.7,2025,1,2023,,,Ny kandidat
Révay Performance AB,5594338070,Slättvägen 3,167 53,Bromma,Stockholm,0.7,2025,1,2023,,,Ny kandidat
Ritva Konsult AB,5590011754,Klarabergsviadukten 63,111 64,Stockholm,Stockholm,0.7,2025,0,2015,,,Ny kandidat
NS Ideal Care AB,5593724726,Box 20099,161 02,Bromma,Stockholm,0.7,2025,1,2022,,,Ny kandidat
Medkompetens i Stockholm AB,5566291927,Kommendörsgatan 8 r,114 48,Stockholm,Stockholm,0.7,2025,0,2002,,,Ny kandidat
MaaX Solutions AB,5593146565,Stadsbudsvägen 8 1 Tr,123 54,Farsta,Stockholm,0.7,2024,1,2021,,,Ny kandidat
LMG Restaurang AB,5593242216,"c/o Advokatfirman Gärde & Partners AB, Danderydsgatan 14",114 26,Stockholm,Stockholm,0.7,2023,2,2021,,,Ny kandidat
Jörgensens Luft & Kultur AB,5594767567,Forshagagatan 36 Lgh 1101,123 31,Farsta,Stockholm,0.7,2025,1,2024,,,Ny kandidat
International Health Care Management Sweden AB,5567907539,Warfvinges Väg 35,112 51,Stockholm,Stockholm,0.7,2022,0,2009,,,Ny kandidat
INTRASENZE Resource AB,5590553268,Box 55679,102 15,Stockholm,Stockholm,0.7,2025,0,2016,,,Ny kandidat
I Value Your Talent Sweden AB,5569445686,Franzéngatan 77,112 15,Stockholm,Stockholm,0.7,2025,1,2013,,,Ny kandidat
Harpans Fakturering AB,5591758882,Tjärhovsgatan 18,116 21,Stockholm,Stockholm,0.7,2025,2,2018,,,Ny kandidat
Hard Workers Crew Stockholm AB,5590429139,Dukvägen 24,168 73,Bromma,Stockholm,0.7,2025,5-9,2015,,,Ny kandidat
Doaa Hassan AB,5595236620,Storvretsvägen 179,163 47,Spånga,Stockholm,0.7,2025,1-4,2025,,,Ny kandidat
Crecer Tillsammans AB,5591598049,Piltgränd 7,163 54,Spånga,Stockholm,0.7,2025,0,2018,,,Ny kandidat
Banuli AB,5594158080,Österlånggatan 5,111 31,Stockholm,Stockholm,0.7,2025,1,2022,,,Ny kandidat
Aurenumus AB,5568301773,"c/o Mäster Samuelsgatan 20, Box 3918",111 74,Stockholm,Stockholm,0.7,2024,1,2010,,,Ny kandidat
Alif AB,5594831439,Lerkrogsvägen 21,126 79,Hägersten,Stockholm,0.7,2024,2,2024,,,Ny kandidat
Takläggarna i Spånga AB,5590627534,Ålvägen 2,175 55,Järfälla,Järfälla,0.7,2025,3,2016,,,Ny kandidat
Sasan Group AB,5590221189,Fågelhundsvägen 32,174 41,Sundbyberg,Sundbyberg,0.7,2025,0,2015,,,Ny kandidat
Sanhill AB,5565932273,Kivra: 556593-2273,106 31,Stockholm,Sigtuna,0.7,2023,0,2000,,,Ny kandidat
SCAB - Soulmate Consulting AB,5594413097,Mustanggatan 6 a,177 45,Järfälla,Järfälla,0.7,2025,1,2023,,,Ny kandidat
Rätt På Bordet AB,5594185059,Näsbylundsvägen 16 31,183 38,Täby,Täby,0.7,2025,1,2023,,,Ny kandidat
Omsorgskonsulten Helena Mattsson AB,5593150864,Centralgatan 6 a,149 32,Nynäshamn,Nynäshamn,0.7,2025,1,2021,,,Ny kandidat
NOXLUX AB,5593844862,Granängsringen 15,135 44,Tyresö,Tyresö,0.7,2025,1,2022,,,Ny kandidat
Medkit AB,5594424466,"c/o Sara Öhman, Kristinebergsvägen 13",186 40,Vallentuna,Vallentuna,0.7,2024,1,2023,,,Ny kandidat
Izza bereket AB,5593305914,Framnäsbacken 28,171 66,Solna,Solna,0.7,2025,0,2021,,,Ny kandidat
Hantverksförmedlingen FDH AB,5567268908,Länsvägen 29,123 52,Farsta,Huddinge,0.7,2024,1,2007,,,Ny kandidat
Fridens vård och omsorg AB,5591476410,Aspnäsvägen 40,177 37,Järfälla,Järfälla,0.7,2025,1,2018,,,Ny kandidat
Dipool Pharma konsult AB,5594358268,Dagsverkarvägen 6,197 36,Bro,Upplands-Bro,0.7,2025,1,2023,,,Ny kandidat
DAKO Bemanning AB,5590267547,Falkvägen 31,183 50,Täby,Täby,0.7,2025,2,2015,,,Ny kandidat
BE1961 AB,5590118864,Ådravägen 176,141 91,Huddinge,Huddinge,0.7,2025,1,2015,,,Ny kandidat
Aryanas klinik & vård och omsorg AB,5594629338,Kantarellstigen 40,144 40,Rönninge,Salem,0.7,2025,0,2023,,,Ny kandidat
Arhum enterprises AB,5594048364,Fregattvägen 10,183 53,Täby,Täby,0.7,2025,3,2022,,,Ny kandidat
Toddson AB,5593076531,Edingsvägen 31 Lgh 1002,451 52,Uddevalla,Uddevalla,0.7,2025,1,2021,,,Ny kandidat
SVETDOKT AB,5567592885,Selma Lagerlöfs Parkstråk 30,422 62,Hisings Backa,Göteborg,0.7,2025,1,2008,,,Ny kandidat
SP Transport och Byggservice AB,5593728388,Beväringsgatan 11 Lgh 1504,415 24,Göteborg,Göteborg,0.7,2024,0,2022,,,Ny kandidat
Pharmify Consulting AB,5595253245,Säterigatan 7 a,418 76,Göteborg,Göteborg,0.7,2026,0,2025,,,Ny kandidat
Nubban AB,5593128522,Tullstigen 28,456 31,Kungshamn,Sotenäs,0.7,2024,1,2021,,,Ny kandidat
MILAJA i Trollhättan AB,5566446091,Bergkullevägen 29,461 55,Trollhättan,Trollhättan,0.7,2025,0,2003,,,Ny kandidat
Level 8 AB,5595033126,Ekhagsvägen 19,438 53,Hindås,Härryda,0.7,2025,1,2024,,,Ny kandidat
LJL Byggservice AB,5592668106,Nabbensbergsvägen 2,462 40,Vänersborg,Vänersborg,0.7,2025,1,2020,,,Ny kandidat
Kylebäck Consulting AB,5568145931,Ullbergs Gata 6 b,549 52,Skövde,Skövde,0.7,2025,1,2010,,,Ny kandidat
Kaggestorps maskin & bygg service AB,5592671506,Kaggestorp 2,544 93,Hjo,Tidaholm,0.7,2025,1,2020,,,Ny kandidat
Johan Silberg AB,5568851330,Stommen 2 Sätuna,521 98,Broddetorp,Falköping,0.7,2025,1,2012,,,Ny kandidat
In Barbell We Trust AB,5593750903,Viktoriagatan 19,411 25,Göteborg,Göteborg,0.7,2025,1,2022,,,Ny kandidat
Gothia Support AB,5560578287,"c/o Advokatfirman NORDIA, Kungsportsavenyen 1",411 36,Göteborg,Göteborg,0.7,2023,0,1953,,,Ny kandidat
DC group AB,5594818394,Storavägen 23 b,513 34,Fristad,Borås,0.7,2025,0,2024,,,Ny kandidat
CL EXPERIENCE AB,5592063522,Järneberg 16,545 91,Töreboda,Töreboda,0.7,2025,1,2019,,,Ny kandidat
Boocra AB,5592416738,Gullbergsvägen 44,511 59,Kinna,Mark,0.7,2026,1,2020,,,Ny kandidat
Bet Man Holding Aktiebolag,5566736889,Stegerholmsvägen 28,421 67,Västra Frölunda,Göteborg,0.7,2025,1,2004,,,Ny kandidat
Bemanningsjouren Västra Götaland AB,5567119259,Skogsliden 11,424 72,Olofstorp,Göteborg,0.7,2025,1,2006,,,Ny kandidat
Belmont Sweden AB,5595001800,Victor Hasselblads Gata 10,421 31,Västra Frölunda,Göteborg,0.7,2025,1,2024,,,Ny kandidat
Alma Bemaning AB,5594972605,Sandeslättskroken 31,424 36,Angered,Göteborg,0.7,2025,0,2024,,,Ny kandidat
Vento Care AB,5593388274,Krankajen 4,211 12,Malmö,Malmö,0.7,2025,1,2021,,,Ny kandidat
Vabö Förvaltning AB,5569480352,Genvägen 9,291 59,Kristianstad,Kristianstad,0.7,2025,1,2013,,,Ny kandidat
Trygga boende och bemanningstjänster A & M AB,5591185680,Von Lingens Väg 84,213 71,Malmö,Malmö,0.7,2025,1,2017,,,Ny kandidat
TGV Socionomkonsult AB,5591835508,Föreningsgatan 31 a,254 31,Helsingborg,Helsingborg,0.7,2025,1,2018,,,Ny kandidat
Stend AB,5569900060,Bränneslyckevägen 111,263 76,Nyhamnsläge,Höganäs,0.7,2024,1,2014,,,Ny kandidat
SkånskaSeniorer AB,5592268469,Sturegatan 26,252 38,Helsingborg,Helsingborg,0.7,2025,1,2019,,,Ny kandidat
Robin Åhlund AB,5595182030,Lönbladsgatan 1 a,290 30,Kristianstad,Kristianstad,0.7,2025,1,2025,,,Ny kandidat
RF Personaluthyrning AB,5592670888,Storegård 1451,268 90,Svalöv,Svalöv,0.7,2025,1,2020,,,Ny kandidat
Psykologiet AB,5591169890,Östergatan 21,211 25,Malmö,Malmö,0.7,2024,1,2017,,,Ny kandidat
Lighthouse Pingst AB,5594932997,Gåsebäcksvägen 10,252 27,Helsingborg,Helsingborg,0.7,2025,5-9,2024,,,Ny kandidat
Lirosa AB,5566703293,"c/o Lirosa AB, Konvaljevägen 2",232 54,Åkarp,Burlöv,0.7,2024,1,2004,,,Ny kandidat
Kolamossens Däck & Bilverkstad AB,5593053381,Kolamossevägen 71,291 69,Fjälkinge,Kristianstad,0.7,2025,1-4,2021,,,Ny kandidat
KimLe AB,5566693098,Snödroppsvägen 9,291 50,Kristianstad,Kristianstad,0.7,2025,1,2004,,,Ny kandidat
Inova Sweden AB,5592638331,Lokförarevägen 25,291 44,Kristianstad,Kristianstad,0.7,2025,1,2020,,,Ny kandidat
Höörs Personaluthyrning AB,5569975021,Klockaregården 663,243 95,Höör,Höör,0.7,2025,1,2014,,,Ny kandidat
Hottarp Resources AB,5590989728,Skönadalvägen 9,246 51,Löddeköpinge,Kävlinge,0.7,2025,0,2017,,,Ny kandidat
Glam Care Sweden AB,5593257529,Lönnebergatan 10 Lgh 1001,212 45,Malmö,Malmö,0.7,2025,1,2021,,,Ny kandidat
Famba AB,5592777246,Stensåkervägen 226,238 33,Oxie,Malmö,0.7,2025,1-4,2020,,,Ny kandidat
Doublecare AB,5591765192,Rudeboksvägen 4,226 55,Lund,Lund,0.7,2025,1,2018,,,Ny kandidat
Credens Anesthesia Aktiebolag,5592407729,Rya 472,286 91,Örkelljunga,Örkelljunga,0.7,2025,1,2020,,,Ny kandidat
Ce & Jo AB,5590363023,Bornholmsvägen 7,272 37,Simrishamn,Simrishamn,0.7,2025,1,2015,,,Ny kandidat
Capri PRE AB,5590019393,Ringvägen 10,282 74,Hästveda,Hässleholm,0.7,2025,1,2015,,,Ny kandidat
Beta Vårdbemanning AB,5593184509,Osby Tappavittsvägen 22,242 93,Hörby,Hörby,0.7,2026,1,2021,,,Ny kandidat
BL Imaging Diagnostics AB,5593779340,Skördevägen 2 b,227 38,Lund,Lund,0.7,2025,1-4,2022,,,Ny kandidat
AnnBi Consulting AB,5593726929,Kurirgatan 12 b Lgh 1102,254 53,Helsingborg,Helsingborg,0.7,2025,1,2022,,,Ny kandidat
AB Någon,5590778717,Kyrkobyvägen 65-5,245 93,Staffanstorp,Staffanstorp,0.7,2025,1,2016,,,Ny kandidat
Skin Clinic Norrköping AB,5591002877,Källvindsgatan 1,602 40,Norrköping,Norrköping,0.7,2025,1,2017,,,Ny kandidat
Missing Nurse Linköping AB,5593909210,Pomonavägen 18,585 93,Linköping,Linköping,0.7,2025,1,2022,,,Ny kandidat
LK Care AB,5569739948,Soldanevägen 40 c,582 75,Linköping,Linköping,0.7,2025,0,2014,,,Ny kandidat
NurseCore Consulting Scandinavia AB,5595344853,Sankt Johannesgatan 96,752 64,Uppsala,Uppsala,0.7,2025,1-4,2025,,,Ny kandidat
MCJ Konsult AB,5593351348,Berthågavägen 16,752 60,Uppsala,Uppsala,0.7,2025,1,2021,,,Ny kandidat
LaBeMed Konsult AB,5592132293,Sturegatan 2 a 1201,753 14,Uppsala,Uppsala,0.7,2025,1,2019,,,Ny kandidat
Allegria AB,5594765520,Ritargatan 4 a,754 33,Uppsala,Uppsala,0.7,2025,1-4,2024,,,Ny kandidat
Adel Varasteh AB,5566590187,Sågargatan 9 b Lgh 1601,753 18,Uppsala,Uppsala,0.7,2025,1,2004,,,Ny kandidat
Servicegruppen Sverige AB,5590627815,Porfyrvägen 2,553 03,Jönköping,Jönköping,0.7,2025,0,2016,,,Ny kandidat
Niklas frilans AB,5594272378,Huluäng 8 d,556 29,Jönköping,Jönköping,0.7,2025,1,2023,,,Ny kandidat
VMS Maskin AB,5593229676,Rolstorp Fogdegård 3,331 97,Värnamo,Värnamo,0.7,2025,1,2021,,,Ny kandidat
Friberg Redovisning AB,5594078635,Gångstigen 35,574 39,Vetlanda,Vetlanda,0.7,2025,1,2022,,,Ny kandidat
Allas Bemanning Sweden AB,5591442040,Fjärilsvägen 1 b,331 54,Värnamo,Värnamo,0.7,2025,1,2018,,,Ny kandidat
YKB Halland AB,5593099327,Tolarp Fladamossen 628,305 94,Halmstad,Halmstad,0.7,2025,1,2021,,,Ny kandidat
Robin Rail & Road AB,5595339036,Jonstorp 707,305 97,Eldsberga,Halmstad,0.7,2025,1-4,2025,,,Ny kandidat
KUMINKO AB,5562565357,Olofsdalsvägen 47 a,302 41,Halmstad,Halmstad,0.7,2025,1,1985,,,Ny kandidat
SD logistik & service AB,5595124305,Karlsdalsallén 48 a,702 52,Örebro,Örebro,0.7,2025,1,2024,,,Ny kandidat
Nordic A.S.K Pharma AB,5594454885,Tamarindvägen 2 Lgh 1414,702 53,Örebro,Örebro,0.7,2025,2,2023,,,Ny kandidat
J.Westholm Lots & Bemanning AB,5592175250,Falleniusgatan 3 Lgh 1003,703 41,Örebro,Örebro,0.7,2025,1,2019,,,Ny kandidat
HART Sweden AB,5592071236,Storsätter 230,705 95,Örebro,Örebro,0.7,2025,0,2019,,,Ny kandidat
Royal i Nyköping AB,5594401514,Mariebergsvägen 45,611 66,Nyköping,Nyköping,0.7,2025,0,2023,,,Ny kandidat
Roundbranch AB,5592712326,Snickarvägen 29,632 23,Eskilstuna,Eskilstuna,0.7,2026,1,2020,,,Ny kandidat
Lundén Entreprenad AB,5590896378,Björkeby Gård 2,647 91,Mariefred,Strängnäs,0.7,2025,1,2016,,,Ny kandidat
YEE AB,5592806417,Rödfärgsvägen 15,791 51,Falun,Falun,0.7,2025,1,2020,,,Ny kandidat
Ted & co AB,5593478521,Mossbo 88,790 21,Bjursås,Falun,0.7,2024,1,2021,,,Ny kandidat
Norman Holding AB,5595200006,Faluvägen 50,784 73,Borlänge,Borlänge,0.7,2025,1,2025,,,Ny kandidat
NRH Konsult AB,5594273194,Bonsåkersgatan 7 l,784 73,Borlänge,Borlänge,0.7,2024,1,2023,,,Ny kandidat
Hellbackos AB,5594879834,Halvarolsvägen 4,771 92,Ludvika,Ludvika,0.7,2025,1,2024,,,Ny kandidat
Fogd Invest AB,5569181257,Rönnvallsvägen 2,790 26,Enviken,Falun,0.7,2025,1,2013,,,Ny kandidat
DalaNet Mora AB,5593744955,Mjälgavägen 77,784 37,Borlänge,Borlänge,0.7,2025,1,2022,,,Ny kandidat
Cognitus Trafiklogistik AB,5562811033,Hälsinggårdsvägen 23 e,791 43,Falun,Falun,0.7,2025,1-4,1986,,,Ny kandidat
TriMPH Konsult AB,5592860497,Backrundan 22,806 42,Gävle,Gävle,0.7,2025,0,2020,,,Ny kandidat
Söderhamnstvätten AB,5591577969,Kungsgatan 20,826 30,Söderhamn,Söderhamn,0.7,2025,1,2018,,,Ny kandidat
Landbonns AB,5593573784,Källvik 910,826 91,Söderhamn,Söderhamn,0.7,2025,1,2021,,,Ny kandidat
LW Personal & Bemanning AB,5594936980,Skakelvägen 13,806 31,Gävle,Gävle,0.7,2025,1,2024,,,Ny kandidat
CJonsson Alltjänst AB,5592530322,Storsvedvägen 32,821 94,Bollnäs,Bollnäs,0.7,2025,1,2020,,,Ny kandidat
KAPROT AB,5594449836,Boviken 9,691 93,Karlskoga,Storfors,0.7,2024,1,2023,,,Ny kandidat
iCars Rental AB,5594377078,Statyvägen 1,724 71,Västerås,Västerås,0.7,2025,1,2023,,,Ny kandidat
MJO Partners AB,5592445901,Strandlinjevägen 9,722 31,Västerås,Västerås,0.7,2025,1,2020,,,Ny kandidat
Docloc AB,5591853170,Gästgivarvägen 11,724 60,Västerås,Västerås,0.7,2025,1-4,2018,,,Ny kandidat
Asplund & Harju AB,5594148834,Brattberget St:Eklund,732 94,Arboga,Arboga,0.7,2025,1,2022,,,Ny kandidat
Arboga Allservice AB,5592637085,Prästgatan 5 a,732 32,Arboga,Arboga,0.7,2025,2,2020,,,Ny kandidat
TN Uddvägen AB,5591165906,Uddvägen 6,952 97,Kalix,Kalix,0.7,2025,1,2017,,,Ny kandidat
SKÁIDI AB,5593032005,Blåsmarksvägen 155 a,944 92,Blåsmark,Piteå,0.7,2025,0,2021,,,Ny kandidat
Jakobssons.P.U.H AB,5590551718,Box 2075,981 02,Kiruna,Kiruna,0.7,2024,0,2016,,,Ny kandidat
Gransels Entreprenad AB,5593494791,Järnvägsgatan 5,942 33,Älvsbyn,Älvsbyn,0.7,2025,1,2021,,,Ny kandidat
Eseyas Excellent Service AB,5594952904,Hantverksgatan 1 a,942 31,Älvsbyn,Älvsbyn,0.7,2025,1,2024,,,Ny kandidat
Bojen i Bukten AB,5591740658,Hällskatan 18,944 94,Jävrebyn,Piteå,0.7,2025,1,2018,,,Ny kandidat
Aulands Alltjänst AB,5591716252,Hagtornsvägen 12,954 41,Södra Sunderbyn,Luleå,0.7,2025,0,2018,,,Ny kandidat
Vildmarkskojan AB,5593637696,Storliden 34,935 93,Norsjö,Norsjö,0.7,2025,1,2022,,,Ny kandidat
Tompas alltjänst AB,5594556556,Järnvägsgatan 20 a,923 31,Storuman,Storuman,0.7,2025,1,2023,,,Ny kandidat
TeOnga AB,5592353105,Mycklevägen 112,931 98,Skellefteå,Skellefteå,0.7,2025,1-4,2020,,,Ny kandidat
Olofssons allservice AB,5592508708,Gamla Brattsbacka 29,914 94,Nyåker,Nordmaling,0.7,2025,1,2020,,,Ny kandidat
AM Estetik AB,5593041063,Fredriksskansgatan 15,392 49,Kalmar,Kalmar,0.7,2024,1,2021,,,Ny kandidat
Åsebo Entreprenad AB,5593064164,Åsebo 103,579 95,Ruda,Högsby,0.7,2025,1,2021,,,Ny kandidat
Kronobergslotsen AB,5592134711,Smörhöga Skola 1,342 55,Grimslöv,Alvesta,0.7,2025,1-4,2019,,,Ny kandidat
Saosong AB,5593039976,Stackvägen 5,872 43,Kramfors,Kramfors,0.7,2024,1-4,2021,,,Ny kandidat
Härnösands Mjölktransporter AB,5566202247,Furuvägen 2,871 52,Härnösand,Härnösand,0.7,2025,1,2001,,,Ny kandidat
Bergeforsen Bemanning AB,5592853039,Norra Ribygatan 24,861 38,Bergeforsen,Timrå,0.7,2025,0,2020,,,Ny kandidat
A&S företag AB,5592012560,Virkesvägen 15,892 41,Domsjö,Örnsköldsvik,0.7,2025,0,2019,,,Ny kandidat
3C Creativ AB,5592282866,Fartygsvägen 61,865 51,Ankarsvik,Sundsvall,0.7,2025,1,2019,,,Ny kandidat
Be Patient AB,5593712283,Västra Vittusgatan 14,371 34,Karlskrona,Karlskrona,0.7,2025,1,2022,,,Ny kandidat
Åsbygdens Distriktsskötersketjänst AB,5592834369,Ösavägen 93,836 95,Ås,Krokom,0.7,2025,1,2020,,,Ny kandidat
JP Å EB AB,5594384884,Storsjöstråket 30,831 56,Östersund,Östersund,0.7,2025,1,2023,,,Ny kandidat
J Åkervall Jämtland AB,5594626003,Rind 160 b,843 96,Gällö,Bräcke,0.7,2025,1,2023,,,Ny kandidat
F Sundmans Entreprenad i Jämtland AB,5593376949,Infanterigatan 28,831 32,Östersund,Östersund,0.7,2025,1,2021,,,Ny kandidat
Wade & Partners AB,5592698509,Gotö Långgata 73,725 91,Västerås,Västerås,0.6,2025,1,2020,,,Ny kandidat
UnIT- TechRecruitment and Consulting AB,5591179956,Dahlbergsvägen 4,134 60,Ingarö,Värmdö,0.6,2025,1,2017,,,Ny kandidat
Ulf Magnusson Konsult AB,5591741136,Harry Martinsons Gata 10,112 16,Stockholm,Stockholm,0.6,2025,0,2018,,,Ny kandidat
Unikraft AB,5593620395,Glimtvägen 18,238 37,Oxie,Malmö,0.6,2025,1,2022,,,Ny kandidat
Tribe Dynamics AB,5569255291,Dalbyvägen 10,247 62,Veberöd,Lund,0.6,2025,1,2013,,,Ny kandidat
The Next One AB,5591541338,Klarabergsviadukten 63,111 64,Stockholm,Stockholm,0.6,2025,1,2018,,,Ny kandidat
"Sverre Carlsson Entertainment och Nöjes, S.C.E.N. AB",5563365849,Swedenborgsgatan 1,118 48,Stockholm,Stockholm,0.6,2025,1,1988,,,Ny kandidat
Spira Group AB,5567380331,Redbergsvägen 40,416 65,Göteborg,Göteborg,0.6,2025,3,2007,,,Ny kandidat
Snabb Jobb Sverige AB,5594551946,Rönnowsgatan 8 c,252 25,Helsingborg,Helsingborg,0.6,2025,1-4,2023,,,Ny kandidat
Smartare Rekrytering @ Sverige AB,5594308743,Celsiusgatan 1,112 30,Stockholm,Stockholm,0.6,2025,1,2023,,,Ny kandidat
SandraTech Consulting AB,5595320119,Svetsarvägen 7,176 73,Järfälla,Järfälla,0.6,2026,1-4,2025,,,Ny kandidat
STANCE Gallery AB,5566150495,Lokevägen 2 b,182 61,Djursholm,Danderyd,0.6,2024,0,2001,,,Ny kandidat
Resursbrist Norden AB,5592229487,Kungsholmsgatan 17 2tr,112 27,Stockholm,Stockholm,0.6,2025,1,2019,,,Ny kandidat
Restaurangentreprenören i Sverige AB,5569781072,Lövsbergsvägen 101,589 37,Linköping,Linköping,0.6,2025,1,2014,,,Ny kandidat
Rekryteringsbolaget Annette Gille AB,5565933487,Björns Trädgårdsgränd 3 5tr,116 21,Stockholm,Stockholm,0.6,2025,1,2000,,,Ny kandidat
RAMAS TEKNIK AB,5594341884,Telivägen 1,149 42,Nynäshamn,Nynäshamn,0.6,2025,1-4,2023,,,Ny kandidat
QRS i Örebro AB,5566267497,Ekängsgatan 2,702 44,Örebro,Örebro,0.6,2025,1,2002,,,Ny kandidat
PrataPå-Konsult AB,5592053200,Odlarvägen 9,904 20,Umeå,Umeå,0.6,2025,1,2019,,,Ny kandidat
Philia Consulting AB,5593759805,Gånglåten 59,421 46,Västra Frölunda,Göteborg,0.6,2025,2,2022,,,Ny kandidat
PAWR AB,5590092481,Jungmansgatan 12,211 11,Malmö,Malmö,0.6,2025,0,2015,,,Ny kandidat
Nielsen Grey AB,5593463739,Bergtorpsvägen 19,832 96,Frösön,Östersund,0.6,2025,2,2021,,,Ny kandidat
NFM Bemanning AB,5593200636,Snösparvsgatan 3,254 50,Helsingborg,Helsingborg,0.6,2025,6,2021,,,Ny kandidat
Mesta Stockholm AB,5563274504,Kavlevägen 171,141 59,Huddinge,Huddinge,0.6,2025,2,1988,,,Ny kandidat
MedBe AB,5593832487,"c/o Advokatfirman Peter Edlund AB, Vasaplatsen 7 a",411 26,Göteborg,Göteborg,0.6,2023,0,2022,,,Ny kandidat
MB Select Executive Search AB,5567899462,Oxelstigen 4,432 46,Varberg,Varberg,0.6,2025,1,2009,,,Ny kandidat
M EXCLUSIVE AB,5568235773,Stamgatan 50 Lgh 1002,125 74,Älvsjö,Stockholm,0.6,2025,1,2010,,,Ny kandidat
M Blom People & Business AB,5569770992,Håstensgatan 58 a,432 34,Varberg,Varberg,0.6,2025,1,2014,,,Ny kandidat
Läkarakuten i Sverige AB,5591864581,Sturegatan 56,114 36,Stockholm,Stockholm,0.6,2024,0,2018,,,Ny kandidat
Luma Consulting AB,5594950049,Bergsslingan 43 b,443 36,Lerum,Lerum,0.6,2025,1,2024,,,Ny kandidat
Lejonet&Partners Företagstjänst AB,5592164189,"c/o CORMAB, Box 220",239 22,Skanör,Vellinge,0.6,2024,5-9,2019,,,Ny kandidat
Kulturaktiebolaget Det Blir Kul Comedy,5593962417,Storgatan 14,703 61,Örebro,Örebro,0.6,2026,0,2022,,,Ny kandidat
Kullberg Headhunting AB,5567873384,Stubbarpsvägen 10,263 52,Lerberget,Höganäs,0.6,2025,1,2009,,,Ny kandidat
Kronstugan 1 AB,5592769326,Järlasjöbrinken 10,131 60,Nacka,Nacka,0.6,2025,1,2020,,,Ny kandidat
Karriärmentorn Tumba AB,5592739972,Stenvägen 13,147 50,Tumba,Botkyrka,0.6,2025,2,2020,,,Ny kandidat
Jobbtjänster i Sverige AB,5595023416,Södergatan 15,252 18,Helsingborg,Helsingborg,0.6,2025,1,2024,,,Ny kandidat
Jobbmäklarna i Sverige AB,5593381485,Stormbyvägen 2-4,163 55,Spånga,Stockholm,0.6,2025,0,2021,,,Ny kandidat
Joachim Wallin invest AB,5592290273,Plåtslagaregatan 4,461 54,Trollhättan,Trollhättan,0.6,2025,1,2019,,,Ny kandidat
JSW Consulting AB,5590670773,Östermalmstorg 1,114 42,Stockholm,Stockholm,0.6,2025,1-4,2016,,,Ny kandidat
J Lundén Consulting AB,5591308324,Rådavägen 19 b,431 36,Mölndal,Mölndal,0.6,2024,1,2017,,,Ny kandidat
Isla Invest AB,5594817990,Vasavägen 235 a,192 69,Sollentuna,Sollentuna,0.6,2025,1-4,2024,,,Ny kandidat
Inner Voice Media AB,5591528731,Hasselquistvägen 37,121 46,Johanneshov,Stockholm,0.6,2025,1,2018,,,Ny kandidat
Imprint Recruitment AB,5594069212,Holavedsvägen 29,181 64,Lidingö,Lidingö,0.6,2025,1,2022,,,Ny kandidat
Hälsinglands LegioBemanning AB,5594642398,Norra Industrivägen 3,824 43,Hudiksvall,Hudiksvall,0.6,2025,0,2023,,,Ny kandidat
HR Cons AB,5593925380,Postängsvägen 152,145 52,Norsborg,Botkyrka,0.6,2025,0,2022,,,Ny kandidat
Gunnersen Consulting AB,5591244081,Brunskogsbacken 104,123 71,Farsta,Stockholm,0.6,2025,1,2017,,,Ny kandidat
Framgångsförmedlingen AB,5594374299,Electrum 218,164 40,Kista,Stockholm,0.6,2025,1,2023,,,Ny kandidat
Fredrik Svensson AB,5593793804,Eksätravägen 52,756 55,Uppsala,Uppsala,0.6,2025,1,2022,,,Ny kandidat
Farhat Consulting AB,5593782476,Blekingegatan 39,265 40,Åstorp,Åstorp,0.6,2024,0,2022,,,Ny kandidat
Familjen Enell AB,5594991290,Kapplandsgatan 8,573 38,Tranås,Tranås,0.6,2025,1,2024,,,Ny kandidat
Engström & Rasteby AB,5592355712,Bangårdsgatan 15 d,831 57,Östersund,Östersund,0.6,2025,1,2020,,,Ny kandidat
Elton AB,5593096257,Hans Von Kantzows Väg 50,734 40,Hallstahammar,Hallstahammar,0.6,2025,1,2021,,,Ny kandidat
Ekedahl Consulting AB,5565786364,Södra Kungsvägen 159,181 61,Lidingö,Lidingö,0.6,2025,0,1999,,,Ny kandidat
Dahlén Rekrytering & Konsult AB,5593209686,Vretbacksvägen 6 c,806 46,Gävle,Gävle,0.6,2025,1,2021,,,Ny kandidat
Bynosh AB,5594476748,"c/o ELISABETH DIAKOVA, Grev Turegatan 58",114 38,Stockholm,Stockholm,0.6,2024,0,2023,,,Ny kandidat
Bridge2work AB,5594418104,Tjädervägen 16 Lgh 1303,577 71,Virserum,Hultsfred,0.6,2026,1,2023,,,Ny kandidat
Björklund och Persson AB,5594956673,Tellusborgsvägen 84,126 37,Hägersten,Stockholm,0.6,2025,1,2024,,,Ny kandidat
Bemanning 991 Aktiebolag,5592332869,Hannebergsgatan 23,171 68,Solna,Solna,0.6,2025,1,2019,,,Ny kandidat
AxÖ Consulting Syd AB,5593634248,Brukstorget 8,691 50,Karlskoga,Karlskoga,0.6,2025,1,2022,,,Ny kandidat
Avilectus AB,5592734890,Carl Johans Väg 26,573 43,Tranås,Tranås,0.6,2026,1,2020,,,Ny kandidat
Ariator AB,5591163182,Strandgatan 7,185 32,Vaxholm,Vaxholm,0.6,2025,1,2017,,,Ny kandidat
Anthroworks AB,5594650185,Ribbylundsvägen 3,137 41,Västerhaninge,Haninge,0.6,2026,1,2023,,,Ny kandidat
Adelson & Co AB,5569869653,Klubbvägen 3,182 57,Danderyd,Danderyd,0.6,2024,1,2014,,,Ny kandidat
Advansi AB,5591335434,Box 94,191 22,Sollentuna,Sollentuna,0.6,2025,1,2017,,,Ny kandidat
AMCC Konsult AB,5594475757,Snörmakarvägen 35 d Lgh 1001,168 38,Bromma,Stockholm,0.6,2025,1,2023,,,Ny kandidat
Z Paragraph AB,5593879074,Skebokvarnsvägen 329 Lgh 1301,124 53,Bandhagen,Stockholm,0.6,2024,1,2022,,,Ny kandidat
Wishbone AB,5568753510,Rehnsgatan 24,113 57,Stockholm,Stockholm,0.6,2025,0,2011,,,Ny kandidat
Tändsticksområdet i Jönköping Aktiebolag,5568474638,Mailbox 606,114 11,Stockholm,Stockholm,0.6,2025,1,2011,,,Ny kandidat
SMC Redovisning@Rådgivning AB,5593224792,Johan Skyttes Väg 203,125 34,Älvsjö,Stockholm,0.6,2025,1,2021,,,Ny kandidat
Rocabado Enterprises AB,5568358633,Torsgränd 36,113 61,Stockholm,Stockholm,0.6,2025,1,2010,,,Ny kandidat
Respons Sverige AB,5594000340,Cirkelvägen 11 Lgh 0901,122 44,Enskede,Stockholm,0.6,2024,6,2022,,,Ny kandidat
RefLink AB,5594353491,Skattegårdsvägen 260,162 45,Vällingby,Stockholm,0.6,2025,0,2023,,,Ny kandidat
RRS Bemanning AB,5591246805,Sveavägen 55 1tr,113 59,Stockholm,Stockholm,0.6,2025,2,2017,,,Ny kandidat
Paper Hands AB,5590513791,Levertinsgatan 1,112 52,Stockholm,Stockholm,0.6,2025,1,2016,,,Ny kandidat
Nordiska Redovisningsgruppen AB,5563342319,Box 6281,102 34,Stockholm,Stockholm,0.6,2024,0,1988,,,Ny kandidat
Gig&Go AB,5590918917,"c/o Moneybear Capital AB, Box 12122",102 24,Stockholm,Stockholm,0.6,2026,1,2016,,,Ny kandidat
Galax Trading AB,5568209141,Frejgatan 41,113 49,Stockholm,Stockholm,0.6,2025,1-4,2010,,,Ny kandidat
DocConsult AB,5590781935,Södra Riddarholmshamnen 4,111 28,Stockholm,Stockholm,0.6,2024,1,2016,,,Ny kandidat
Åhuset Ekonomi AB,5590741095,Kvarngränd 3,761 30,Norrtälje,Norrtälje,0.6,2025,2,2016,,,Ny kandidat
VHVinc AB,5593851511,Vänhemsvägen 13,141 43,Huddinge,Huddinge,0.6,2025,1,2022,,,Ny kandidat
VALINTEL AB,5591482301,Törnskogsvägen 29 b,192 48,Sollentuna,Sollentuna,0.6,2025,1,2018,,,Ny kandidat
Säsongare AB,5591519029,Industrivägen 19,171 48,Solna,Solna,0.6,2025,4,2018,,,Ny kandidat
Stockholm Truck & Bemanning AB,5593559361,Svärtings Gata 45,148 91,Ösmo,Nynäshamn,0.6,2025,1,2021,,,Ny kandidat
StaTement AB,5567136105,Alvägen 12,183 63,Täby,Täby,0.6,2025,1,2006,,,Ny kandidat
SW Entreprenad Stockholm AB,5594580465,Odlingsvägen 30,147 50,Tumba,Botkyrka,0.6,2025,2,2023,,,Ny kandidat
Refine & Nurse AB,5592423627,Fredsgatan 13,149 30,Nynäshamn,Nynäshamn,0.6,2025,1,2020,,,Ny kandidat
MJ care AB,5568966278,Opusgränd 36,142 63,Trångsund,Huddinge,0.6,2025,1,2012,,,Ny kandidat
LPC Projekt AB,5593717530,"c/o Banegaz, Skyttevägen 6",192 58,Sollentuna,Sollentuna,0.6,2023,2,2022,,,Ny kandidat
Jaktkunskap Svenska AB,5568203599,Källtorpsvägen 97,136 70,Vendelsö,Haninge,0.6,2025,0,2010,,,Ny kandidat
JHR consulting AB,5594984246,Västerskogsvägen 11 b,185 94,Vaxholm,Vaxholm,0.6,2025,1,2024,,,Ny kandidat
Inmaren AB,5590129747,Brännängsvägen 101 a,130 25,Ingmarsö,Österåker,0.6,2024,1,2015,,,Ny kandidat
HHS ProStaff Bemanning AB,5593839508,Vågens Gata 467,136 61,Brandbergen,Haninge,0.6,2025,3,2022,,,Ny kandidat
FinFlow Consulting AB,5594436338,Haningevägen 5 e,136 36,Handen,Haninge,0.6,2025,3,2023,,,Ny kandidat
Fadem Transport AB,5594901760,Klövervallsvägen 17 b,187 52,Täby,Täby,0.6,2025,1,2024,,,Ny kandidat
Dennis Jansson Transport i Roslagen AB,5593176208,Östra Dillingbyhöjden 10,761 91,Norrtälje,Norrtälje,0.6,2024,1,2021,,,Ny kandidat
Dalénum 365 AB,5592780109,Prismastigen 2,181 55,Lidingö,Lidingö,0.6,2025,1,2020,,,Ny kandidat
Cornell Support AB,5591037618,Drottningvägen 12,181 32,Lidingö,Lidingö,0.6,2025,1,2017,,,Ny kandidat
Chrilles Entreprenad AB,5595191569,Oxelbacken 2,138 31,Älta,Nacka,0.6,2025,0,2025,,,Ny kandidat
Arma Security AB,5592400021,Hjälmvägen 9,175 68,Järfälla,Järfälla,0.6,2025,1,2020,,,Ny kandidat
Aerie Group AB,5595104018,Tändkulevägen 58,131 58,Nacka,Nacka,0.6,2025,1,2024,,,Ny kandidat
Tasnem Vård AB,5593268419,Ekelundsgatan 5,531 51,Lidköping,Lidköping,0.6,2025,1-4,2021,,,Ny kandidat
SM Justering Fastighets AB,5567326888,Magnetvägen 7,461 38,Trollhättan,Trollhättan,0.6,2025,0,2007,,,Ny kandidat
RAS 365 AB,5569891004,Sikgatan 10,426 58,Västra Frölunda,Göteborg,0.6,2025,1,2014,,,Ny kandidat
Nadin AB,5591592661,Solskensvägen 17,461 59,Trollhättan,Trollhättan,0.6,2026,0,2018,,,Ny kandidat
NXT Interim Göteborg AB,5592796170,Kungsportsavenyen 21,411 36,Göteborg,Göteborg,0.6,2025,1,2020,,,Ny kandidat
Koggholmen AB,5590982061,C a Reuterswärds Gata 8,416 48,Göteborg,Göteborg,0.6,2025,2,2017,,,Ny kandidat
Kardamek AB,5568940604,Torvhusvägen 7,471 90,Kyrkesund,Tjörn,0.6,2025,1,2012,,,Ny kandidat
KIOJK AB,5594904962,Hasslegatan 21,542 32,Mariestad,Mariestad,0.6,2025,1,2024,,,Ny kandidat
H.Linder AB,5594812447,Storgatan 35,521 60,Stenstorp,Falköping,0.6,2025,1,2024,,,Ny kandidat
H.D.C SVERIGE AB,5591894224,Göteborgsvägen 219,445 37,Bohus,Ale,0.6,2025,1,2019,,,Ny kandidat
Eskil Grahn Media AB,5592450901,Gustaf Dalénsgatan 9 b,417 24,Göteborg,Göteborg,0.6,2025,1,2020,,,Ny kandidat
Emanuel Johansson Produktion & Service AB,5594538190,Bäcken 631,474 93,Ellös,Orust,0.6,2025,1,2023,,,Ny kandidat
Ayad Radiology Service AB,5592603731,Jungfruplatsen 2,431 48,Mölndal,Mölndal,0.6,2025,1-4,2020,,,Ny kandidat
Aditasvård AB,5591468607,Skillingsgatan 75,507 50,Borås,Borås,0.6,2025,1,2018,,,Ny kandidat
Wende Consulting AB,5568167026,Ljungvägen 15,295 36,Bromölla,Bromölla,0.6,2025,1-4,2010,,,Ny kandidat
Sund Mat i Skåne Aktiebolag,5563310852,Västervångsvägen 13 Borgeby,237 41,Bjärred,Lomma,0.6,2025,0,1988,,,Ny kandidat
STOMAK Invest AB,5590815089,Adelgatan 19,211 22,Malmö,Malmö,0.6,2025,0,2016,,,Ny kandidat
Reservkraft AB,5593042368,Tegnérs Väg 9,245 32,Staffanstorp,Staffanstorp,0.6,2025,2,2021,,,Ny kandidat
MH Förvaltning i Skåne AB,5591447544,Jungfruns Väg 1,245 33,Staffanstorp,Staffanstorp,0.6,2025,1-4,2018,,,Ny kandidat
Luna & Zein Medical AB,5591572630,Rödaledsvägen 31,291 44,Kristianstad,Kristianstad,0.6,2025,1-4,2018,,,Ny kandidat
Laviva AB,5567878490,Smattervägen 7,296 91,Åhus,Kristianstad,0.6,2025,1,2009,,,Ny kandidat
Future Concerns AB,5594477514,Amiralsgatan 86 e,214 37,Malmö,Malmö,0.6,2025,1,2023,,,Ny kandidat
Ad Your Solution AB,5592050065,Flygarevägen 1 b,236 38,Höllviken,Vellinge,0.6,2025,1,2019,,,Ny kandidat
3M Syd AB,5595278614,Produktvägen 12 d,246 43,Löddeköpinge,Kävlinge,0.6,2026,1,2025,,,Ny kandidat
STG Diagnostik AB,5593907206,Lövsbergsvägen 73,589 37,Linköping,Linköping,0.6,2025,1,2022,,,Ny kandidat
Mammorad AB,5590622717,Brysselkålsvägen 35,582 76,Linköping,Linköping,0.6,2025,1,2016,,,Ny kandidat
M94 Consulting AB,5593663205,Ekebyvägen 20,589 37,Linköping,Linköping,0.6,2025,1,2022,,,Ny kandidat
HSL TEAM IL AB,5593031460,Humlegatan 4 d,582 54,Linköping,Linköping,0.6,2024,1,2021,,,Ny kandidat
A.Andersson Lantbrukstjänst AB,5595273458,Stora Greby Oxhagen 1,585 62,Linghem,Linköping,0.6,2025,1,2025,,,Ny kandidat
Söderbergs Rörelse och Aktivitet AB,5594627621,Skyttelgatan 8,753 42,Uppsala,Uppsala,0.6,2026,1,2023,,,Ny kandidat
Rungius AB,5594293606,Fröslundaby,749 63,Örsundsbro,Enköping,0.6,2025,1,2023,,,Ny kandidat
Hyrchaffis i Jönköping AB,5594929324,Dillvägen 15,554 59,Jönköping,Jönköping,0.6,2025,1-4,2024,,,Ny kandidat
Halger AB,5594525445,Tollsängsvägen 13,562 41,Taberg,Jönköping,0.6,2024,0,2023,,,Ny kandidat
Viribus Bemanning AB,5592821457,Taltrastvägen 3,331 53,Värnamo,Värnamo,0.6,2025,1,2020,,,Ny kandidat
Rosegarden Chef AB,5591578694,Industrivägen 5,333 71,Bredaryd,Värnamo,0.6,2024,2,2018,,,Ny kandidat
Karlsgard AB,5563654085,Gräshult Karlsgård,568 93,Skillingaryd,Vaggeryd,0.6,2024,0,1989,,,Ny kandidat
J.Askehag AB,5594355116,Tomtebergsvägen 13,571 71,Anneberg,Nässjö,0.6,2025,1,2023,,,Ny kandidat
EmBe i Hillerstorp AB,5594287889,Sandgatan 2,335 73,Hillerstorp,Gnosjö,0.6,2025,1,2023,,,Ny kandidat
CH Consulting AB,5568665276,Nyhemsgatan 1 b,571 38,Nässjö,Nässjö,0.6,2025,1,2011,,,Ny kandidat
WelDig AB,5592830094,Solhemsvägen 18,312 45,Veinge,Laholm,0.6,2026,1,2020,,,Ny kandidat
Nges i Hishult AB,5590482070,Norra Långhultsbygget 3,312 53,Hishult,Laholm,0.6,2025,1,2016,,,Ny kandidat
PK Logistics AB,5567905400,Östanvindsgatan 79 Lgh 1201,434 34,Kungsbacka,Kungsbacka,0.6,2025,0,2009,,,Ny kandidat
MKL Konsult AB,5591788947,Hamratorpsvägen 21,429 34,Kullavik,Kungsbacka,0.6,2025,0,2018,,,Ny kandidat
E.Persson Entreprenad AB,5594611690,Stuvvägen 45,439 63,Frillesås,Kungsbacka,0.6,2025,1,2023,,,Ny kandidat
Divas I Onsala AB,5592773484,Tennvägen 29,439 34,Onsala,Kungsbacka,0.6,2024,2,2020,,,Ny kandidat
Axel Johansson Alltjänst AB,5594944828,Knutsgärde 114,311 93,Långås,Falkenberg,0.6,2025,1,2024,,,Ny kandidat
BHC AB,5593379190,Krogesta 934,705 97,Glanshammar,Örebro,0.6,2025,1,2021,,,Ny kandidat
ME Motorsport AB,5591989156,Åtorp 129,693 94,Åtorp,Degerfors,0.6,2025,0,2019,,,Ny kandidat
Cuchillo AB,5590455266,Villingsberg 514,691 94,Karlskoga,Karlskoga,0.6,2025,1,2015,,,Ny kandidat
Franzén Transport Örebro AB,5593908287,Fältgatan 11,692 92,Kumla,Kumla,0.6,2025,1,2022,,,Ny kandidat
SEASR Consulting AB,5569537615,Hagtornsvägen 14,635 06,Eskilstuna,Eskilstuna,0.6,2025,1,2013,,,Ny kandidat
Eskilstuna Specialservice AB,5565682258,Andersrovägen 22,635 08,Eskilstuna,Eskilstuna,0.6,2025,1,1999,,,Ny kandidat
Tom Puhakka AB,5569479438,Djuråsbyvägen 5,785 61,Djurås,Gagnef,0.6,2025,1,2013,,,Ny kandidat
Wilanders Åkeri AB,5565442604,Sturegatan 46 e,791 62,Falun,Falun,0.6,2024,1,1997,,,Ny kandidat
Nickarvet Allservice AB,5594740663,Nickarvet 92,774 97,Fors,Avesta,0.6,2024,1,2024,,,Ny kandidat
Nathalie Vårdbemanning AB,5594265604,"c/o Svenska Standardbolag AB, Box 292",791 27,Falun,Falun,0.6,2025,1,2023,,,Ny kandidat
Klintgårdens Bemanning AB,5594057787,Norrby Klintgården 25,776 93,Hedemora,Hedemora,0.6,2024,1,2022,,,Ny kandidat
Isakas Entreprenad & Lantbruk AB,5592068224,Östanbjörka 17,770 13,Grangärde,Ludvika,0.6,2025,1-4,2019,,,Ny kandidat
C-Jack-Zon AB,5591549851,Bingsjö Dådransvägen 15,790 26,Enviken,Rättvik,0.6,2025,1,2018,,,Ny kandidat
ViKu AB,5594020462,Marstrandsvägen 79,816 30,Ockelbo,Ockelbo,0.6,2024,1,2022,,,Ny kandidat
Rödins i Rengsjö AB,5569329310,Svedja 7972,821 98,Rengsjö,Bollnäs,0.6,2025,1,2013,,,Ny kandidat
NBG El & Industrimontage AB,5564836582,Båtsmansvägen 9,826 66,Marmaverken,Söderhamn,0.6,2025,0,1994,,,Ny kandidat
TOP KNIFE AB,5592598030,Hollstens Väg 3,685 32,Torsby,Torsby,0.6,2025,1,2020,,,Ny kandidat
Fredrick Thyberg AB,5593175614,Asavägen 29,665 33,Kil,Kil,0.6,2024,1-4,2021,,,Ny kandidat
Intervenio AB,5591338719,Gruvvägen 11,724 82,Västerås,Västerås,0.6,2025,1,2017,,,Ny kandidat
Timize AB,5592424179,Skomakaregatan 43 d,933 32,Arvidsjaur,Arvidsjaur,0.6,2025,0,2020,,,Ny kandidat
NurseNow Norrbotten AB,5569069908,Trollvägen 3,961 93,Boden,Boden,0.6,2025,1,2012,,,Ny kandidat
Nordaveo AG Solutions AB,5595081505,Gevärsvägen 10,975 93,Luleå,Luleå,0.6,2025,5-9,2024,,,Ny kandidat
Mavon Store AB,5594899568,Lasarettsgatan 64 b,982 34,Gällivare,Gällivare,0.6,2025,1,2024,,,Ny kandidat
Kustviken AB,5592499437,Stapelgränd 9,973 41,Luleå,Luleå,0.6,2024,1-4,2020,,,Ny kandidat
Kusttransport i Kalix AB,5566378260,Morjärvsvägen 36 b,952 35,Kalix,Kalix,0.6,2025,1,2002,,,Ny kandidat
Exora AB,5595095554,Hällbruksgatan 7,974 35,Luleå,Luleå,0.6,2025,1,2024,,,Ny kandidat
Eric transport Vittangi AB,5594167867,E-Fyrtiofemman 753,985 92,Vittangi,Kiruna,0.6,2025,1,2023,,,Ny kandidat
Umeå Transport Förmedling AB,5593639478,Götgatan 21 Lgh 1102,903 27,Umeå,Umeå,0.6,2025,1,2022,,,Ny kandidat
Umeå Lotsservice AB,5593753766,Löftets Gränd 86,903 63,Umeå,Umeå,0.6,2025,1,2022,,,Ny kandidat
Startenders Umeå AB,5594160250,Östra Kyrkogatan 71,903 43,Umeå,Umeå,0.6,2024,0,2022,,,Ny kandidat
Milbo AB,5592724560,Tundalsgatan 31,915 31,Robertsfors,Robertsfors,0.6,2025,1,2020,,,Ny kandidat
Generation Rental Aktiebolag,5594746231,Brattby 122,911 92,Vännäs,Vännäs,0.6,2025,0,2024,,,Ny kandidat
Essi Soltani AB,5593203580,Östra Kyrkogatan 59 b,903 43,Umeå,Umeå,0.6,2025,2,2021,,,Ny kandidat
Rhema Consult AB,5569721607,Vallgatan 15,352 35,Växjö,Växjö,0.6,2025,2,2014,,,Ny kandidat
Söråkers El AB,5562570522,Vasagatan 3 d,871 41,Härnösand,Härnösand,0.6,2024,1,1987,,,Ny kandidat
Norrlandskustens Förvaltning AB,5591597983,Kinnekullevägen 35,864 33,Matfors,Sundsvall,0.6,2025,0,2018,,,Ny kandidat
Nils Stefan Vedin AB,5593394587,Jakobsdalsgatan 2 a,854 60,Sundsvall,Sundsvall,0.6,2025,1,2021,,,Ny kandidat
Mek5an AB,5595499103,Tygelvägen 8 f,857 51,Sundsvall,Sundsvall,0.6,2025,6,2025,,,Ny kandidat
Lundqvist Transport & Service AB,5594316647,Uland 425,871 92,Härnösand,Härnösand,0.6,2025,1,2023,,,Ny kandidat
Lithéns Totalentreprenad AB,5592476971,Östanskär 211,855 97,Indal,Sundsvall,0.6,2025,1,2020,,,Ny kandidat
MR Bygg & transport AB,5594336868,"c/o Rasmus Sjölund, Kyrkogatan 18 a",852 32,Sundsvall,Sundsvall,0.6,2023,1,2023,,,Ny kandidat
Klartor est 2018 AB,5591551808,Nyängetsvägen 12,892 32,Domsjö,Örnsköldsvik,0.6,2025,0,2018,,,Ny kandidat
Fränt.se internethandel och logistik AB,5594835422,Kalmarvägen 31,857 30,Sundsvall,Sundsvall,0.6,2026,1,2024,,,Ny kandidat
Bondsjö traktor och uthyrning AB,5594390212,Västra Bondsjögatan 34,871 52,Härnösand,Härnösand,0.6,2025,1,2023,,,Ny kandidat
RSIO AB,5593065989,Nysved 145 Sparrmans Torp,832 94,Orrviken,Östersund,0.6,2025,1,2021,,,Ny kandidat
Mall Aktiebolag,5563308815,Regementsgatan 31 b,831 35,Östersund,Östersund,0.6,2025,1,1988,,,Ny kandidat
Hems & Drive Take of AB,5569198046,Häggnäset 280,833 98,Gäddede,Strömsund,0.6,2025,1,2013,,,Ny kandidat
Engax AB,5593284564,Kyrkgatan 44,831 31,Östersund,Östersund,0.6,2023,1,2021,,,Ny kandidat
Benny Busk i Överberg AB,5594600362,Överberg 306,842 90,Sveg,Härjedalen,0.6,2025,1,2023,,,Ny kandidat
Zellman Nordic AB,5594360041,Långdansen 3,431 69,Mölndal,Mölndal,0.5,2025,1-4,2023,,,Ny kandidat
Vantage Team AB,5594512534,Flygfältsvägen 11,177 45,Järfälla,Järfälla,0.5,2025,1,2023,,,Ny kandidat
The Sales collective Gothenburg AB,5593217382,Lasarettsgatan 9,411 19,Göteborg,Göteborg,0.5,2025,0,2021,,,Ny kandidat
Talenta Consulting AB,5594723545,Slottsbacken 8,111 30,Stockholm,Stockholm,0.5,2025,1,2024,,,Ny kandidat
Tech & Match i Sverige AB,5591781462,Galoppgatan 19,564 33,Bankeryd,Jönköping,0.5,2026,1,2018,,,Ny kandidat
Team Recruitment Sweden AB,5594755513,Brunnsgatan 21 b,111 38,Stockholm,Stockholm,0.5,2025,0,2024,,,Ny kandidat
TH Recruitment AB,5594299967,Carlbergsgatan 5 d,412 66,Göteborg,Göteborg,0.5,2025,1-4,2023,,,Ny kandidat
Sweden Summit Construction AB,5592048283,Österlengatan 20,273 32,Tomelilla,Tomelilla,0.5,2024,0,2019,,,Ny kandidat
Stockholm T AB,5594283672,Svetsarvägen 15,171 41,Solna,Solna,0.5,2023,0,2023,,,Ny kandidat
Slutplattan SIPZO 126495 AB,5594209834,"c/o Bolagsstiftarna AB, Box 12086",402 41,Göteborg,Göteborg,0.5,2025,1,2023,,,Ny kandidat
Schwerin Consulting AB,5593021560,Nämndvägen 4,715 72,Stora Mellösa,Örebro,0.5,2025,1,2021,,,Ny kandidat
SEVRA AB,5595027615,Virkesvägen 5 e,120 78,Stockholm,Stockholm,0.5,2025,1,2024,,,Ny kandidat
SEBKU Service Event Bemanning Konsult & Utbildning AB,5568181654,Box 78,131 07,Nacka,Nacka,0.5,2025,1,2010,,,Ny kandidat
Rutak AB,5569655920,"c/o Regus, Sankt Johannesgatan 2",211 46,Malmö,Malmö,0.5,2024,1,2014,,,Ny kandidat
Rizing AB,5593590556,Hjalmar Strååts Väg 10 a,184 60,Åkersberga,Österåker,0.5,2025,1,2022,,,Ny kandidat
Requritas AB,5595170076,Björkbacksvägen 24,168 69,Bromma,Stockholm,0.5,2025,1,2025,,,Ny kandidat
Rekrytering Stockholm Byrå AB,5569699886,Arenavägen 41,121 77,Johanneshov,Stockholm,0.5,2025,0,2014,,,Ny kandidat
Ray Vesterinen Invest Aktiebolag,5590032420,Slottskogsleden 30,746 96,Skokloster,Håbo,0.5,2022,1,2015,,,Ny kandidat
RG kontorsvaror AB,5566654728,Vretensborgsvägen 28 8tr,126 30,Hägersten,Stockholm,0.5,2025,0,2004,,,Ny kandidat
R.S solutions AB,5594645938,Ektorpsgatan 42,603 74,Norrköping,Norrköping,0.5,2025,1,2023,,,Ny kandidat
PoleonGroup AB,5590323555,Örnstigen 14,183 50,Täby,Täby,0.5,2025,1,2015,,,Ny kandidat
Pin Rekrytering Sverige AB,5594816968,"c/o OGI Group AB, Hamngatan 6",721 30,Västerås,Västerås,0.5,2024,1,2024,,,Ny kandidat
People360 AS AB,5591031637,Sveavägen 34,111 34,Stockholm,Stockholm,0.5,2025,1,2017,,,Ny kandidat
Navina Rekrytering och ChefsPartner AB,5568017163,Åby 206,740 48,Östervåla,Heby,0.5,2025,1,2010,,,Ny kandidat
NEXTEP AB,5590673314,Gunviken 33,436 58,Hovås,Göteborg,0.5,2025,1,2016,,,Ny kandidat
Minaya Strömgren AB,5594084641,Astrakangatan 9,234 37,Lomma,Lomma,0.5,2025,1,2022,,,Ny kandidat
Medmate AB,5566532510,Västra Dragsnäsvägen 36,372 90,Ronneby,Ronneby,0.5,2025,0,2003,,,Ny kandidat
Matcha Mera I Göteborg AB,5590319793,Odengatan 24 c,521 46,Falköping,Falköping,0.5,2025,0,2015,,,Ny kandidat
MPE Executive Search AB,5590258223,Korsgatan 3,411 16,Göteborg,Göteborg,0.5,2025,1,2015,,,Ny kandidat
Löflings Kapitalförvaltning AB,5569519290,Glimmergatan 13,733 35,Sala,Sala,0.5,2025,2,2013,,,Ny kandidat
JobMetz AB,5590419411,Sergeantgränd 10,177 34,Järfälla,Järfälla,0.5,2025,1,2015,,,Ny kandidat
JL TalentHub AB,5595303115,Tre Hjärtans Väg 2,302 41,Halmstad,Halmstad,0.5,2025,2,2025,,,Ny kandidat
ILMRESURS AB,5592439961,Stadiongatan 49,217 62,Malmö,Malmö,0.5,2024,0,2020,,,Ny kandidat
ICONICLI Aktiebolag,5591511687,Sågargatan 10 b Lgh 1401,753 18,Uppsala,Uppsala,0.5,2024,1,2018,,,Ny kandidat
Hyrkraft i Göteborg AB,5591090179,"c/o Advokatfirman Wåhlin AB, Östra Hamngatan 5",411 10,Göteborg,Göteborg,0.5,2020,0,2017,,,Ny kandidat
Hittalast Sverige AB,5594911702,Koppargatan 3,602 23,Norrköping,Norrköping,0.5,2025,1,2024,,,Ny kandidat
Happyr AB,5569715963,"c/o Aike Media (Syncro Group), Sveavägen 52",111 34,Stockholm,Stockholm,0.5,2024,1,2014,,,Ny kandidat
G Berg Konsult AB,5568045180,Högvretsvägen 1,194 92,Upplands Väsby,Upplands Väsby,0.5,2025,0,2010,,,Ny kandidat
Event & Media Production i Stockholm Sweden AB,5566369673,Kvarntorpsgränd 3,124 73,Bandhagen,Stockholm,0.5,2025,0,2002,,,Ny kandidat
Ejnarsdotter HR AB,5594358789,Brahegatan 4,114 37,Stockholm,Stockholm,0.5,2025,0,2023,,,Ny kandidat
Easylife Sweden AB,5592421530,Videgatan 12 b,582 49,Linköping,Linköping,0.5,2025,1-4,2020,,,Ny kandidat
EMERÉN HOLDING AB,5567967129,Sturegatan 50,702 14,Örebro,Örebro,0.5,2025,1-4,2009,,,Ny kandidat
EMA Partners Sweden AB,5569407983,Klarabergsviadukten 70,111 64,Stockholm,Stockholm,0.5,2025,0,2013,,,Ny kandidat
Driv & Kompetens Sverige AB,5594153800,Handkvarnsgränd 4,175 42,Järfälla,Järfälla,0.5,2025,1,2022,,,Ny kandidat
Conpar AB,5568720287,Höglidsvägen 11 b,182 47,Enebyberg,Danderyd,0.5,2024,1,2011,,,Ny kandidat
Cecilias Städ & Konsult AB,5567688618,"c/o Cecilia Salomonsson, Tågagatan 16",252 22,Helsingborg,Helsingborg,0.5,2025,2,2008,,,Ny kandidat
Burnt Out Punks AB,5567711865,Rotemannavägen 10,145 57,Norsborg,Botkyrka,0.5,2025,0,2008,,,Ny kandidat
Beecon AB,5591011795,Mellanvångsvägen 12 a,223 55,Lund,Lund,0.5,2025,1,2017,,,Ny kandidat
Arebos konsult AB,5595003699,Badvägen 8 f,191 33,Sollentuna,Sollentuna,0.5,2025,1,2024,,,Ny kandidat
Arbetsmatchen Sverige AB,5594317165,Karljohanvägen 23,748 40,Örbyhus,Tierp,0.5,2025,0,2023,,,Ny kandidat
Ambassadör Mäklare AB,5592720949,Biblioteksgatan 29,114 35,Stockholm,Stockholm,0.5,2024,8,2020,,,Ny kandidat
Access & HR Dynamics AB,5593978868,Lavettvägen 8,226 49,Lund,Lund,0.5,2025,0,2022,,,Ny kandidat
AG Professional Services AB,5594571902,Tollare Kaj 6,132 49,Saltsjö-Boo,Nacka,0.5,2025,0,2023,,,Ny kandidat
A&M Facesso AB,5567830004,Plantagegatan 11 5tr,413 05,Göteborg,Göteborg,0.5,2025,1,2009,,,Ny kandidat
Stockholms Hotellbemanning AB,5592534555,Piruettvägen 5 Lgh 1001,129 49,Hägersten,Stockholm,0.5,2025,0,2020,,,Ny kandidat
SWEproof Maritime Management AB,5566637418,Drottningholmsvägen 21,112 42,Stockholm,Stockholm,0.5,2025,1,2004,,,Ny kandidat
S-T Hudklinik AB,5594277328,Åstorpsringen 6,121 31,Enskededalen,Stockholm,0.5,2025,0,2023,,,Ny kandidat
Roshy care stockholm AB,5592440126,Mariehällsvägen 6,168 66,Bromma,Stockholm,0.5,2025,1,2020,,,Ny kandidat
Prima Autolack Aktiebolag,5563081347,Jämtlandsgatan 153,162 60,Vällingby,Stockholm,0.5,2025,1,1987,,,Ny kandidat
Pars Logistic AB,5594433327,Björnsonsgatan 58,168 43,Bromma,Stockholm,0.5,2025,1,2023,,,Ny kandidat
NT Partners AB,5594701467,Älvsåkersgränd 45,125 72,Älvsjö,Stockholm,0.5,2025,1-4,2024,,,Ny kandidat
Mattias Johansson Konsult AB,5568936784,Suddagummans Gata 13,168 72,Bromma,Stockholm,0.5,2025,1,2012,,,Ny kandidat
Malicare AB,5593187734,Hidinge Backe 9 Lgh 1303,163 65,Spånga,Stockholm,0.5,2025,1,2021,,,Ny kandidat
MYR-RAD AB,5592906332,Norra Stationsgatan 62 a,113 67,Stockholm,Stockholm,0.5,2026,1,2020,,,Ny kandidat
MR Travel and Event AB,5593823312,Blekingegatan 40 b,116 62,Stockholm,Stockholm,0.5,2025,1,2022,,,Ny kandidat
Life-Link AB,5592569387,Hanstavägen 90,164 55,Kista,Stockholm,0.5,2025,0,2020,,,Ny kandidat
Kinli Solutions AB,5593821092,Kivra: 559382-1092,106 31,Stockholm,Stockholm,0.5,2025,1,2022,,,Ny kandidat
Honung och guld - Mat och dryck AB,5590670161,Oxelbärsgränd 58,165 72,Hässelby,Stockholm,0.5,2025,1,2016,,,Ny kandidat
GS Rådig AB,5591913768,Wittstocksgatan 30,115 27,Stockholm,Stockholm,0.5,2025,1,2019,,,Ny kandidat
Ekens Nova Konsult AB,5594051079,Gondolgatan 3,128 32,Skarpnäck,Stockholm,0.5,2025,0,2022,,,Ny kandidat
Carcil Aktiebolag,5562827518,Selmedalsvägen 222 a,129 41,Hägersten,Stockholm,0.5,2025,0,1986,,,Ny kandidat
VFM Konsulter AB,5593436230,Orrstigen 3,144 44,Rönninge,Salem,0.5,2025,0,2021,,,Ny kandidat
Tutela Security AB,5594961186,Höjdvägen 3 d,132 42,Saltsjö-Boo,Nacka,0.5,2025,1,2024,,,Ny kandidat
Treffenberg Consulting AB,5592802762,Götavägen 22,182 61,Djursholm,Danderyd,0.5,2025,1-4,2020,,,Ny kandidat
Tomaso Resurs AB,5590939673,Wiboms Väg 13 Lgh 1602,171 60,Solna,Solna,0.5,2025,0,2016,,,Ny kandidat
TAT Medical AB,5568454903,Ladugårdsvägen 1,187 31,Täby,Täby,0.5,2024,1,2011,,,Ny kandidat
SuMo AB,5595222513,Galgbacken 3,176 77,Järfälla,Järfälla,0.5,2025,2,2025,,,Ny kandidat
Skapa Room Socionomkonsult AB,5590917810,Gustav Iii:S Boulevard 23 Lgh 15,169 72,Solna,Solna,0.5,2025,1,2016,,,Ny kandidat
Rivkraft Sverige AB,5595199414,Fotbollsvägen 6,151 59,Södertälje,Södertälje,0.5,2025,1,2025,,,Ny kandidat
PSF i Sollentuna AB,5592340177,Sjöängsvägen 11,192 72,Sollentuna,Sollentuna,0.5,2025,1,2019,,,Ny kandidat
Moemoney AB,5594556085,Österlisa 144,761 93,Norrtälje,Norrtälje,0.5,2025,0,2023,,,Ny kandidat
MediCare Connect AB,5590942636,Sickla Industriväg 3,131 54,Nacka,Nacka,0.5,2025,1,2016,,,Ny kandidat
Lebere Services AB,5594587882,Agnevägen 6,182 61,Djursholm,Danderyd,0.5,2025,1,2023,,,Ny kandidat
Kece consulting AB,5594871518,Stensnäsvägen 21,184 63,Åkersberga,Österåker,0.5,2025,1,2024,,,Ny kandidat
Kifah Personal och Bemanning AB,5594338393,Markörgatan 10,136 44,Handen,Haninge,0.5,2024,5-9,2023,,,Ny kandidat
JSR vårdkonsult AB,5594525106,Mörtgatan 16 Lgh 1402,133 43,Saltsjöbaden,Nacka,0.5,2025,1-4,2023,,,Ny kandidat
General Top Tech AB,5590682554,Kaplanvägen 17,194 43,Upplands Väsby,Upplands Väsby,0.5,2024,0,2016,,,Ny kandidat
Fayer Event AB,5590286398,Skattbondevägen 8,194 54,Upplands Väsby,Upplands Väsby,0.5,2025,1,2015,,,Ny kandidat
Edbu AB,5595380998,Skarpbrunnavägen 201,145 67,Norsborg,Botkyrka,0.5,2025,1,2025,,,Ny kandidat
Din Kollega AB,5563116903,"c/o Anneli Wermstedt, Backluravägen 28",149 43,Nynäshamn,Nynäshamn,0.5,2025,1,1987,,,Ny kandidat
Anikina Konsult AB,5591129506,Lavendelvägen 11,135 54,Tyresö,Tyresö,0.5,2025,0,2017,,,Ny kandidat
Acctus Audentes AB,5591238497,Bergshamravägen 92,761 11,Bergshamra,Norrtälje,0.5,2025,1,2017,,,Ny kandidat
Trimming Group AB,5594050139,Hattmakaregatan 11,451 44,Uddevalla,Uddevalla,0.5,2025,1,2022,,,Ny kandidat
S-Vital AB,5590699970,Budalsvägen 119,471 95,Skärhamn,Tjörn,0.5,2025,1,2016,,,Ny kandidat
NIKPAT Förvaltning AB,5592285679,Bräckan 470,462 91,Vänersborg,Vänersborg,0.5,2025,2,2019,,,Ny kandidat
Munkedals Alltjänst AB,5594099581,Ägirvägen 38,455 30,Munkedal,Munkedal,0.5,2025,2,2022,,,Ny kandidat
MFJ Holding AB,5569427205,Sjuhäradsgatan 7,441 51,Alingsås,Alingsås,0.5,2025,1,2013,,,Ny kandidat
Liten Karin AB,5590318704,Haga Nygata 25 a,413 01,Göteborg,Göteborg,0.5,2026,1,2015,,,Ny kandidat
Jobtime Sverige AB,5592476070,Kyrkogatan 23,462 33,Vänersborg,Vänersborg,0.5,2025,0,2020,,,Ny kandidat
Jasm AB,5594885328,Östra Midvintersgatan 12,415 42,Göteborg,Göteborg,0.5,2025,1-4,2024,,,Ny kandidat
IFS Facility Services AB,5595240994,Stenkolsgatan 1 a,417 07,Göteborg,Göteborg,0.5,2025,1,2025,,,Ny kandidat
HT Läkarbemanning AB,5593061533,Eklanda Byväg 12,431 59,Mölndal,Mölndal,0.5,2025,2,2021,,,Ny kandidat
HISINGENS ALLTJÄNST AB,5592256316,Lammelyckan 11 c,418 75,Göteborg,Göteborg,0.5,2025,1,2019,,,Ny kandidat
Eftagon affärsbyrå AB,5565243606,Odinsgatan 21 Lgh 1502,411 03,Göteborg,Göteborg,0.5,2025,1,1995,,,Ny kandidat
DK Medcare AB,5595259820,Nolehultsvägen 3,417 43,Göteborg,Göteborg,0.5,2025,1,2025,,,Ny kandidat
CURA Vårdbemanning Sverige AB,5594556457,Östra Köpmansgatan 26,444 30,Stenungsund,Stenungsund,0.5,2025,1,2023,,,Ny kandidat
Arvidssons Mekaniska AB,5592972425,Hjärterövägen 8,471 33,Skärhamn,Tjörn,0.5,2025,1,2021,,,Ny kandidat
Antens Alltjänst AB,5591012439,Fläderstigen 4,544 92,Hjo,Hjo,0.5,2025,1,2017,,,Ny kandidat
"Aktiebolaget Bert, Bar & Bit",5594959990,Ebbe Lieberathsgatan 16 c,412 84,Göteborg,Göteborg,0.5,2025,1,2024,,,Ny kandidat
2R & F Ortho Medical AB,5591639330,Höjdlyckevägen 1,444 55,Stenungsund,Stenungsund,0.5,2025,2,2018,,,Ny kandidat
Viklund Bemanning AB,5593431413,Oktobervägen 2,245 64,Hjärup,Staffanstorp,0.5,2025,1,2021,,,Ny kandidat
Vexlog AB,5594392721,Porfyrgatan 12,254 68,Helsingborg,Helsingborg,0.5,2025,0,2023,,,Ny kandidat
Star Solfilm & Bildekor AB,5593519043,Stengärdesgatan 3,254 74,Ödåkra,Helsingborg,0.5,2025,1,2021,,,Ny kandidat
Rider AB,5594184599,Stridsvagnsvägen 14,291 39,Kristianstad,Kristianstad,0.5,2025,1,2023,,,Ny kandidat
PonsCare Aktiebolag,5591615207,Månvägen 20 f,291 70,Kristianstad,Kristianstad,0.5,2025,1,2018,,,Ny kandidat
OreStream AB,5568872302,Linnévägen 1 b,232 52,Åkarp,Burlöv,0.5,2025,1,2012,,,Ny kandidat
Nordisk Vårdinsats AB,5590697776,Box 192,201 21,Malmö,Malmö,0.5,2024,0,2016,,,Ny kandidat
MRC VÄST AB,5590066758,Hyllie Boulevard 2 h,216 25,Malmö,Malmö,0.5,2025,1,2015,,,Ny kandidat
Malmo Rent & Service AB,5594169665,Per Albin Hanssons Väg 16,214 32,Malmö,Malmö,0.5,2025,0,2023,,,Ny kandidat
LÖNNHÄSSLEGÅRDEN AB,5569597478,Lönnhässlevägen 181,266 91,Össjö,Ängelholm,0.5,2024,0,2014,,,Ny kandidat
Lindkvist rekryterings AB,5590175377,Östra Ljungby 4308,264 71,Östra Ljungby,Klippan,0.5,2025,1,2015,,,Ny kandidat
Hälsoevolution Sverige AB,5593672107,Släggvägen 12,232 51,Åkarp,Burlöv,0.5,2025,1,2022,,,Ny kandidat
Gigtec Syd AB,5591441042,Flöjtvägen 28,224 68,Lund,Lund,0.5,2025,1,2018,,,Ny kandidat
Falkenbergskonsulterna AB,5593098048,Kvarngårdsvägen 144,216 23,Malmö,Malmö,0.5,2025,1,2021,,,Ny kandidat
Dalagård Lantbruks AB,5594801481,Bollsbackavägen 6,276 56,Hammenhög,Simrishamn,0.5,2025,1,2024,,,Ny kandidat
D.P Lots AB,5594302035,Infanterigatan 7 d,264 51,Ljungbyhed,Klippan,0.5,2025,1,2023,,,Ny kandidat
CS Medhjälp AB,5591447403,Regementsgatan 52 a 2901,217 48,Malmö,Malmö,0.5,2025,1,2018,,,Ny kandidat
AB Rosario Equity,5592955248,Södergatan 19,211 34,Malmö,Malmö,0.5,2025,0,2021,,,Ny kandidat
Överstad Allservice AB,5590136304,Överstad Källgård 1,585 62,Linghem,Linköping,0.5,2025,1,2015,,,Ny kandidat
Östernorrgårds AB,5592793219,Ullevi Öster Norrgård,596 93,Skänninge,Mjölby,0.5,2025,1,2020,,,Ny kandidat
Urban Malm Art AB,5590352778,Eldtornsvägen 4,589 61,Sturefors,Linköping,0.5,2025,1,2015,,,Ny kandidat
HagaBuss AB,5561022319,Myrstigen 1,587 31,Linköping,Linköping,0.5,2025,1,1966,,,Ny kandidat
Björks Rent a Man AB,5566846464,Borggatan 2,596 33,Skänninge,Mjölby,0.5,2025,0,2005,,,Ny kandidat
Sylve MedKonsult AB,5593737694,Eksätravägen 55,756 55,Uppsala,Uppsala,0.5,2025,1,2022,,,Ny kandidat
Nordic Bioenergi AB,5594063629,Dimgatan 21 Lgh 1202,754 31,Uppsala,Uppsala,0.5,2025,0,2022,,,Ny kandidat
Foveam AB,5593648081,Kungsgatan 93 c,753 18,Uppsala,Uppsala,0.5,2025,1,2022,,,Ny kandidat
Bårskär Lantreprenad AB,5594123902,Härkeberga Bårskär 6,745 96,Enköping,Enköping,0.5,2025,1,2022,,,Ny kandidat
AL Montage & Alltjänst AB,5595358606,Upplanda 115,748 94,Örbyhus,Tierp,0.5,2025,4,2025,,,Ny kandidat
Egons Bil & Mek AB,5594339136,Nissanvägen 7,562 40,Taberg,Jönköping,0.5,2025,1,2023,,,Ny kandidat
Örfelths ELT AB,5595429092,Torggatan 28 a,578 32,Aneby,Aneby,0.5,2025,1-4,2025,,,Ny kandidat
RxPharma AB,5594462201,Hagagatan 1 a,566 32,Habo,Habo,0.5,2025,0,2023,,,Ny kandidat
Rapallo AB,5592468002,Skärvövägen 1,571 73,Stensjön,Nässjö,0.5,2025,0,2020,,,Ny kandidat
Mätteknik i Bredaryd AB,5593837296,Havrida Skattegård 2,333 74,Bredaryd,Värnamo,0.5,2025,1,2022,,,Ny kandidat
Konbema AB,5591326300,Lyckebovägen 9,566 91,Habo,Habo,0.5,2025,1,2017,,,Ny kandidat
JOBA AB,5591162051,Bondstorp Någorlunda 4,562 91,Månsarp,Vaggeryd,0.5,2025,0,2017,,,Ny kandidat
Franca Bemanning AB,5592209356,Gjuterigatan 8,575 36,Eksjö,Eksjö,0.5,2023,0,2019,,,Ny kandidat
Bors schakt och handel AB,5561898080,Vikavägen 9,331 73,Bor,Värnamo,0.5,2025,0,1975,,,Ny kandidat
Torell & Frisk Healthcare AB,5566883327,Östra Kyviksvägen 28,429 30,Kullavik,Kungsbacka,0.5,2025,1,2005,,,Ny kandidat
Hjärtared 1 AB,5569428500,Hjärtared 205,311 62,Ullared,Falkenberg,0.5,2024,0,2013,,,Ny kandidat
Bud Och Bemanning I Örebro AB,5594428657,Fodervägen 1,703 75,Örebro,Örebro,0.5,2024,1,2023,,,Ny kandidat
ST Personal & Administration AB,5568538929,Sofiavägen 5,691 54,Karlskoga,Karlskoga,0.5,2025,0,2011,,,Ny kandidat
Racham AB,5594753369,Timotejgatan 11,692 71,Kumla,Kumla,0.5,2025,1-4,2024,,,Ny kandidat
H95 Entreprenad AB,5590185731,Inspelsgatan 34,719 93,Vintrosa,Lekeberg,0.5,2025,1,2015,,,Ny kandidat
KGA Industrisupport AB,5591549653,Äspenäs 501,691 93,Karlskoga,Karlskoga,0.5,2025,1,2018,,,Ny kandidat
Bonnatösens Mackor AB,5594932344,Prästgatan 27,713 31,Nora,Nora,0.5,2025,0,2024,,,Ny kandidat
Nyströms Chaufförstjänst AB,5594468943,Björkövägen 14,641 61,Valla,Katrineholm,0.5,2025,1,2023,,,Ny kandidat
Yggip Holding AB,5593537417,Vallhedsgatan 13,784 72,Borlänge,Borlänge,0.5,2024,1,2021,,,Ny kandidat
MJH Service AB,5592768161,Strandellvägen 36,794 34,Orsa,Orsa,0.5,2025,1,2020,,,Ny kandidat
J Belin Invest AB,5590117239,Järngatan 2,774 30,Avesta,Avesta,0.5,2025,1,2015,,,Ny kandidat
GOS Industries AB,5593310443,Vallmansgatan 6,791 31,Falun,Falun,0.5,2025,1,2021,,,Ny kandidat
Diceart AB,5594242785,Grönlandsvägen 9,782 31,Malung,Malung-Sälen,0.5,2025,1,2023,,,Ny kandidat
Dala Kompetens AB,5590763701,Åhmans Väg 16,777 51,Smedjebacken,Smedjebacken,0.5,2025,1,2016,,,Ny kandidat
Aktiebolaget ZEUS & PRIAPUS,5593074437,Hansesgattu 23,785 60,Djurås,Gagnef,0.5,2025,0,2021,,,Ny kandidat
98 Bemanning AB,5594193871,Folkaregatan 42,775 70,Krylbo,Avesta,0.5,2025,0,2023,,,Ny kandidat
Viks Garageservice AB,5591004295,Vik 112,824 91,Hudiksvall,Hudiksvall,0.5,2025,1,2017,,,Ny kandidat
R Ivarsson Invest AB,5592525686,Nyrénsvägen 12,828 30,Edsbyn,Ovanåker,0.5,2025,1,2020,,,Ny kandidat
DS Invest Group Bemanning AB,5594400789,Bråtvägen 63,667 31,Forshaga,Forshaga,0.5,2025,4,2023,,,Ny kandidat
WILBUR Invest AB,5567429880,Bergsvägen 3,735 33,Surahammar,Surahammar,0.5,2024,0,2007,,,Ny kandidat
Medicus PersonalPool AB,5590998562,Västermovägen 12 b Lgh 1202,732 49,Arboga,Arboga,0.5,2025,1-4,2017,,,Ny kandidat
Davids Maskin och Transport AB,5595003376,Kapellgatan 4 c,735 31,Surahammar,Surahammar,0.5,2025,1,2024,,,Ny kandidat
A-A Bemanning i Västerås AB,5592657562,Friledningsgatan 10,721 27,Västerås,Västerås,0.5,2025,0,2020,,,Ny kandidat
VR Plusredovisning i Norrbotten AB,5592442809,Hyggesvägen 6,955 32,Råneå,Luleå,0.5,2025,2,2020,,,Ny kandidat
Solution Models House Group AB,5569793994,Kronvägen 16,957 31,Övertorneå,Övertorneå,0.5,2025,0,2014,,,Ny kandidat
Pelle's Garage & Maskin AB,5592518715,Lärarvägen 8,955 31,Råneå,Luleå,0.5,2025,1,2020,,,Ny kandidat
PELINDA AB,5590880851,Röddingsvägen 49,944 94,Jävrebyn,Piteå,0.5,2025,0,2016,,,Ny kandidat
Norrabyns Mekteknik AB,5594469164,Åkerstigen 5,942 34,Älvsbyn,Älvsbyn,0.5,2025,1-4,2023,,,Ny kandidat
Mfem AB,5595282863,Omvägen 13,953 33,Haparanda,Haparanda,0.5,2025,1,2025,,,Ny kandidat
Lillvargen AB,5590917364,Fänriksgatan 19 a,941 43,Piteå,Piteå,0.5,2025,0,2016,,,Ny kandidat
Hssons Mek och Svets AB,5594002726,Alggränd 2 a,982 37,Gällivare,Gällivare,0.5,2025,1,2022,,,Ny kandidat
FMF Fredrikssons Mark & Förartjänst AB,5592204878,Hällan 28,942 92,Älvsbyn,Älvsbyn,0.5,2025,1,2019,,,Ny kandidat
Viktors Maskintjänst AB,5595275354,Myntgatan 5 k,931 48,Skellefteå,Skellefteå,0.5,2025,1,2025,,,Ny kandidat
Suorssá Sense AB,5590611579,Östanåvägen 16,924 31,Sorsele,Sorsele,0.5,2025,1,2016,,,Ny kandidat
Norberg & Söner AB,5569973281,Blå Vägen 63,923 41,Stensele,Storuman,0.5,2025,1,2014,,,Ny kandidat
Lotta Consulting AB,5592229982,Öbackavägen 3,903 33,Umeå,Umeå,0.5,2025,1,2019,,,Ny kandidat
Jungehalls fix AB,5569929283,Västerviksvägen 11,923 42,Gunnarn,Storuman,0.5,2025,1,2014,,,Ny kandidat
KAS Resurs AB,5594655234,Ringvägen 21,923 42,Gunnarn,Storuman,0.5,2025,1,2023,,,Ny kandidat
JH Mek & Maskin AB,5593158891,Sarsjöliden 40,922 93,Vindeln,Vindeln,0.5,2025,1,2021,,,Ny kandidat
VGI AB,5592715873,Snickarvägen 6,387 92,Borgholm,Borgholm,0.5,2025,1,2020,,,Ny kandidat
Medigitus AB,5591238489,Råamåla 104,361 95,Långasjö,Emmaboda,0.5,2025,1,2017,,,Ny kandidat
InaCus AB,5594981465,Strandlinjen 15,593 44,Västervik,Västervik,0.5,2025,1,2024,,,Ny kandidat
Löwenthal Holding AB,5567720171,Skidsvängen 108,352 49,Växjö,Växjö,0.5,2025,1,2008,,,Ny kandidat
SUPERNIO AB,5593507642,Lärarvägen 3,895 30,Bredbyn,Örnsköldsvik,0.5,2024,0,2021,,,Ny kandidat
Hälsan i fokus Sölvesborg AB,5594253212,Valjeallén 2,294 77,Sölvesborg,Sölvesborg,0.5,2025,1,2023,,,Ny kandidat
GoCrew Service AB,5594300468,Brostugevägen 3,293 42,Olofström,Olofström,0.5,2025,0,2023,,,Ny kandidat
Örjan Bergander AB,5594181777,Köpmangatan 43,831 30,Östersund,Östersund,0.5,2025,1,2023,,,Ny kandidat
Sjukgymnastiken ANWI Aktiebolag,5562926443,Skärvången 251,835 63,Föllinge,Krokom,0.5,2025,1,1987,,,Ny kandidat
Patrongården i Värmon AB,5564180320,Värmon 314,835 39,Nälden,Krokom,0.5,2024,1,1991,,,Ny kandidat
DEKÅ AB,5591480719,Sandnäset 741,845 61,Svenstavik,Berg,0.5,2025,1,2018,,,Ny kandidat
hzor AB,5595080747,Vårväderstorget 4,418 31,Göteborg,Göteborg,0.4,2025,1-4,2024,,,Ny kandidat
Widely AB,5595066837,Styrmansgatan 18,114 54,Stockholm,Stockholm,0.4,2025,1,2024,,,Ny kandidat
We Agree AB,5590322847,Box 504,136 25,Haninge,Haninge,0.4,2025,1,2015,,,Ny kandidat
Thurneco AB,5594228255,Drottningholmsvägen 8,112 42,Stockholm,Stockholm,0.4,2025,1,2023,,,Ny kandidat
The Tomorrow Job AB,5593061491,Västra Rönneholmsvägen 72 Lgh 1002,217 41,Malmö,Malmö,0.4,2025,0,2021,,,Ny kandidat
The Hub AB,5594416520,Lillhagens Sandlycka 4 a,422 56,Hisings Backa,Göteborg,0.4,2025,1,2023,,,Ny kandidat
TakeReference AB,5569072001,Kungsgatan 9,111 43,Stockholm,Stockholm,0.4,2024,1,2012,,,Ny kandidat
TREAT TALENT AB,5592898836,Schlytersvägen 43,126 50,Hägersten,Stockholm,0.4,2025,1,2020,,,Ny kandidat
SwipeEazy AB,5593540163,Vasagatan 54,400 16,Göteborg,Göteborg,0.4,2025,3,2021,,,Ny kandidat
Svewi Invest AB,5594740184,"c/o Citadellet Likvidationer AB (16060), Strandgatan 7",185 32,Vaxholm,Vaxholm,0.4,2025,1,2024,,,Ny kandidat
Svea Arbetskraft AB,5592789068,Sollentunavägen 67 a,191 40,Sollentuna,Sollentuna,0.4,2025,2,2020,,,Ny kandidat
Sveamarket AB,5591831887,Viggengatan 5,177 55,Järfälla,Järfälla,0.4,2025,1,2018,,,Ny kandidat
Susanne Waering Consulting AB,5594735846,Källängsvägen 8,181 48,Lidingö,Lidingö,0.4,2025,1,2024,,,Ny kandidat
Stockholm RS AB,5569685661,Karlavägen 53 Box 10076,115 26,Stockholm,Stockholm,0.4,2025,2,2014,,,Ny kandidat
Stockholm HLR och Hälsa AB,5591676316,Hökens Gata 1,116 46,Stockholm,Stockholm,0.4,2025,1,2018,,,Ny kandidat
Stabbe & Hogge casting AB,5590355250,Bondegatan 34,116 32,Stockholm,Stockholm,0.4,2025,2,2015,,,Ny kandidat
Sami Care AB,5569105405,Stormbyvägen 2,163 55,Spånga,Stockholm,0.4,2024,0,2012,,,Ny kandidat
Sajna i Norrtelje AB,5569243339,Stora Brogatan 8,761 30,Norrtälje,Norrtälje,0.4,2025,1,2013,,,Ny kandidat
RustaMatcha Sverige AB,5594462359,Vasagatan 20 a,722 15,Västerås,Västerås,0.4,2025,1-4,2023,,,Ny kandidat
Rumber AB,5593630691,Västansjö 32,781 91,Borlänge,Borlänge,0.4,2025,0,2022,,,Ny kandidat
Restauteket Bemanning och Catering AB,5593855926,Storholmsbackarna 74,127 43,Skärholmen,Stockholm,0.4,2024,0,2022,,,Ny kandidat
ResourceWell AB,5567688931,Magnus Ladulåsgatan 29 Lgh 1404,118 65,Stockholm,Stockholm,0.4,2025,1,2008,,,Ny kandidat
Produktivitetsinstitutet AB,5594148727,Vallmogatan 17,233 37,Svedala,Svedala,0.4,2025,1,2022,,,Ny kandidat
PrimeKeep AB,5595260851,Industrivägen 19,171 48,Solna,Solna,0.4,2025,1,2025,,,Ny kandidat
Plain Consulting AB,5566002001,Buddes Gränd 4,131 60,Nacka,Nacka,0.4,2025,1,2000,,,Ny kandidat
Personalstruktur i Stockholm AB,5564839966,Augustendalsvägen 7,131 52,Nacka Strand,Nacka,0.4,2025,1,1994,,,Ny kandidat
Part Venue AB,5593559072,Malmövägen 38,239 34,Skanör,Vellinge,0.4,2025,1,2021,,,Ny kandidat
Orivo AB,5594620725,Jenny Linds Gata 15,129 52,Hägersten,Stockholm,0.4,2025,0,2023,,,Ny kandidat
NextWork Sweden AB,5594868993,Odalvägen 5,302 51,Halmstad,Halmstad,0.4,2025,1,2024,,,Ny kandidat
Multitude Search i Stockholm AB,5566495049,Regeringsgatan 66 2tr,111 39,Stockholm,Stockholm,0.4,2025,1,2003,,,Ny kandidat
Movement Research & Consulting Nordic Select AB,5566959168,Sveavägen 17 13tr,111 57,Stockholm,Stockholm,0.4,2025,1,2006,,,Ny kandidat
Mobily Sverige AB,5591827752,Turevägen 2,191 47,Sollentuna,Sollentuna,0.4,2024,1,2018,,,Ny kandidat
Memory Makers AB,5593903676,Kilgränd 1,743 61,Björklinge,Uppsala,0.4,2025,0,2022,,,Ny kandidat
MRC Bemanning AB,5593762742,Vasagatan 12,111 20,Stockholm,Stockholm,0.4,2025,0,2022,,,Ny kandidat
Lokalvärd AB,5591808109,Sjöhällsstigen 26,165 71,Hässelby,Stockholm,0.4,2024,0,2018,,,Ny kandidat
KompetensKompassen AB,5592399934,Ålgrytevägen 196,127 30,Skärholmen,Stockholm,0.4,2025,1,2020,,,Ny kandidat
Kevins Allround Bemanning Aktiebolag,5568253784,Hägerstensvägen 235 d Lgh:1001,129 35,Hägersten,Stockholm,0.4,2025,2,2010,,,Ny kandidat
KarriärKoppling AB,5595151597,Drottninggatan 13,602 24,Norrköping,Norrköping,0.4,2025,1-4,2025,,,Ny kandidat
Karriär&Matchning 24 AB,5594945452,Rinkebytorget 8,163 73,Spånga,Stockholm,0.4,2025,1-4,2024,,,Ny kandidat
HCS Music Productions AB,5566437991,Birger Jarlsgatan 2 2,114 34,Stockholm,Stockholm,0.4,2025,0,2003,,,Ny kandidat
Gottfridsson Design AB,5591289680,Tappers Väg 37,234 34,Lomma,Lomma,0.4,2025,1,2017,,,Ny kandidat
GV Stars Bemanning Vänersborg AB,5593789158,Vassbottengatan 14,462 38,Vänersborg,Vänersborg,0.4,2025,1,2022,,,Ny kandidat
Förartjänst Jobbförmedling Sverige AB,5592552680,Torggatan 6,282 31,Tyringe,Hässleholm,0.4,2025,0,2020,,,Ny kandidat
Exptners AB,5594309501,Quick Office Köpsvängen 10,168 67,Bromma,Stockholm,0.4,2025,1,2023,,,Ny kandidat
Ermell HR Consulting AB,5593573255,Vikingagatan 1,113 42,Stockholm,Stockholm,0.4,2025,1,2021,,,Ny kandidat
Emil-Henrik Invest och Konsulting AB,5568309701,Frodevägen 2,133 38,Saltsjöbaden,Nacka,0.4,2025,1,2010,,,Ny kandidat
Eisum AB,5595356386,Regeringsgatan 65,111 56,Stockholm,Stockholm,0.4,2025,1,2025,,,Ny kandidat
EkonoMente Solutions AB,5594497793,"c/o Advokatfirman Fylgia KB, Box 55555",102 04,Stockholm,Stockholm,0.4,2024,1,2023,,,Ny kandidat
Diplomatic Consulting HEB AB,5568116650,Östersjögatan 2 b,252 71,Råå,Helsingborg,0.4,2025,1,2010,,,Ny kandidat
Cool Staffing Sweden AB,5591753040,Vårdkaseberg 44,434 98,Kungsbacka,Kungsbacka,0.4,2025,1,2018,,,Ny kandidat
Complete Partner Norrköping AB,5561167585,Videvägen 11,602 13,Norrköping,Norrköping,0.4,2025,1,1968,,,Ny kandidat
Chocron Interim AB,5594734948,Eklandagatan 9,412 55,Göteborg,Göteborg,0.4,2025,1,2024,,,Ny kandidat
Chance2Work Sweden AB,5594176389,Box 63,291 21,Kristianstad,Kristianstad,0.4,2024,1,2023,,,Ny kandidat
CERAMO AB,5591315824,Näsbydalsvägen 13 1 Tr,183 31,Täby,Täby,0.4,2025,1,2017,,,Ny kandidat
CAREer Katie Pettersson Consulting AB,5592141773,Erik Rödes Gata 7,253 62,Helsingborg,Helsingborg,0.4,2025,1,2019,,,Ny kandidat
CAL Consulting AB,5590059068,Brigadörsvägen 11 a,187 63,Täby,Täby,0.4,2025,1,2015,,,Ny kandidat
Bridge Four AB,5594551540,Bondegatan 58,116 33,Stockholm,Stockholm,0.4,2025,1,2023,,,Ny kandidat
Bitar Invest & Consulting AB,5592210925,Stigbygeln 1,148 92,Ösmo,Nynäshamn,0.4,2025,1,2019,,,Ny kandidat
Bitar & Wallin AB,5593659666,Stigbygeln 1,148 92,Ösmo,Nynäshamn,0.4,2024,1,2022,,,Ny kandidat
Berini invest AB,5568056724,Grimvägen 1,182 68,Djursholm,Danderyd,0.4,2024,0,2010,,,Ny kandidat
BRO Matchning och Utbildning AB,5594464264,Åvägen 24,412 51,Göteborg,Göteborg,0.4,2025,0,2023,,,Ny kandidat
Axtorps Fastighets service AB,5592402175,Axtorp Sörgården 1,543 92,Tibro,Tibro,0.4,2024,1,2020,,,Ny kandidat
Aviators Recruitment Scandinavia AB,5593651424,Älta Strandväg 54,138 33,Älta,Nacka,0.4,2025,1,2022,,,Ny kandidat
Assume work AB,5593601213,Molkomsbacken 19 Co Homidova,123 33,Farsta,Stockholm,0.4,2024,0,2022,,,Ny kandidat
Arbetsmäklarna Sverige AB,5590106950,Segelbacken 4,134 32,Gustavsberg,Värmdö,0.4,2025,0,2015,,,Ny kandidat
ArbetsAnpass AB,5594691635,Tegelbruksgatan 4 b Lgh 1401,262 36,Ängelholm,Ängelholm,0.4,2024,1-4,2024,,,Ny kandidat
Alpaca Talent Management AB,5595361808,Drömstigen 6,181 65,Lidingö,Lidingö,0.4,2025,2,2025,,,Ny kandidat
Abra AB,5594360819,Fallhammargatan 3 a,721 33,Västerås,Västerås,0.4,2025,5-9,2023,,,Ny kandidat
Tony Stuhr AB,5592313711,Hässleholmsvägen 8,121 53,Johanneshov,Stockholm,0.4,2025,0,2019,,,Ny kandidat
Stureplansgruppen Property AB,5567674766,Box 55719,114 83,Stockholm,Stockholm,0.4,2025,0,2008,,,Ny kandidat
StationVilla AB,5593887358,"c/o Elvar Nurgaleev, Box 2502",116 74,Stockholm,Stockholm,0.4,2023,0,2022,,,Ny kandidat
Sjöstan Kök & Städ AB,5594847252,Hammarby Allé 132 Lgh 1402,120 66,Stockholm,Stockholm,0.4,2024,3,2024,,,Ny kandidat
Rahma AB,5593304586,Oslogatan 10,164 32,Kista,Stockholm,0.4,2025,1,2021,,,Ny kandidat
Prope Medic AB,5591746366,Linnégatan 39 a,114 47,Stockholm,Stockholm,0.4,2025,1,2018,,,Ny kandidat
NordicGo AB,5592460082,Kista Science Tower Färögatan 33,164 51,Kista,Stockholm,0.4,2025,0,2020,,,Ny kandidat
Mirka Vårdsupport AB,5569972432,Lillängsgatan 23,168 58,Bromma,Stockholm,0.4,2025,1,2014,,,Ny kandidat
Mayliev AB,5593859191,Dartanjangs Gata 48,168 71,Bromma,Stockholm,0.4,2025,1,2022,,,Ny kandidat
Interim Rail Sweden AB,5594879800,Hållövägen 16,121 32,Enskededalen,Stockholm,0.4,2025,1,2024,,,Ny kandidat
EGEDE AB,5592000524,Odengatan 24,113 51,Stockholm,Stockholm,0.4,2025,0,2019,,,Ny kandidat
Boson & Co AB,5564026283,Box 6282,102 34,Stockholm,Stockholm,0.4,2024,2,1990,,,Ny kandidat
Östernäs konsult och allservice AB,5595282558,Östernäs Bryggväg 95,761 94,Norrtälje,Norrtälje,0.4,2025,1,2025,,,Ny kandidat
olp bemanning AB,5590274857,Sikgatan 10 5tr,133 44,Saltsjöbaden,Nacka,0.4,2024,1,2015,,,Ny kandidat
Vansta Logistikpartner Aktiebolag,5562819986,Vansta 10,148 92,Ösmo,Nynäshamn,0.4,2025,0,1986,,,Ny kandidat
United Consultants Group UCG AB,5566407002,Enköpingsvägen 14,177 46,Järfälla,Järfälla,0.4,2025,2,2003,,,Ny kandidat
Tule Tvätt AB,5594899022,"c/o Aya Alsamarai, Sommarbo 312",137 67,Jordbro,Haninge,0.4,2025,0,2024,,,Ny kandidat
TG Invest AB,5568959026,Fågelviksvägen 9 6 Tr,145 53,Norsborg,Botkyrka,0.4,2025,1,2012,,,Ny kandidat
Studio Cata Prietto AB,5594259789,Mäldgatan 8,177 41,Järfälla,Järfälla,0.4,2024,0,2023,,,Ny kandidat
PRO RX Bemanning AB,5594749607,Rättaregatan 4 b,152 59,Södertälje,Södertälje,0.4,2025,1,2024,,,Ny kandidat
Nordic Digital Interim AB,5593303661,Gustav Iii:S Boulevard 159,169 74,Solna,Solna,0.4,2025,1-4,2021,,,Ny kandidat
Magical Star Business & Trading AB,5567420954,Ellaparksvägen 31,187 33,Täby,Täby,0.4,2025,1-4,2007,,,Ny kandidat
M Martinsson AB,5569637548,Augustendalsvägen 24 Lgh 1704,131 52,Nacka Strand,Nacka,0.4,2025,1,2014,,,Ny kandidat
Hjärter ess AB,5569398190,Sursta 316,195 93,Märsta,Sigtuna,0.4,2025,1,2013,,,Ny kandidat
H. Genc Konsult AB,5568964851,Fågelviksvägen 9 6tr,145 53,Norsborg,Botkyrka,0.4,2025,1,2012,,,Ny kandidat
FG Consulting Sweden AB,5591940910,Vikingavägen 19,184 41,Åkersberga,Österåker,0.4,2025,0,2019,,,Ny kandidat
Extra Nurse i Roslagen AB,5591370654,Körsbärsvägen 24 a,761 65,Norrtälje,Norrtälje,0.4,2025,1,2017,,,Ny kandidat
Elevate Jobs AB,5595049312,Lyftkransvägen 17,142 50,Skogås,Huddinge,0.4,2025,1-4,2024,,,Ny kandidat
EE Farmaci AB,5591579577,Stålhamravägen 47,151 47,Södertälje,Södertälje,0.4,2025,0,2018,,,Ny kandidat
Dewalak healthcare AB,5594387788,Björkvallavägen 60,194 39,Upplands Väsby,Upplands Väsby,0.4,2025,1,2023,,,Ny kandidat
Broberg Consulting AB,5569492449,Hagsätervägen 10,144 63,Rönninge,Salem,0.4,2025,1,2013,,,Ny kandidat
Basonext health company AB,5591652697,Forskningsringen 19,174 62,Sundbyberg,Sundbyberg,0.4,2024,1,2018,,,Ny kandidat
Aradahl Multiservice AB,5593081127,Almungevägen 108 d,194 92,Upplands Väsby,Upplands Väsby,0.4,2025,4,2021,,,Ny kandidat
Alfa Projekt och Byggledning Aktiebolag,5568863921,Kärrvägen 7,147 32,Tumba,Botkyrka,0.4,2025,1,2012,,,Ny kandidat
Alevia Consulting AB,5594207754,Slåttervägen 13 a,141 70,Segeltorp,Huddinge,0.4,2025,1,2023,,,Ny kandidat
Aleida Care AB,5593633828,Slöjdvägen 10 b,141 74,Segeltorp,Huddinge,0.4,2025,0,2022,,,Ny kandidat
Afterguard AB,5568193030,Höjdgatan 8,134 31,Gustavsberg,Värmdö,0.4,2025,1,2010,,,Ny kandidat
AMS CARE AB,5593996209,Flintlåsvägen 23,192 59,Sollentuna,Sollentuna,0.4,2025,1,2022,,,Ny kandidat
ALF Workforce AB,5594565037,Tjädervägen 47 b,141 72,Segeltorp,Huddinge,0.4,2025,1,2023,,,Ny kandidat
X Design Consulting AB,5594544701,Brattlyckevägen 2 b,448 33,Floda,Lerum,0.4,2025,1,2023,,,Ny kandidat
Oskar Mar Birgisson AB,5592604036,Nolhaga 2,506 43,Borås,Borås,0.4,2024,1,2020,,,Ny kandidat
Martin Högstedt Invest AB,5568165848,Båtstigen 1,442 35,Kungälv,Kungälv,0.4,2025,1,2010,,,Ny kandidat
MattssonBolagen på Orust AB,5595241802,Töllås 260,473 91,Henån,Orust,0.4,2025,0,2025,,,Ny kandidat
MENTAB i Göteborg AB,5595246280,Leråkersgatan 15 1604,417 30,Göteborg,Göteborg,0.4,2025,1,2025,,,Ny kandidat
M Ernfors AB,5569374167,Skårby 590,442 93,Kareby,Kungälv,0.4,2025,0,2013,,,Ny kandidat
Karolina Nordgren AB,5591052567,Fagersholmsvägen 3,515 35,Viskafors,Borås,0.4,2025,1,2017,,,Ny kandidat
Henrycon AB,5590558515,Videgårdsvägen 58,445 57,Surte,Ale,0.4,2025,1,2016,,,Ny kandidat
Gastro And Sprits Bohuslän AB,5595049676,Vällebergsvägen 3 c,459 30,Ljungskile,Uddevalla,0.4,2025,1,2024,,,Ny kandidat
GOART AB,5591463855,Klövervägen 17,475 37,Bohus-Björkö,Öckerö,0.4,2025,1,2018,,,Ny kandidat
Flexman Assets AB,5594286162,Vallenvägen 18,444 60,Stora Höga,Stenungsund,0.4,2025,0,2023,,,Ny kandidat
DNK Invest AB,5594863507,Nordviksberg 141,471 95,Skärhamn,Tjörn,0.4,2025,1-4,2024,,,Ny kandidat
CONSULTING FYRSTAD AB,5595077123,Taxgatan 4,461 68,Trollhättan,Trollhättan,0.4,2025,1,2024,,,Ny kandidat
Boneab Aktiebolag,5594279712,Kungsgatan 6,542 37,Mariestad,Mariestad,0.4,2025,0,2023,,,Ny kandidat
Bergs Bemanning AB,5594189440,Benarebyvägen 265,437 92,Lindome,Mölndal,0.4,2025,0,2023,,,Ny kandidat
Baci AB,5569708927,Bräckevägen 511,471 98,Fagerfjäll,Tjörn,0.4,2025,1,2014,,,Ny kandidat
Amir & Co Consulting AB,5593001521,Burhultsvägen 36 c,443 73,Gråbo,Lerum,0.4,2025,1,2021,,,Ny kandidat
Akkad Vård AB,5595106708,Dalagatan 4,545 34,Töreboda,Töreboda,0.4,2025,1-4,2024,,,Ny kandidat
AD Consulting AB,5593684953,Björksätersgatan 10,506 46,Borås,Borås,0.4,2025,1,2022,,,Ny kandidat
A Vent Entreprenad NS Consulting AB,5563408623,Vindragaregatan 8 b,417 01,Göteborg,Göteborg,0.4,2025,2,1988,,,Ny kandidat
Yordana konsult AB,5593741068,Atlegången 10,235 35,Vellinge,Vellinge,0.4,2025,1,2022,,,Ny kandidat
Tess Sale Service AB,5594515685,Farmgränden 3,252 22,Helsingborg,Helsingborg,0.4,2025,1-4,2023,,,Ny kandidat
Salsta Resurs AB,5592758329,Skolvägen 24,254 82,Helsingborg,Helsingborg,0.4,2025,1,2020,,,Ny kandidat
PH Restaurangkonsult AB,5593264079,Kanalgatan 42,291 34,Kristianstad,Kristianstad,0.4,2025,1,2021,,,Ny kandidat
Nordic Transport & Logistikbemanning AB,5594033705,Bjäregatan 12 a,252 48,Helsingborg,Helsingborg,0.4,2025,1-4,2022,,,Ny kandidat
NS Butikutveckling AB,5595209023,Jakobsgatan 9,267 75,Ekeby,Bjuv,0.4,2025,1-4,2025,,,Ny kandidat
Marwa care AB,5593843674,Västra Högsvägen 398-0,244 95,Dösjebro,Kävlinge,0.4,2025,1,2022,,,Ny kandidat
M.A.T Radiology AB,5591921787,Backnejlikegatan 6,291 58,Kristianstad,Kristianstad,0.4,2026,0,2019,,,Ny kandidat
Kvinnorådgivning Klinik Sverige AB,5593583957,Dalhemsvägen 15,254 65,Helsingborg,Helsingborg,0.4,2025,1,2022,,,Ny kandidat
JME Care AB,5594471756,Kilian Zollsgatan 1 c,217 56,Malmö,Malmö,0.4,2024,1,2023,,,Ny kandidat
JKaridar AB,5594737743,Kärrsångarvägen 20,247 35,Södra Sandby,Lund,0.4,2025,1,2024,,,Ny kandidat
Hultner Bemanning AB,5593655052,Götagatan 2,263 31,Höganäs,Höganäs,0.4,2025,0,2022,,,Ny kandidat
Hemsyd E-handel AB,5593608143,Stenkällevägen 41,212 32,Malmö,Malmö,0.4,2025,1,2022,,,Ny kandidat
Familjen Hultgren AB,5569961146,Skogsgatan 3,286 73,Skånes Fagerhult,Örkelljunga,0.4,2025,0,2014,,,Ny kandidat
Doktor L Sloth AB,5592431679,Rullstensvägen 13,231 79,Smygehamn,Trelleborg,0.4,2025,1,2020,,,Ny kandidat
Behar AB,5591412191,Ättegatan 1,262 44,Ängelholm,Ängelholm,0.4,2025,1,2017,,,Ny kandidat
Axels Nöjesfält Pierre Andreasson AB,5564646981,Kanongatan 155,254 67,Helsingborg,Helsingborg,0.4,2024,1,1993,,,Ny kandidat
AnCaSo Consulting AB,5593671315,Mamsellvägen 3,269 73,Förslöv,Båstad,0.4,2025,1,2022,,,Ny kandidat
AjneCare AB,5592990245,Källbogatan 30,212 33,Malmö,Malmö,0.4,2025,1,2021,,,Ny kandidat
2info AB,5592237266,Poststugan 513,211 65,Malmö,Malmö,0.4,2025,1,2019,,,Ny kandidat
Örboms Lyfttjänst AB,5590979679,Attungsgatan 21,602 08,Norrköping,Norrköping,0.4,2025,1,2017,,,Ny kandidat
Ulf Bergström AB,5567383004,"c/o ULF BJÖRNERUD, Bestorp Laggarbo 1",589 65,Bestorp,Linköping,0.4,2023,0,2007,,,Ny kandidat
Wikby Transport & Utbildning AB,5567343131,Kungsvägen 71 b,595 40,Mjölby,Mjölby,0.4,2025,1,2007,,,Ny kandidat
Pernilla Wigh AB,5593649865,"c/o PERNILLA WIGH, Skönbergagatan 21 e",614 30,Söderköping,Söderköping,0.4,2025,1,2022,,,Ny kandidat
Loxander i Linköping AB,5592703325,Åbylundsgatan 24,582 36,Linköping,Linköping,0.4,2025,1,2020,,,Ny kandidat
Encerio AB,5594959362,Torsten Fogelqvists Gata 22,603 76,Norrköping,Norrköping,0.4,2025,0,2024,,,Ny kandidat
RadSaad AB,5593270191,Väktargatan 52 a,754 22,Uppsala,Uppsala,0.4,2025,1,2021,,,Ny kandidat
Q's Beauty Studio AB,5593562175,Gärdets Bilgata 10,754 20,Uppsala,Uppsala,0.4,2025,0,2021,,,Ny kandidat
Lundkovallen AB,5591922223,Box 1046,751 40,Uppsala,Uppsala,0.4,2025,1,2019,,,Ny kandidat
LaBeMed AB,5569147456,Sturegatan 2 a 1201,753 14,Uppsala,Uppsala,0.4,2025,1,2012,,,Ny kandidat
Wahlund Wellness AB,5590922067,Hagviksstrand 8,746 91,Bålsta,Håbo,0.4,2025,1,2016,,,Ny kandidat
Mind support AB,5566364591,Gryta Ölsta 5,749 63,Örsundsbro,Enköping,0.4,2025,1-4,2003,,,Ny kandidat
Equiservice Mälardalen AB,5592427701,Bred-Gammalbo 3,745 95,Enköping,Enköping,0.4,2024,1,2020,,,Ny kandidat
Dannemora Wärdshus AB,5593628737,Södernäsvägen 5,748 30,Österbybruk,Östhammar,0.4,2025,1,2022,,,Ny kandidat
TrendZ AB,5592843261,Pelargatan 1,553 24,Jönköping,Jönköping,0.4,2025,1,2020,,,Ny kandidat
HIR Sverige AB,5592580996,Trädgårdsgatan 4 a Lgh 1203,562 32,Norrahammar,Jönköping,0.4,2024,0,2020,,,Ny kandidat
Camilla Johansson Förvaltning AB,5590825492,Bäckalyckevägen 40 l 1104,553 13,Jönköping,Jönköping,0.4,2025,1,2016,,,Ny kandidat
OMC Nordic AB,5595212514,Garstorp 2,574 54,Holsbybrunn,Vetlanda,0.4,2025,1,2025,,,Ny kandidat
iCare Bostället AB,5593120677,Spenshult 111,313 91,Oskarström,Halmstad,0.4,2025,1,2021,,,Ny kandidat
Two Aid AB,5593916975,Fredsgatan 7,313 30,Oskarström,Halmstad,0.4,2025,1,2022,,,Ny kandidat
Welex Consulting AB,5594698721,Mossvägen 14,432 47,Varberg,Varberg,0.4,2025,2,2024,,,Ny kandidat
Rehnström Konsult & Invest AB,5594952011,Borgasgatan 29,432 57,Varberg,Varberg,0.4,2025,1-4,2024,,,Ny kandidat
Lisa Torp 31 AB,5590689765,Torpsåg 131 Hasslöv,312 97,Laholm,Laholm,0.4,2025,0,2016,,,Ny kandidat
LinaMarias Konsult AB,5593588196,Södra Banvägen 8,311 75,Falkenberg,Falkenberg,0.4,2025,1,2022,,,Ny kandidat
Event händer i Sverige AB,5594755372,Magasinsgatan 35,434 37,Kungsbacka,Kungsbacka,0.4,2025,4,2024,,,Ny kandidat
ABCGATAN kalas AB,5594318601,Abc-Gatan 10,302 51,Halmstad,Halmstad,0.4,2025,1,2023,,,Ny kandidat
YLG Invest AB,5590875232,Drottninggatan 11,702 10,Örebro,Örebro,0.4,2025,1,2016,,,Ny kandidat
H&E Consulting AB,5594386251,Lutabäcksvägen 10,703 75,Örebro,Örebro,0.4,2025,2,2023,,,Ny kandidat
Eneman Alltjänst & Bemanning AB,5591237481,"c/o Advokatbolaget Sjutton34 KB, Stortorget 8",702 11,Örebro,Örebro,0.4,2023,1,2017,,,Ny kandidat
Senior Support i Laxå AB,5563615748,Sandlyckan 2,695 32,Laxå,Laxå,0.4,2025,1,1989,,,Ny kandidat
Low Solutions AB,5595001891,Äspedalen 225,691 91,Karlskoga,Karlskoga,0.4,2025,1,2024,,,Ny kandidat
Evictor AB,5590542915,Boängen Sörängen 114,718 95,Ervalla,Lindesberg,0.4,2025,0,2016,,,Ny kandidat
Summeria AB,5569170052,Sommarvägen 7,611 74,Tystberga,Nyköping,0.4,2025,1,2012,,,Ny kandidat
J&P Solution AB,5592201593,Edeby Gård 5,645 93,Strängnäs,Strängnäs,0.4,2025,1,2019,,,Ny kandidat
EquiAction AB,5593219677,Valsund 2,649 91,Sparreholm,Flen,0.4,2025,0,2021,,,Ny kandidat
Åsas bemanning AB,5566666177,Bergslagsgatan 3,776 32,Hedemora,Hedemora,0.4,2025,2,2004,,,Ny kandidat
Selma anläggning och Invest AB,5591148829,Änderåsen Dammbrovägen 19,795 96,Boda Kyrkby,Rättvik,0.4,2025,2,2017,,,Ny kandidat
PSiB AB,5592620008,Högbergsgatan 60,771 35,Ludvika,Ludvika,0.4,2025,1,2020,,,Ny kandidat
LGI bil & mek AB,5593482663,Nordanåker 36,786 71,Dala-Järna,Vansbro,0.4,2025,1,2021,,,Ny kandidat
Helena Willman AB,5593360349,Heden Kattåkersvägen 24,793 92,Leksand,Leksand,0.4,2025,0,2021,,,Ny kandidat
H&L Wolgast AB,5590789268,Amsbergsvägen 18,784 68,Borlänge,Borlänge,0.4,2025,1,2016,,,Ny kandidat
Guldspar Sverige AB,5591410914,Ål-Kilen Svedens Väg 8,785 92,Gagnef,Leksand,0.4,2025,0,2017,,,Ny kandidat
Egenbolaget i Sverige AB,5569882052,Slaggatan 51,791 70,Falun,Falun,0.4,2024,1,2014,,,Ny kandidat
Åviks Förvaltning Aktiebolag,5569757106,Gammelbansvägen 3,824 40,Hudiksvall,Hudiksvall,0.4,2025,0,2014,,,Ny kandidat
TH Psykiatri AB,5592733868,Lövlundsvägen 29,814 91,Furuvik,Gävle,0.4,2025,1,2020,,,Ny kandidat
Ryssbacken i Norrbo AB,5567300131,Norrbobyn 97,824 77,Bjuråker,Hudiksvall,0.4,2025,1,2007,,,Ny kandidat
SKSME AB,5593890642,Södra Kungsgatan 19,802 51,Gävle,Gävle,0.4,2025,1-4,2022,,,Ny kandidat
Olle Schön AB,5569442055,Nybo Bursevägen 7,827 52,Järvsö,Ljusdal,0.4,2025,1,2013,,,Ny kandidat
Nordic Career Recruitment & Consulting AB,5593699092,Nyhamnsvägen 12,681 54,Kristinehamn,Kristinehamn,0.4,2025,1,2022,,,Ny kandidat
Arveda Vårdkonsult AB,5592024904,Brevik Framstuga 1,673 97,Åmotfors,Arvika,0.4,2026,1,2019,,,Ny kandidat
JuWify AB,5594322975,Åvestbovägen 56,737 91,Fagersta,Fagersta,0.4,2025,1,2023,,,Ny kandidat
Elmaterial i Sverige AB,5564021730,Agnegatan 5,722 17,Västerås,Västerås,0.4,2025,1,1990,,,Ny kandidat
Dipro Sverige AB,5593283608,Ringspinnargatan 14,723 46,Västerås,Västerås,0.4,2025,1,2021,,,Ny kandidat
CODESEASON AB,5594080326,Lövsångargatan 50 1002,724 72,Västerås,Västerås,0.4,2025,1,2022,,,Ny kandidat
AB Effektiv Västerås/Eskilstuna,5594347204,Bandystugan  Abb Arena Syd,722 17,Västerås,Västerås,0.4,2025,1,2023,,,Ny kandidat
Utbildningar Luleå AB,5591620744,Truppvägen 1,976 31,Luleå,Luleå,0.4,2024,0,2018,,,Ny kandidat
Söderqvist rep och bemanning AB,5595095372,Smedsvägen 10,933 32,Arvidsjaur,Arvidsjaur,0.4,2025,1,2024,,,Ny kandidat
Svarvares Allservice AB,5591715494,Jakthornsstigen 6,974 55,Luleå,Luleå,0.4,2025,0,2018,,,Ny kandidat
Outdoor Lapland AB,5567174262,Klockartorget 1 b Lgh 1201,962 32,Jokkmokk,Jokkmokk,0.4,2025,1,2006,,,Ny kandidat
Norrbottens Bygg & Entreprenad Bemanning AB,5593892630,Kaperasvägen 2 b,981 41,Kiruna,Kiruna,0.4,2025,3,2022,,,Ny kandidat
Nordins personal uthyrning AB,5563448223,Centralgatan 6 a,952 34,Kalix,Kalix,0.4,2025,1,1989,,,Ny kandidat
Jrot AB,5593370421,Elias Väg 6,981 46,Kurravaara,Kiruna,0.4,2025,1,2021,,,Ny kandidat
HRL Konsult AB,5591583835,Svanvägen 13,983 36,Malmberget,Gällivare,0.4,2025,1,2018,,,Ny kandidat
ADONIFY AB,5594531385,Saittarova 77,984 93,Tärendö,Pajala,0.4,2025,1,2023,,,Ny kandidat
Norsjö Markkonsult AB,5592149164,Bjursele 301,935 91,Norsjö,Norsjö,0.4,2025,1,2019,,,Ny kandidat
Marianne Paavolas Psykoterapi AB,5595029736,Kungsgatan 91,903 30,Umeå,Umeå,0.4,2025,1,2024,,,Ny kandidat
J.H's Service & Entreprenad AB,5595331744,Västra Sjögatan 7,917 32,Dorotea,Dorotea,0.4,2025,1,2025,,,Ny kandidat
FACHSI i Umeå AB,5568571854,Åkerviksvägen 27,922 76,Botsmark,Umeå,0.4,2025,1,2011,,,Ny kandidat
Öland Framåt Holding AB,5592935174,Sjövägen 5,386 34,Färjestaden,Mörbylånga,0.4,2025,1,2020,,,Ny kandidat
Kindgrenologi AB,5567498042,Rådhusgatan 38 b,593 33,Västervik,Västervik,0.4,2025,1,2008,,,Ny kandidat
AKUA Arnesson Aktiebolag,5564147923,Hagby 126,386 96,Färjestaden,Mörbylånga,0.4,2025,1,1990,,,Ny kandidat
"Dekor-Text, Fordonsfoliering i Sverige AB",5590917455,Blästergatan 4,352 46,Växjö,Växjö,0.4,2025,1,2016,,,Ny kandidat
Simon Staaf AB,5592170616,Jasminvägen 22,891 51,Örnsköldsvik,Örnsköldsvik,0.4,2025,0,2019,,,Ny kandidat
Offshore it Sweden AB,5592006430,Solhemsvägen 4,861 42,Sörberge,Timrå,0.4,2025,0,2019,,,Ny kandidat
NordTech Fastighet & Konsult i Sundsvall AB,5592100464,Uttervägen 16,862 32,Kvissleby,Sundsvall,0.4,2025,0,2019,,,Ny kandidat
ML Ytskydd AB,5594763285,Gärdesvägen 17,891 42,Örnsköldsvik,Örnsköldsvik,0.4,2025,1,2024,,,Ny kandidat
Leffepirkens Fiske & Fritid AB,5593603888,Forsnäs 168,883 93,Ramsele,Sollefteå,0.4,2025,1,2022,,,Ny kandidat
Farmartjänst Norrland Aktiebolag,5591060057,Lännes Gård 130,881 95,Undrom,Sollefteå,0.4,2025,1,2017,,,Ny kandidat
Anestrix Consulting AB,5591275622,Hantverksgatan 3 b,852 41,Sundsvall,Sundsvall,0.4,2025,1,2017,,,Ny kandidat
Sigge Consulting AB,5590886585,Mysslevägen 1,374 53,Asarum,Karlshamn,0.4,2025,2,2016,,,Ny kandidat
Taxibolaget i Östersund Aktiebolag,5565436424,Anarisvägen 193,831 70,Östersund,Östersund,0.4,2025,1,1997,,,Ny kandidat
Skavbrännas bisyssla AB,5595188045,Skavbränna 254,835 64,Föllinge,Krokom,0.4,2025,1,2025,,,Ny kandidat
Klas Garage AB,5594710294,Paradisvägen 35,837 72,Duved,Åre,0.4,2025,1,2024,,,Ny kandidat
Faster Ekonomi AB,5566150586,Österåsen 212,836 93,Häggenås,Östersund,0.4,2025,1,2001,,,Ny kandidat
eMSICS AB,5569439168,Andrégatan 11,621 49,Visby,Gotland,0.4,2025,0,2013,,,Ny kandidat
Örebro Jobb AB,5593523821,Östanlidsvägen 7,703 75,Örebro,Örebro,0.3,2025,0,2021,,,Ny kandidat
krzmi AB,5592388937,"c/o Bolagspartner avveckling, Box 1067",221 04,Lund,Lund,0.3,2025,0,2020,,,Ny kandidat
Zonsec Bemanning AB,5568433832,Skalldalsvägen 18,436 52,Hovås,Göteborg,0.3,2025,2,2011,,,Ny kandidat
ZE Talent Agency AB,5595205096,Gröndalsvägen 159,117 69,Stockholm,Stockholm,0.3,2025,1,2025,,,Ny kandidat
Workmatch IO AB,5592401219,Vasagatan 10,111 20,Stockholm,Stockholm,0.3,2025,1,2020,,,Ny kandidat
Workbuddy AB,5592523558,Vasagatan 12,903 29,Umeå,Umeå,0.3,2025,1,2020,,,Ny kandidat
Widju AB,5594631946,Öjersjövägen 40 a,433 50,Öjersjö,Partille,0.3,2025,0,2023,,,Ny kandidat
Vårdea AB,5568586142,"c/o Svenska Standardbolag AB, Box 292",791 27,Falun,Falun,0.3,2025,1,2011,,,Ny kandidat
Viva Intelligence AB,5593657447,"c/o Svenska Standardbolag AB, Box 292",791 27,Falun,Falun,0.3,2024,0,2022,,,Ny kandidat
ViLa AB,5568518772,Kärralundsgatan 23,416 56,Göteborg,Göteborg,0.3,2026,1,2011,,,Ny kandidat
VLICK Europe AB,5593782104,Gaffelseglet 11,136 54,Vega,Haninge,0.3,2025,1,2022,,,Ny kandidat
Timber Cut i Huskvarna AB,5569678088,Egnahemsvägen 6 b,561 35,Huskvarna,Jönköping,0.3,2025,0,2014,,,Ny kandidat
Think Talent! AB,5592469166,Polhemsgatan 25,733 33,Sala,Sala,0.3,2025,1,2020,,,Ny kandidat
Taplow AB,5566264874,Skrivaregatan 21,215 37,Malmö,Malmö,0.3,2025,0,2002,,,Ny kandidat
TBL CONSULTING AB,5592929045,Trädgårdsgatan 15,151 45,Södertälje,Södertälje,0.3,2025,1,2020,,,Ny kandidat
Stensholmen i Stockholm AB,5566658851,Sportvägen 25,191 43,Sollentuna,Sollentuna,0.3,2025,2,2004,,,Ny kandidat
Star Staff Nordica AB,5566060736,Karlbergsvägen 44,113 62,Stockholm,Stockholm,0.3,2025,1,2001,,,Ny kandidat
SoulKey Talent & Search AB,5595115105,Hotellvägen 2 c,262 60,Ängelholm,Ängelholm,0.3,2025,0,2024,,,Ny kandidat
Smart Guide AB,5594739756,"c/o Abdulrahman Khawatmi, Box 1147",701 11,Örebro,Örebro,0.3,2025,1,2024,,,Ny kandidat
Salmani Jobbkonsult AB,5593917759,Tulegatan 18,172 78,Sundbyberg,Sundbyberg,0.3,2025,1,2022,,,Ny kandidat
STEFAN NILSSON - EXECUTIVE SEARCH AB,5567934186,Skrattarpsvägen 88,269 76,Torekov,Båstad,0.3,2025,1,2009,,,Ny kandidat
Räsvelg invest AB,5592432545,Skarlunda Gård 10,152 97,Södertälje,Södertälje,0.3,2024,1,2020,,,Ny kandidat
Rexler Headhunt Aktiebolag,5565104527,"c/o Bertil Rexler, Box 406",191 24,Sollentuna,Sollentuna,0.3,2025,1,1995,,,Ny kandidat
Remote Ones AB,5595009803,Kantarellvägen 4,944 71,Piteå,Piteå,0.3,2025,0,2024,,,Ny kandidat
Rekorek AB,5568701162,Agnesfridsvägen 194,213 75,Malmö,Malmö,0.3,2025,0,2011,,,Ny kandidat
Prospective Investment Scandinavia AB,5591258990,Sköntorpsvägen 5,120 38,Årsta,Stockholm,0.3,2024,0,2017,,,Ny kandidat
ProCraft AB,5590033022,Nya Tingstadsgatan 1,422 44,Hisings Backa,Göteborg,0.3,2025,0,2015,,,Ny kandidat
ProBusiness sweden AB,5567880694,Hammarby Fabriksväg 23 6tr,120 30,Stockholm,Stockholm,0.3,2025,0,2009,,,Ny kandidat
Prima Rekrytering Sverige AB,5591086474,Grötån 423,459 91,Ljungskile,Uddevalla,0.3,2025,1,2017,,,Ny kandidat
PredictIT Talent AB,5591867543,Oskarsvägen 10,181 32,Lidingö,Lidingö,0.3,2025,1,2018,,,Ny kandidat
Pharmapower AB,5593336778,Kornvägen 33,232 38,Arlöv,Burlöv,0.3,2025,1,2021,,,Ny kandidat
PR Juridik & Bemanning AB,5593393308,Kännestorp 150,444 93,Spekeröd,Stenungsund,0.3,2025,0,2021,,,Ny kandidat
PM Property Management Search AB,5567288427,Grev Magnigatan 18,114 55,Stockholm,Stockholm,0.3,2025,1,2007,,,Ny kandidat
Oeco AB,5594596347,Hyllie Allé 23,215 36,Malmö,Malmö,0.3,2025,0,2023,,,Ny kandidat
Nordic konsultbyrå AB,5594920935,Emmabodavägen 9,382 45,Nybro,Nybro,0.3,2025,1,2024,,,Ny kandidat
NJ Service AB,5595288100,Hörja 5227,282 94,Hörja,Hässleholm,0.3,2025,1,2025,,,Ny kandidat
Mias godsaker & Jerle entreprenad AB,5594114638,Järle 207,713 91,Nora,Nora,0.3,2025,1,2022,,,Ny kandidat
Maxgroup Holding AB,5568319700,Bussvägen 2,896 31,Husum,Örnsköldsvik,0.3,2025,0,2010,,,Ny kandidat
Matchadirekt AB,5591114953,Sollentunavägen 141,191 44,Sollentuna,Sollentuna,0.3,2025,0,2017,,,Ny kandidat
Marbs executive AB,5592268329,Berghamnsbrinken 22,165 71,Hässelby,Stockholm,0.3,2025,1-4,2019,,,Ny kandidat
MM Care Consulting AB,5593563025,Persvägen 6,131 52,Nacka Strand,Nacka,0.3,2025,1,2021,,,Ny kandidat
Lindavia AB,5593010043,Käntingegränd 1,613 36,Oxelösund,Oxelösund,0.3,2025,0,2021,,,Ny kandidat
Leasee AB,5569691073,Vallagränd 3,136 39,Handen,Haninge,0.3,2025,1,2014,,,Ny kandidat
Kurera Framtid AB,5591309728,Krusegatan 19,212 25,Malmö,Malmö,0.3,2024,1-4,2017,,,Ny kandidat
Konsultstallet AB,5593997629,Lybecksgatan 19,252 69,Råå,Helsingborg,0.3,2025,1,2022,,,Ny kandidat
Kompass-Guiden i Norden AB,5568397631,Uppsalavägen 5,857 31,Sundsvall,Sundsvall,0.3,2025,1,2011,,,Ny kandidat
Kiirus AB,5568840333,Tågvägen 2 b,647 35,Mariefred,Strängnäs,0.3,2025,2,2012,,,Ny kandidat
Karl Havdrup Consulting AB,5595122143,Bjällerödsvägen 10,262 60,Ängelholm,Ängelholm,0.3,2025,1-4,2024,,,Ny kandidat
Katalysator Organisationsutveckling AB,5592236409,Rödstuguvägen 29,181 30,Lidingö,Lidingö,0.3,2025,0,2019,,,Ny kandidat
Kabe Konsult AB,5593241036,"c/o SEE YOU AT WORK, Box 210 Vällingby Torg 18-24",162 65,Vällingby,Stockholm,0.3,2025,1,2021,,,Ny kandidat
Jsen Consulting AB,5591557516,Herrgärdsgatan 5,722 16,Västerås,Västerås,0.3,2025,1,2018,,,Ny kandidat
Jouni & Peter Invest och Konsult AB,5594642109,Våmmedalsvägen 28,428 31,Kållered,Mölndal,0.3,2025,1,2023,,,Ny kandidat
Intrec Consulting AB,5590705850,Rapsvägen 4,236 34,Höllviken,Vellinge,0.3,2025,1,2016,,,Ny kandidat
IT Talents Stockholm AB,5567567754,Ölandsvägen 2,186 35,Vallentuna,Vallentuna,0.3,2025,1,2008,,,Ny kandidat
IMAGINEPJOCO AB,5592782519,Karlsäter 12,743 72,Björklinge,Uppsala,0.3,2024,1,2020,,,Ny kandidat
IKWS AB,5594081373,Trumpetarevägen 11,133 34,Saltsjöbaden,Nacka,0.3,2025,0,2022,,,Ny kandidat
Gildar Active Support Aktiebolag,5564946746,Granvägen 33,135 52,Tyresö,Tyresö,0.3,2025,1,1994,,,Ny kandidat
German Swedish HR and Recruitment AB,5594603390,Ymervägen 24 b,182 67,Djursholm,Danderyd,0.3,2025,0,2023,,,Ny kandidat
Garmian AB,5592776065,Hacktorpsvägen 38,149 41,Nynäshamn,Nynäshamn,0.3,2025,1,2020,,,Ny kandidat
Future and Friends Group AB,5591431605,Lilla Torg 4 2tr,211 34,Malmö,Malmö,0.3,2025,0,2018,,,Ny kandidat
Frank Rekryteringspartner AB,5591205819,Sankt Göransgatan 63 5 Tr,112 38,Stockholm,Stockholm,0.3,2025,1-4,2017,,,Ny kandidat
Ecareer AB,5591629901,"c/o MINDPARK - NORDIC INVESTIN, Mölndals Bro 5 Group Aktiebolag",431 30,Mölndal,Mölndal,0.3,2024,2,2018,,,Ny kandidat
Dream Matchning Väst AB,5568347750,Östgötagatan 6,504 37,Borås,Borås,0.3,2025,1,2010,,,Ny kandidat
Darko Ventures AB,5590965090,Splintvedsgatan 31,431 51,Mölndal,Mölndal,0.3,2025,1,2017,,,Ny kandidat
Clever Communication Sthlm AB,5591248496,Kolmilegränd 3,187 43,Täby,Täby,0.3,2025,1,2017,,,Ny kandidat
CLZ Consulting AB,5595072942,Rimfaxegränd 43,175 61,Järfälla,Järfälla,0.3,2025,1,2024,,,Ny kandidat
CHIC&URBAN AB,5593001455,Lollandsgatan 31,164 43,Kista,Stockholm,0.3,2025,0,2021,,,Ny kandidat
Biner Data AB,5592348592,Lindholmspiren 7 a,417 56,Göteborg,Göteborg,0.3,2025,1-4,2020,,,Ny kandidat
BNG Fastigheter AB,5593449217,Götavägen 63,187 63,Täby,Täby,0.3,2025,0,2021,,,Ny kandidat
Arbink AB,5569864217,Flintbacken 4,118 42,Stockholm,Stockholm,0.3,2024,0,2014,,,Ny kandidat
Anders Wikstrand Consulting AB,5569547903,Kivra:556954-7903,106 31,Stockholm,Stockholm,0.3,2025,0,2013,,,Ny kandidat
Aktiebolaget iqo,5594291774,Rodervägen 19,891 78,Bonässund,Örnsköldsvik,0.3,2025,1-4,2023,,,Ny kandidat
Acme Consulting AB,5590895263,Torsby Sjöväg 10,139 51,Värmdö,Värmdö,0.3,2025,0,2016,,,Ny kandidat
AKTIV RESURS SCANDINAVIA AB,5567821557,Stugvägen 4,179 96,Svartsjö,Ekerö,0.3,2025,0,2009,,,Ny kandidat
AHLF Consulting AB,5593977084,"c/o SIFFROR Sverige AB, Mailbox 3910",111 74,Stockholm,Stockholm,0.3,2025,1-4,2022,,,Ny kandidat
AE Search AB,5569634370,Pråmvägen 2 g,178 30,Ekerö,Ekerö,0.3,2025,1,2014,,,Ny kandidat
3D Framtid Center AB,5594276189,Fabelvägen 7 Lgh 1903,176 70,Järfälla,Järfälla,0.3,2025,1,2023,,,Ny kandidat
Uzg Service AB,5594852740,Stavangergatan 56,164 38,Kista,Stockholm,0.3,2025,1,2024,,,Ny kandidat
UnoNurse AB,5593360083,Agnes Lagerstedts Gata 16,129 51,Hägersten,Stockholm,0.3,2025,1-4,2021,,,Ny kandidat
Trygg omsorg i Sverige AB,5592940703,Risingeplan 25,163 68,Spånga,Stockholm,0.3,2025,0,2020,,,Ny kandidat
True Competence Scandinavia AB,5567151054,Sveavägen 13,111 57,Stockholm,Stockholm,0.3,2025,0,2006,,,Ny kandidat
Swoopie AB,5592273162,Slåttervallsgatan 4 Lgh 1304,115 44,Stockholm,Stockholm,0.3,2025,0,2019,,,Ny kandidat
Stockholms Transport Och Fastighets Assistans STOFA AB,5566929351,Vapengatan 8,126 52,Hägersten,Stockholm,0.3,2025,1,2005,,,Ny kandidat
Saluber Svenska Aktiebolag,5564882891,Kammakargatan 40 4tr,111 60,Stockholm,Stockholm,0.3,2025,1,1994,,,Ny kandidat
Piraya Konsult AB,5594761255,Sandfjärdsgatan 87,120 56,Årsta,Stockholm,0.3,2025,1,2024,,,Ny kandidat
Phylax Support AB,5592032253,Erik Dahlbergsgatan 71,115 57,Stockholm,Stockholm,0.3,2025,1,2019,,,Ny kandidat
Nordic Staffing AB,5593437865,Klarabergsviadukten 86,111 64,Stockholm,Stockholm,0.3,2025,1,2021,,,Ny kandidat
Multiverse Sweden AB,5590097951,Österlånggatan 10,111 31,Stockholm,Stockholm,0.3,2025,0,2015,,,Ny kandidat
Motivationisten AB,5591995898,Dalbobranten 27,128 68,Sköndal,Stockholm,0.3,2025,1,2019,,,Ny kandidat
Livness AB,5593065633,"c/o Sevleda Arslan, Ringstedsgatan",164 48,Kista,Stockholm,0.3,2025,0,2021,,,Ny kandidat
Klimatsteknik Skåne AB,5595205575,Ervallakroken 27,124 66,Bandhagen,Stockholm,0.3,2025,1,2025,,,Ny kandidat
Ixil Invest AB,5569000028,Flygfältsgatan 30,128 30,Skarpnäck,Stockholm,0.3,2025,0,2012,,,Ny kandidat
HANA Consulting AB,5594298845,P o Hallmans Gata 15,112 69,Stockholm,Stockholm,0.3,2025,0,2023,,,Ny kandidat
Eva Nilsson Intensivtid AB,5593561631,John Ericssonsgatan 16,112 22,Stockholm,Stockholm,0.3,2025,1,2021,,,Ny kandidat
CBC Nordic AB,5590898135,Trollesundsvägen 4,124 32,Bandhagen,Stockholm,0.3,2026,1,2016,,,Ny kandidat
Anestesikonsulterna i Sverige AB,5591878888,Björksundsslingan 15,124 31,Bandhagen,Stockholm,0.3,2025,0,2018,,,Ny kandidat
Aktiebolaget Syster Björn,5591073548,Tranebergsvägen 43,167 45,Bromma,Stockholm,0.3,2025,1,2017,,,Ny kandidat
Alleba Produktion AB,5568292105,Skulptörvägen 11,121 43,Johanneshov,Stockholm,0.3,2025,1,2010,,,Ny kandidat
Alfa Kalikrat AB,5591717052,Box 6262,102 34,Stockholm,Stockholm,0.3,2025,1,2018,,,Ny kandidat
365 Staffing Sweden AB,5593588683,"c/o Bravoekonomi AB, Värtavägen 29",115 29,Stockholm,Stockholm,0.3,2024,0,2022,,,Ny kandidat
Väddö Mc & Allservice AB,5593924219,Kornvägen 5,764 30,Väddö,Norrtälje,0.3,2025,1-4,2022,,,Ny kandidat
Twist AB,5590981923,Sven Beckmans Väg 20,196 34,Kungsängen,Upplands-Bro,0.3,2025,1,2017,,,Ny kandidat
Trädplockaren i Stockholm AB,5564314341,Bastuuddsvägen 8,139 54,Värmdö,Värmdö,0.3,2025,1,1991,,,Ny kandidat
Unica personal AB,5568715675,Gömmarvägen 1 b,141 32,Huddinge,Huddinge,0.3,2025,1,2011,,,Ny kandidat
UR GROUP AB,5593267965,Kumla 11,186 97,Brottby,Vallentuna,0.3,2025,1,2021,,,Ny kandidat
Teira AB,5569646507,Färentunagränd 17,194 55,Upplands Väsby,Upplands Väsby,0.3,2026,0,2014,,,Ny kandidat
Tabnak AB,5594551466,Ciderfabrikens Väg 44,195 59,Märsta,Sigtuna,0.3,2025,0,2023,,,Ny kandidat
Svalbo Vård AB,5595322669,Tollareslingan 26,132 49,Saltsjö-Boo,Nacka,0.3,2025,1-4,2025,,,Ny kandidat
Stoltberg Group AB,5591527105,Marieborgsgatan 69 Lgh 1304,174 63,Sundbyberg,Sundbyberg,0.3,2025,2,2018,,,Ny kandidat
Rickard Flodin Psykoterapi AB,5568927619,Mjölknäsvägen 2,134 65,Ingarö,Värmdö,0.3,2025,0,2012,,,Ny kandidat
Prestationskompaniet Sverige AB,5569291130,Lundby 302,195 92,Märsta,Sigtuna,0.3,2025,0,2013,,,Ny kandidat
Pia Ahldin Vårdkonsult AB,5591787931,Filanvägen 79,134 65,Ingarö,Värmdö,0.3,2025,1,2018,,,Ny kandidat
Partnia AB,5591643746,Nora Bruk 2,179 96,Svartsjö,Ekerö,0.3,2025,0,2018,,,Ny kandidat
PROJAGRUPPEN AB,5565975561,Södra Kopparmoravägen 51,139 55,Värmdö,Värmdö,0.3,2025,1,2000,,,Ny kandidat
Norrorts Fastighetsskötsel AB,5592167471,Rödbosundsvägen 11,184 60,Åkersberga,Österåker,0.3,2025,0,2019,,,Ny kandidat
Monce AB,5592136153,Småskärsvägen 56,134 32,Gustavsberg,Värmdö,0.3,2025,1,2019,,,Ny kandidat
Medcompany AB,5562000686,Skrakvägen 85,184 62,Åkersberga,Österåker,0.3,2024,0,1979,,,Ny kandidat
Lecalife Hälsa AB,5568449069,Parkvägen 19,191 41,Sollentuna,Sollentuna,0.3,2025,1-4,2011,,,Ny kandidat
LTKAB AB,5593923476,Skallbaravägen 28,184 95,Ljusterö,Österåker,0.3,2025,0,2022,,,Ny kandidat
Imer property AB,5594981788,Solskensgränd 14,176 66,Järfälla,Järfälla,0.3,2025,1,2024,,,Ny kandidat
Gröna Gården Service AB,5592089352,Ebba Brahes Väg 8,192 69,Sollentuna,Sollentuna,0.3,2024,1,2019,,,Ny kandidat
Gott Val AB,5569954273,Strandpromenaden 37,131 50,Saltsjö-Duvnäs,Nacka,0.3,2024,1,2014,,,Ny kandidat
Farbaute Entreprenad AB,5590453469,Box 2024,151 02,Södertälje,Södertälje,0.3,2025,0,2015,,,Ny kandidat
EngineerIT Sollentuna AB,5592405376,Kavallerivägen 1,192 78,Sollentuna,Sollentuna,0.3,2025,0,2020,,,Ny kandidat
Be.Allservice AB,5595192088,Lindhovs Gård 4,145 90,Norsborg,Botkyrka,0.3,2025,1,2025,,,Ny kandidat
Becher Nordic AB,5593847410,Norrtäljevägen 378,761 74,Norrtälje,Norrtälje,0.3,2025,1,2022,,,Ny kandidat
Amina Clary AB,5594050014,Snapphanevägen 228 Lgh 1102,177 55,Järfälla,Järfälla,0.3,2025,1-4,2022,,,Ny kandidat
"AB Carl Carlsson Consulting, ABC3",5593708398,Kanholmsviksvägen 39,139 74,Djurhamn,Värmdö,0.3,2025,1,2022,,,Ny kandidat
Åsgärdet Gård AB,5594122821,Essunga Åsgärdet 402,465 94,Nossebro,Essunga,0.3,2025,0,2022,,,Ny kandidat
Weihard Bemanning AB,5593285942,Norra Härene Fogdegården 1,531 92,Lidköping,Lidköping,0.3,2025,2,2021,,,Ny kandidat
Vårdsken AB,5592281827,Odinslundsgatan 25,412 66,Göteborg,Göteborg,0.3,2025,1,2019,,,Ny kandidat
Sluttampen 92 i Kinna AB,5563203719,Ömmesala 3,514 52,Länghem,Tranemo,0.3,2025,1,1988,,,Ny kandidat
RS Business Solutions AB,5595123463,Zenitgatan 4,415 62,Göteborg,Göteborg,0.3,2025,0,2024,,,Ny kandidat
Ocean Crew Sweden AB,5569277659,Sandenvägen 51,423 43,Torslanda,Göteborg,0.3,2025,0,2013,,,Ny kandidat
Mimmi AB,5594608761,Kruthusgatan 8,535 30,Kvänum,Vara,0.3,2025,0,2023,,,Ny kandidat
MT.Proffs AB,5592232879,"c/o HAYATLEH, YASER, Senapsgatan 11 Lgh 1502",424 43,Angered,Göteborg,0.3,2023,1,2019,,,Ny kandidat
MK Bevakningstjänst AB,5595344242,Theres Svenssons Gata 15 Seaside,417 55,Göteborg,Göteborg,0.3,2025,1-4,2025,,,Ny kandidat
M8 Elektro AB,5592851702,Hästängegatan 100,462 41,Vänersborg,Vänersborg,0.3,2025,5-9,2020,,,Ny kandidat
Johannesson & Seleskog Holding AB,5593860926,Tollebol 310,662 91,Åmål,Åmål,0.3,2024,0,2022,,,Ny kandidat
JUST DELIVEROO LOGISTICS AB,5594196312,Ovädersgatan 10 b,418 34,Göteborg,Göteborg,0.3,2025,10-19,2023,,,Ny kandidat
Inre Fitness Göteborg AB,5592489883,Hammarvägen 246,421 65,Västra Frölunda,Göteborg,0.3,2025,1-4,2020,,,Ny kandidat
Ellertz Frakt & Service AB,5566254933,Långängen 17 c,417 06,Göteborg,Göteborg,0.3,2025,1,2002,,,Ny kandidat
Elham consulting AB,5594697434,Norra Breviksvägen 51,421 67,Västra Frölunda,Göteborg,0.3,2025,0,2024,,,Ny kandidat
Daniel Alexandersson AB,5590587282,Västra Tornvägen 3,453 38,Lysekil,Lysekil,0.3,2025,0,2016,,,Ny kandidat
DD Allservice AB,5592955578,Björkvägen 10,461 44,Trollhättan,Trollhättan,0.3,2025,0,2021,,,Ny kandidat
Crieteria AB,5568994338,Tångenvägen 2,475 40,Hönö,Öckerö,0.3,2025,1,2012,,,Ny kandidat
Brålanda Uthyrning & Entreprenad AB,5568134620,Vällebergsvägen 11 d,459 30,Ljungskile,Uddevalla,0.3,2025,1,2010,,,Ny kandidat
Bergman Consulting i Lysekil AB,5592962384,Vikenvägen 7,453 30,Lysekil,Lysekil,0.3,2026,1,2021,,,Ny kandidat
BB-Industriteknik AB,5568725229,Norra Kedum Blåklockan 2,531 97,Lidköping,Lidköping,0.3,2025,0,2011,,,Ny kandidat
AO Care AB,5594803396,Siriusgatan 86,415 53,Göteborg,Göteborg,0.3,2025,0,2024,,,Ny kandidat
AMD service crew AB,5593778029,Glasliden Götala 1,532 94,Skara,Skara,0.3,2025,0,2022,,,Ny kandidat
Acapio AB,5566746847,Eklanda Gård 132,431 59,Mölndal,Mölndal,0.3,2025,1,2005,,,Ny kandidat
ABS Rad Consulting AB,5593494676,Rundradiogatan 14 c Lgh 1101,421 35,Västra Frölunda,Göteborg,0.3,2025,1,2021,,,Ny kandidat
Visitet AB,5593116121,Sundskajen 6 a,216 43,Limhamn,Malmö,0.3,2025,1,2021,,,Ny kandidat
Steffes Allservice AB,5594426511,"c/o Bolagspartner avveckling, Box 1067",221 04,Lund,Lund,0.3,2025,1,2023,,,Ny kandidat
Sjöströms mark & Service AB,5593937104,"c/o Bolagspartner avveckling, Box 1067",221 04,Lund,Lund,0.3,2025,1,2022,,,Ny kandidat
Rail and Way Bsafe AB,5594985243,Smedgatan 8,274 36,Skurup,Skurup,0.3,2025,1,2024,,,Ny kandidat
RESERVKRAFT Redovisning AB,5590963962,Gamle Mossevägen 13-22,275 72,Lövestad,Sjöbo,0.3,2024,0,2017,,,Ny kandidat
PRASANN human resource AB,5594922535,"c/o NEHA NANDA & PRAGATI MRINAL, Folke Bernadottes Väg 361",256 57,Ramlösa,Helsingborg,0.3,2025,1,2024,,,Ny kandidat
NAFEL MEDIC AB,5592273352,Konsultgatan 26 Lgh 1002,215 69,Malmö,Malmö,0.3,2025,1,2019,,,Ny kandidat
Medzia AB,5591051379,Solhemsgatan 13,216 20,Malmö,Malmö,0.3,2024,0,2017,,,Ny kandidat
May Care AB,5593219370,Apoteksgatan 1 b,245 31,Staffanstorp,Staffanstorp,0.3,2025,1,2021,,,Ny kandidat
Lancing Vita AB,5592616006,Sandhammarvägen 253,271 77,Löderup,Ystad,0.3,2025,1,2020,,,Ny kandidat
LVK Konsult Bemanning AB,5593767279,Rättaregatan 86,253 56,Mörarp,Helsingborg,0.3,2025,1,2022,,,Ny kandidat
Installatören Södra AB,5591996680,Kometvägen 2,245 34,Staffanstorp,Staffanstorp,0.3,2025,1,2019,,,Ny kandidat
Human Growth HUG AB,5592566169,Stolpegatan 73,296 35,Åhus,Kristianstad,0.3,2025,1,2020,,,Ny kandidat
Hennigor Group Aktiebolag,5590658588,Sandåkersgatan 6,252 31,Helsingborg,Helsingborg,0.3,2025,1,2016,,,Ny kandidat
ERS Work Power AB,5591790802,Norra Skolgatan 2 a,264 33,Klippan,Klippan,0.3,2025,0,2018,,,Ny kandidat
Cigar Club Skåne AB,5594044827,Godtemplaregatan 11,281 31,Hässleholm,Hässleholm,0.3,2025,0,2022,,,Ny kandidat
Bygghjälpen i Malmö AB,5592778590,Kantyxegatan 3,213 76,Malmö,Malmö,0.3,2025,0,2020,,,Ny kandidat
Big Stars Bemanning AB,5594539255,"c/o Stars Sällskaps Förening, Käglingevägen 154",238 43,Oxie,Malmö,0.3,2024,1,2023,,,Ny kandidat
Andrina Nursing AB,5593790826,Bolagsgatan 4,211 44,Malmö,Malmö,0.3,2025,0,2022,,,Ny kandidat
Altrix Consulting AB,5593580086,Vegagatan 4,234 32,Lomma,Lomma,0.3,2025,1,2021,,,Ny kandidat
Akilles Rehab AB,5594113960,Sjödikenvägen 140,233 35,Svedala,Svedala,0.3,2025,1,2022,,,Ny kandidat
Viktigt Lärande Sverige AB,5593015141,Himnavägen 59,585 65,Linghem,Linköping,0.3,2025,0,2021,,,Ny kandidat
Tornfjäll Health & Care AB,5592550775,Linköpingsvägen 20,591 36,Motala,Motala,0.3,2025,0,2020,,,Ny kandidat
Servicekompaniet i Norrköping AB,5595229658,Fridhemsvägen 3,602 13,Norrköping,Norrköping,0.3,2025,0,2025,,,Ny kandidat
PeJaLo AB,5594196262,Uranstigen 12,587 29,Linköping,Linköping,0.3,2025,1,2023,,,Ny kandidat
Janne Henrysson alltjänst AB,5590596267,Alvestadsvägen 40,617 71,Kimstad,Norrköping,0.3,2025,0,2016,,,Ny kandidat
Frate AB,5592131758,Fähusgatan 12,603 72,Norrköping,Norrköping,0.3,2025,1,2019,,,Ny kandidat
Bergs Säkerhetsrådgivning AB,5569555245,Kungsbro 21,585 78,Vreta Kloster,Linköping,0.3,2025,1,2013,,,Ny kandidat
DuvSam AB,5591684542,Fullerö Duvboda 318,755 94,Uppsala,Uppsala,0.3,2025,0,2018,,,Ny kandidat
Asp Invest AB,5594078718,Åskmolnsvägen 18,743 35,Storvreta,Uppsala,0.3,2025,0,2022,,,Ny kandidat
Pamme AB,5592392871,Stockholmsvägen 16,746 33,Bålsta,Håbo,0.3,2025,1,2020,,,Ny kandidat
Lars Thures Alltjänst AB,5590556261,Bredsandsvägen 47,749 48,Enköping,Enköping,0.3,2024,1,2016,,,Ny kandidat
Inges Häv & Gräv AB,5593033508,Stationsgatan 2 Lgh 1208,815 38,Tierp,Tierp,0.3,2024,1,2021,,,Ny kandidat
Humi Kejerhag AB,5592215635,Lindsängsvägen 52,814 92,Skutskär,Älvkarleby,0.3,2025,0,2019,,,Ny kandidat
Daniel Frick AB,5567878813,Östuna Östunaberg 65,741 94,Knivsta,Knivsta,0.3,2024,1,2009,,,Ny kandidat
Cognitum AB,5595065912,Färjevägen 36,814 41,Skutskär,Älvkarleby,0.3,2026,1,2024,,,Ny kandidat
Tenhults Smide AB,5569096232,Mellangårdsvägen 2,563 93,Gränna,Jönköping,0.3,2025,0,2012,,,Ny kandidat
NACIRA Konsult AB,5567178669,Orangerivägen 30,554 38,Jönköping,Jönköping,0.3,2025,1,2006,,,Ny kandidat
Execora Consulting AB,5593012577,Fridhemsvägen 29,553 02,Jönköping,Jönköping,0.3,2025,2,2021,,,Ny kandidat
BJ Konsult & Bemanning AB,5563476604,Skogsstigen 8,554 39,Jönköping,Jönköping,0.3,2025,1,1989,,,Ny kandidat
Jaka i Vaggeryd AB,5568935711,Bratteborgs Gård 1,567 92,Vaggeryd,Vaggeryd,0.3,2025,1,2012,,,Ny kandidat
Hummingbird Consulting AB,5592432115,Bänkformarevägen 4,331 91,Värnamo,Värnamo,0.3,2025,1,2020,,,Ny kandidat
Bemanningsakuten AB,5569621823,Mosslegatan 38,331 33,Värnamo,Värnamo,0.3,2025,1,2014,,,Ny kandidat
Västkustpojkarna AB,5568891989,Ekelundsvägen 9,429 42,Särö,Kungsbacka,0.3,2025,1,2012,,,Ny kandidat
SamSal Konsult hälsa AB,5592679400,Nissagatan 5,313 50,Åled,Halmstad,0.3,2025,0,2020,,,Ny kandidat
Martin K. Andersson AB,5591642326,Gödestadsvägen 11 a,432 33,Varberg,Varberg,0.3,2025,1,2018,,,Ny kandidat
A3 Bemanning AB,5593393274,Ålvägen 6,432 74,Träslövsläge,Varberg,0.3,2025,1,2021,,,Ny kandidat
STAFF FLOW SWEDEN AB,5594988866,Versgatan 26 a,703 73,Örebro,Örebro,0.3,2025,0,2024,,,Ny kandidat
Pacific AB,5591868509,Skärmartorp 20,719 93,Vintrosa,Lekeberg,0.3,2024,0,2018,,,Ny kandidat
E Hofling Förvaltning AB,5590374251,Nynäs Säteri 101,692 91,Kumla,Kumla,0.3,2025,1,2015,,,Ny kandidat
CK properties i Laxå AB,5590586953,Rådjursstigen 22,695 31,Laxå,Laxå,0.3,2025,0,2016,,,Ny kandidat
Bramac Skog AB,5566677794,Kvarngatan 15,714 31,Kopparberg,Ljusnarsberg,0.3,2024,1,2004,,,Ny kandidat
The Nice Little Group Company AB,5593151839,Studsvik 2,611 99,Tystberga,Nyköping,0.3,2025,0,2021,,,Ny kandidat
SW Entreprenad i Mälardalen AB,5594830076,Vallonvägen 8 c,647 51,Åkers Styckebruk,Strängnäs,0.3,2025,1,2024,,,Ny kandidat
MR Städ och Bygg AB,5568657190,Hällby 1,632 39,Eskilstuna,Eskilstuna,0.3,2025,1,2011,,,Ny kandidat
Holm & Kinnander AB,5568758766,Bergshammar Solvägen 9,611 50,Nyköping,Nyköping,0.3,2025,1,2011,,,Ny kandidat
Hanask AB,5594250325,Svarvarvägen 4,611 72,Stigtomta,Nyköping,0.3,2025,1,2023,,,Ny kandidat
Scandinavian Energy Service AB,5590022975,Täppvägen 28,792 32,Mora,Mora,0.3,2025,0,2015,,,Ny kandidat
Nouvelle Försäljnings Aktiebolag,5562963255,Stora Efrikgården 5,791 91,Falun,Falun,0.3,2025,0,1987,,,Ny kandidat
Mobilhyra i Sverige AB,5591572564,Box 2017,781 02,Borlänge,Borlänge,0.3,2025,1,2018,,,Ny kandidat
Dala Rental AB,5591567200,Hammarfallsgatan 17,771 50,Ludvika,Ludvika,0.3,2025,0,2018,,,Ny kandidat
AB BodoWest,5568728470,Bispberg 182,783 90,Säter,Säter,0.3,2025,1,2011,,,Ny kandidat
VårdKransen AB,5593825440,Hantverkargatan 36,813 30,Hofors,Hofors,0.3,2025,1,2022,,,Ny kandidat
ViKtory by Ewa AB,5594063793,Skästravägen 175,827 94,Ljusdal,Ljusdal,0.3,2026,1,2022,,,Ny kandidat
SamEvent AB,5595420760,Polhemsgatan 13,811 60,Sandviken,Sandviken,0.3,2025,3,2025,,,Ny kandidat
SUNDKVIST EL & ENTREPRENAD AB,5594829334,Bergsgatan 39 a,813 32,Hofors,Hofors,0.3,2025,1,2024,,,Ny kandidat
Fivena Medical AB,5594248949,Skinnarevägen 9,824 51,Hudiksvall,Hudiksvall,0.3,2025,0,2023,,,Ny kandidat
AB Dofvatorpet,5569493405,Dofvatorpet 1,827 93,Ljusdal,Ljusdal,0.3,2025,1,2013,,,Ny kandidat
Stora Årsås Gård AB,5593453896,Årsås 409,664 94,Vålberg,Karlstad,0.3,2025,1,2021,,,Ny kandidat
Ropa Vieja AB,5591617203,Bärstavägen 5,663 44,Hammarö,Hammarö,0.3,2025,0,2018,,,Ny kandidat
Mangwood AB,5592765985,Tobyn Bråten 1,671 96,Mangskog,Arvika,0.3,2024,1,2020,,,Ny kandidat
Khalili Medical AB,5592141989,Norra Karlsgrundsgatan 1,653 42,Karlstad,Karlstad,0.3,2025,1,2019,,,Ny kandidat
Enbackens Musteri AB,5593495558,Mejerigatan 2,653 43,Karlstad,Karlstad,0.3,2024,1,2021,,,Ny kandidat
AB GoW Konsult,5592279151,Basvägen 8,654 68,Karlstad,Karlstad,0.3,2025,1,2019,,,Ny kandidat
Svartemark entreprenad AB,5590220272,Broby 5,725 96,Västerås,Västerås,0.3,2025,1,2015,,,Ny kandidat
HälsAnn by me AB,5594087206,Finnsta 1,725 93,Västerås,Västerås,0.3,2025,1,2022,,,Ny kandidat
PK i Norr AB,5568344567,Björkplan 3 g Lgh 1002,981 42,Kiruna,Kiruna,0.3,2025,1,2010,,,Ny kandidat
Lito Arvidsjaur AB,5594624560,Fiskarvägen 18,933 33,Arvidsjaur,Arvidsjaur,0.3,2025,0,2023,,,Ny kandidat
Jonsson i Norr AB,5594571175,Byggyrkesgatan 30,933 34,Arvidsjaur,Arvidsjaur,0.3,2025,1,2023,,,Ny kandidat
Emil Westman Hyrchaffis & Mek AB,5594798018,Nygårdsvägen 71,941 46,Piteå,Piteå,0.3,2025,1,2024,,,Ny kandidat
Creative North AB,5593039794,Fäbodstigen 6,982 39,Gällivare,Gällivare,0.3,2025,1,2021,,,Ny kandidat
Care by Svensson AB,5593573008,Övrabyvägen 13,942 36,Älvsbyn,Älvsbyn,0.3,2025,1,2021,,,Ny kandidat
Bm Performance AB,5595055889,Renvägen 11 b,961 68,Boden,Boden,0.3,2025,1-4,2024,,,Ny kandidat
Arbetskraftstjänst Nord AB,5591387740,Brännerivägen 2,954 42,Södra Sunderbyn,Luleå,0.3,2025,0,2017,,,Ny kandidat
Westerberg Konsulting AB,5593750374,Kågevägen 23,931 37,Skellefteå,Skellefteå,0.3,2025,1-4,2022,,,Ny kandidat
WenzelCare AB,5595089912,Korpralsvägen 3 b,904 32,Umeå,Umeå,0.3,2025,1,2024,,,Ny kandidat
ProHire Bemanning Sverige AB,5594830910,Åbyn 23,934 97,Byske,Skellefteå,0.3,2025,1,2024,,,Ny kandidat
Nyström Service & Tjänster AB,5568678329,Storgatan 11,939 31,Malå,Malå,0.3,2025,0,2011,,,Ny kandidat
NordJämtlands Invest & Kompetens AB,5592921042,Saxåmon 12,833 91,Norråker,Dorotea,0.3,2025,0,2020,,,Ny kandidat
LKCN AB,5594252172,Långgatan 41,904 21,Umeå,Umeå,0.3,2024,0,2023,,,Ny kandidat
Jgskog o fastighet AB,5595330670,Höglandsvägen 46,917 02,Högland,Dorotea,0.3,2025,1-4,2025,,,Ny kandidat
Doromodulen AB,5590534946,Storgatan 61,917 32,Dorotea,Dorotea,0.3,2025,1-4,2016,,,Ny kandidat
CaJon Nature AB,5567191506,Östanåvägen 33,920 70,Sorsele,Sorsele,0.3,2025,1,2006,,,Ny kandidat
Leek Konsult AB,5569116261,Högliden 27,577 71,Virserum,Hultsfred,0.3,2025,0,2012,,,Ny kandidat
F.G:s Personaluthyrning AB,5569016891,Repslagaregatan 7,593 50,Västervik,Västervik,0.3,2025,1,2012,,,Ny kandidat
Elinor Grupp AB,5592078272,Storgatan 95,577 34,Hultsfred,Hultsfred,0.3,2024,4,2019,,,Ny kandidat
Berges Allservice AB,5591189609,Tredje Västralundsgatan 14,593 37,Västervik,Västervik,0.3,2025,1,2017,,,Ny kandidat
DK Grimslöv AB,5594631417,Ringvägen 14,342 54,Grimslöv,Alvesta,0.3,2025,1,2023,,,Ny kandidat
AF Group AB,5594305574,Arabygatan 16,352 36,Växjö,Växjö,0.3,2025,0,2023,,,Ny kandidat
Wikman Kraft AB,5592274186,Solumshamn 242,871 66,Härnösand,Härnösand,0.3,2025,0,2019,,,Ny kandidat
Tid & Rum i Åre AB,5590529888,Lassöviken 110,862 96,Njurunda,Sundsvall,0.3,2025,1,2016,,,Ny kandidat
OB Konsultbemanning AB,5594093832,Nyängetsvägen 53,892 32,Domsjö,Örnsköldsvik,0.3,2025,1,2022,,,Ny kandidat
DH Lackering AB,5594763277,Gottne 255,895 95,Mellansel,Örnsköldsvik,0.3,2025,1,2024,,,Ny kandidat
Tomsell AB,5569843492,Gullbernavägen 1 b,371 43,Karlskrona,Karlskrona,0.3,2025,1,2014,,,Ny kandidat
K.A.S.H AB,5592456023,Gärdesvägen 2,371 60,Lyckeby,Karlskrona,0.3,2025,1,2020,,,Ny kandidat
ZeLé Café AB,5593194201,Vallarvägen 128,846 97,Bruksvallarna,Härjedalen,0.3,2025,1,2021,,,Ny kandidat
Valne Fastigheter AB,5594657073,Storsjöstråket 15 Östersund Ab,831 57,Östersund,Östersund,0.3,2025,0,2023,,,Ny kandidat
Sam Thunegård AB,5593902710,Sösjö 360,843 93,Bräcke,Bräcke,0.3,2025,1-4,2022,,,Ny kandidat
La Rêve AB,5594423583,Huså,837 94,Järpen,Åre,0.3,2025,0,2023,,,Ny kandidat
JP Schakt AB,5595188425,Blomstigen 37,834 32,Brunflo,Östersund,0.3,2025,1,2025,,,Ny kandidat
Herrevadsströmmens Fiske och Stugor AB,5594599424,Herrevadsströmmen 150,843 96,Gällö,Bräcke,0.3,2025,0,2023,,,Ny kandidat
Rauk Auto AB,5592708738,Cypressgatan 6,621 58,Visby,Gotland,0.3,2025,0,2020,,,Ny kandidat
Work4joy AB,5569427593,Sankt Mickelsgatan 91,129 43,Hägersten,Stockholm,0.2,2025,1,2013,,,Ny kandidat
Widlund Elteknik AB,5592450018,Hydraulvägen 9,616 34,Åby,Norrköping,0.2,2025,1,2020,,,Ny kandidat
WES AB,5564664786,Minerva,178 93,Drottningholm,Ekerö,0.2,2025,0,1993,,,Ny kandidat
VPA Ansvar AB,5592572860,Klackvägen 16,126 39,Hägersten,Stockholm,0.2,2024,0,2020,,,Ny kandidat
Valley Recruitment AB,5592777980,Apelsinvägen 86,741 31,Knivsta,Knivsta,0.2,2025,0,2020,,,Ny kandidat
Two Posts Solutions AB,5594226739,Malvavägen 12,746 51,Bålsta,Håbo,0.2,2025,1,2023,,,Ny kandidat
Trequartista AB,5591707186,Kungsvägen 21,182 79,Stocksund,Danderyd,0.2,2025,1,2018,,,Ny kandidat
Tomas Vidhall AB,5592788987,Hara 638,832 94,Orrviken,Östersund,0.2,2025,0,2020,,,Ny kandidat
Thought Agile Sweden AB,5592713126,Marstrandsgatan 4,418 71,Göteborg,Göteborg,0.2,2024,0,2020,,,Ny kandidat
The Golden Mindset AB,5591687750,Magnus Ladulåsgatan 3,118 65,Stockholm,Stockholm,0.2,2024,1,2018,,,Ny kandidat
TalentSwift AB,5594785643,Mölndalsvägen 39 Lgh 1303,412 63,Göteborg,Göteborg,0.2,2025,0,2024,,,Ny kandidat
Tech Recruitment i Södermanland AB,5569238867,Valhallavägen 157 Nr1202,115 53,Stockholm,Stockholm,0.2,2025,0,2013,,,Ny kandidat
TalentForce Sweden AB,5595070045,Lobovägen 19,237 34,Bjärred,Lomma,0.2,2025,1,2024,,,Ny kandidat
TINS AB,5591814917,Karlavägen 66 Lgh 1303,114 59,Stockholm,Stockholm,0.2,2025,0,2018,,,Ny kandidat
Synk Juridik AB,5567408702,Strandvägen 47,114 56,Stockholm,Stockholm,0.2,2025,0,2007,,,Ny kandidat
Svenska Interimgruppen AB,5591774525,Markörvägen 13,191 44,Sollentuna,Sollentuna,0.2,2025,0,2018,,,Ny kandidat
Svensk Pooltjänst AB,5594990821,Fågelsångsvägen 6,186 42,Vallentuna,Vallentuna,0.2,2025,0,2024,,,Ny kandidat
Svea Kompetens AB,5595211888,Näsbydalsvägen 14 Lgh 1504,183 37,Täby,Täby,0.2,2025,0,2025,,,Ny kandidat
Stz Consulting AB,5592836547,Rosengatan 8,172 70,Sundbyberg,Sundbyberg,0.2,2025,0,2020,,,Ny kandidat
Ström Educare AB,5595213934,Sickla Strand 9,131 34,Nacka,Nacka,0.2,2025,1,2025,,,Ny kandidat
StenEng Service AB,5563374437,Industrigatan 6,335 73,Hillerstorp,Gnosjö,0.2,2025,1,1988,,,Ny kandidat
Socionomkonsult Lena Wörlund AB,5591353700,"c/o Karin Rylenius, Genomgången 3",831 61,Östersund,Östersund,0.2,2024,1,2017,,,Ny kandidat
Skill Collective Sweden AB,5592952351,Humlaryd 1,342 92,Alvesta,Alvesta,0.2,2025,0,2021,,,Ny kandidat
Sifferverket i Sverige AB,5566334727,Grev Turegatan 30,114 38,Stockholm,Stockholm,0.2,2025,1,2002,,,Ny kandidat
Scandinavia AISS AB,5568650849,Kvartsvägen 33,506 70,Frufällan,Borås,0.2,2025,0,2011,,,Ny kandidat
Relio AB,5594838285,Lundblads Väg 8,182 33,Danderyd,Danderyd,0.2,2025,0,2024,,,Ny kandidat
Recruitmore Sverige AB,5592514359,Kyrkogatan 5,662 31,Åmål,Åmål,0.2,2024,0,2020,,,Ny kandidat
Recruitler AB,5593015885,Första Magasinsgatan 3,803 10,Gävle,Gävle,0.2,2025,0,2021,,,Ny kandidat
Radwer AB,5593847691,Hällbybacken 20,163 70,Spånga,Stockholm,0.2,2025,0,2022,,,Ny kandidat
Prefabutveckling Svenska AB,5567247258,Brahegatan 29,114 37,Stockholm,Stockholm,0.2,2025,0,2007,,,Ny kandidat
Peyron Rekrytering AB,5566386537,Starrängsringen 45 3tr,115 50,Stockholm,Stockholm,0.2,2025,1,2003,,,Ny kandidat
Pete Consulting AB,5594514175,Stigbergsliden 10 a,553 11,Jönköping,Jönköping,0.2,2024,1,2023,,,Ny kandidat
Personalkompetens i Sverige AB,5569100190,Tjärhovsgatan 42 a Lgh 1002,116 28,Stockholm,Stockholm,0.2,2025,1,2012,,,Ny kandidat
Personal Trust - Carloni Aktiebolag,5564883436,Kärleksgatan 2,211 45,Malmö,Malmö,0.2,2025,1,1994,,,Ny kandidat
Oneday fitness AB,5594845074,Ringvägen 9,737 41,Fagersta,Fagersta,0.2,2025,0,2024,,,Ny kandidat
Octarium AB,5569353054,Tingvallavägen 7 a,195 31,Märsta,Sigtuna,0.2,2025,5,2013,,,Ny kandidat
Nutrix Servitum AB,5569084709,Tröskladevägen 31,794 95,Skattungbyn,Orsa,0.2,2025,1,2012,,,Ny kandidat
Nordisk jobb & service AB,5594522285,Stationsvägen 12,737 40,Fagersta,Fagersta,0.2,2025,0,2023,,,Ny kandidat
Nordic Workforce AB,5591764740,Lång Billsviken,664 91,Grums,Grums,0.2,2025,2,2018,,,Ny kandidat
Nobi People AB,5592823511,Norra Kungsgatan 1,803 20,Gävle,Gävle,0.2,2024,1,2020,,,Ny kandidat
Nitix AB,5566821871,Krabbes Väg 8 a,432 52,Varberg,Varberg,0.2,2025,1,2005,,,Ny kandidat
Nilsons Restaurangservice AB,5594652702,Bromstensvägen 150,163 57,Spånga,Stockholm,0.2,2025,3,2023,,,Ny kandidat
N.K.R Consulting AB,5592695190,Skvaltagatan 8 a,194 54,Upplands Väsby,Upplands Väsby,0.2,2025,1,2020,,,Ny kandidat
Min Byrå Resurs i Östersund AB,5594694449,Målsta 326,832 93,Frösön,Östersund,0.2,2025,1,2024,,,Ny kandidat
Meritcentrum jobb och utbildnings matchning i Göteborg AB,5592661747,"c/o Björklund Ekelund Advokatbyrå, Järnvägstorget 1",452 31,Strömstad,Strömstad,0.2,2024,0,2020,,,Ny kandidat
Martinsson Consulting AB,5593390452,Ljungvägen 22,792 37,Mora,Mora,0.2,2025,1,2021,,,Ny kandidat
Marc Hagberg Konsult AB,5565775706,Forsbackagatan 19,123 43,Farsta,Stockholm,0.2,2025,0,1999,,,Ny kandidat
Magnolia Executive Search AB,5595267559,Sankt Eriksgatan 77,113 32,Stockholm,Stockholm,0.2,2025,1,2025,,,Ny kandidat
MJF Consulting AB,5592744261,Mjöfjärden 871,955 91,Råneå,Luleå,0.2,2025,0,2020,,,Ny kandidat
Lovorda AB,5590119540,Muskötvägen 7 a,184 60,Åkersberga,Österåker,0.2,2024,3,2015,,,Ny kandidat
Lejdal Production AB,5594911561,Österhaningevägen 35,137 95,Österhaninge,Haninge,0.2,2025,1,2024,,,Ny kandidat
Krut AB,5565235826,Dalkarlsvägen 14,182 55,Djursholm,Danderyd,0.2,2025,1,1995,,,Ny kandidat
Katarina Stehn AB,5568146863,Midsommarvägen 103,976 31,Luleå,Luleå,0.2,2025,1,2010,,,Ny kandidat
Kalmar bra bygg och grund AB,5566439575,Larmgatan 28 c,392 32,Kalmar,Kalmar,0.2,2025,0,2003,,,Ny kandidat
Jobbolaget i Sverige AB,5567991285,Storgatan 36,302 43,Halmstad,Halmstad,0.2,2025,1,2010,,,Ny kandidat
Jobbcentrum Sverige AB,5593901167,Ystadvägen 17,214 30,Malmö,Malmö,0.2,2025,1-4,2022,,,Ny kandidat
Jobb Agenten i Sverige AB,5592811904,Huskvarnavägen 40,554 54,Jönköping,Jönköping,0.2,2025,1,2020,,,Ny kandidat
JPX AB,5594656216,Hanö Fyrs Väg 4 a,423 40,Torslanda,Göteborg,0.2,2025,1,2023,,,Ny kandidat
J&B Delikatesser Aktiebolag,5562933670,Hjortvägen 36,132 45,Saltsjö-Boo,Nacka,0.2,2026,0,1987,,,Ny kandidat
J Hedman Skog och Förvaltning i Öreström AB,5592331903,Öreström 79,916 93,Bjurholm,Bjurholm,0.2,2025,0,2019,,,Ny kandidat
Institutet för svensk kompetensförsörjning aktiebolag,5593665234,Renmarkstorget 5 d,903 26,Umeå,Umeå,0.2,2024,1,2022,,,Ny kandidat
Ingenjörskraft Rekryteringspartner AB,5567457683,Timjanvägen 10,227 38,Lund,Lund,0.2,2025,0,2007,,,Ny kandidat
Inblick framtiden AB,5593863938,Skvadronvägen 11,702 27,Örebro,Örebro,0.2,2025,1,2022,,,Ny kandidat
Idébanken HR Sverige AB,5592184732,"c/o IBG HR AB, Kronborgsgränd 19",164 46,Kista,Stockholm,0.2,2024,0,2019,,,Ny kandidat
INIT GROUP AB,5594095951,Bergshöjden 10,174 45,Sundbyberg,Sundbyberg,0.2,2025,0,2022,,,Ny kandidat
Healthy Performance i Sverige AB,5592647399,Tappers Väg 3,237 91,Bjärred,Lomma,0.2,2025,1,2020,,,Ny kandidat
Gustelius Consulting AB,5595332080,Skagersviksgatan 10,653 42,Karlstad,Karlstad,0.2,2025,0,2025,,,Ny kandidat
Green Grit Recruitment AB,5590344437,Kyrkogatan 16,745 31,Enköping,Enköping,0.2,2025,1-4,2015,,,Ny kandidat
Glory care AB,5591043012,Storvretsvägen 142,163 47,Spånga,Stockholm,0.2,2025,0,2017,,,Ny kandidat
Globiversal Group AB,5594387911,Gamla Riksvägen 45,428 32,Kållered,Mölndal,0.2,2025,1,2023,,,Ny kandidat
GSD Tech AB,5594390584,Döbelnsgatan 41 3tr,113 52,Stockholm,Stockholm,0.2,2025,1,2023,,,Ny kandidat
Findem AB,5569411456,Skolgatan 4 a,243 30,Höör,Höör,0.2,2025,0,2013,,,Ny kandidat
FV Medical AB,5593197972,Hedens Backe 16,427 50,Billdal,Göteborg,0.2,2025,1,2021,,,Ny kandidat
FRU Tillväxt AB,5569452211,Prästavägen 12,224 78,Lund,Lund,0.2,2025,0,2013,,,Ny kandidat
Empyrean Jobb & Rekrytering AB,5593627226,Armborstvägen 16,125 47,Älvsjö,Stockholm,0.2,2025,0,2022,,,Ny kandidat
Ebenezer-JC AB,5594518325,August Södermans Väg 2,756 57,Uppsala,Uppsala,0.2,2025,1,2023,,,Ny kandidat
ENVADA AB,5593950271,Nöthagsvägen 5 e,611 39,Nyköping,Nyköping,0.2,2025,1,2022,,,Ny kandidat
EACI Solutions AB,5594325390,Flygkårsvägen 51,183 62,Täby,Täby,0.2,2024,1,2023,,,Ny kandidat
Din HR i mellansverige AB,5567921175,Byrsta 141,692 93,Kumla,Kumla,0.2,2025,0,2009,,,Ny kandidat
Creative Burst AB,5568388176,Karusellplan 19,126 31,Hägersten,Stockholm,0.2,2025,0,2011,,,Ny kandidat
Connect Search Sweden AB,5566771613,Trälhavsvägen 26,184 60,Åkersberga,Österåker,0.2,2025,1,2005,,,Ny kandidat
Confiar AB,5594458308,Gryningsvägen 15,433 48,Partille,Partille,0.2,2025,1,2023,,,Ny kandidat
Career365 AB,5568235344,Gillbergavägen 11,619 95,Västerljung,Trosa,0.2,2025,0,2010,,,Ny kandidat
CRDB Creative Database Technology AB,5594241183,Stigbergsliden 7,414 63,Göteborg,Göteborg,0.2,2024,1-4,2023,,,Ny kandidat
CASCO Care AB,5593547762,Rönnblomsgatan 3,212 16,Malmö,Malmö,0.2,2023,1,2021,,,Ny kandidat
Buta Global AB,5591053359,Gårdsvägen 16 a,141 70,Segeltorp,Huddinge,0.2,2024,0,2017,,,Ny kandidat
Bessing Consulting AB,5590572201,Flaxenviks Bryggväg 16,184 63,Åkersberga,Österåker,0.2,2025,1,2016,,,Ny kandidat
Bemanningsstöd Sthlm AB,5592669070,Föreningsgatan 16 a,736 33,Kungsör,Kungsör,0.2,2024,1,2020,,,Ny kandidat
Bauhn Bemanning AB,5593904971,Fridas Gata 134,256 54,Ramlösa,Helsingborg,0.2,2024,1,2022,,,Ny kandidat
Balans rekrytering & interim AB,5594686445,Engelbrektsgatan 62,411 39,Göteborg,Göteborg,0.2,2025,1-4,2024,,,Ny kandidat
B. Nordwall Consulting AB,5593926818,Norevägen 14 b,182 61,Djursholm,Danderyd,0.2,2025,1,2022,,,Ny kandidat
Axcellerate Marketing AB,5567307615,Boställsvägen 31,216 21,Malmö,Malmö,0.2,2025,1,2007,,,Ny kandidat
Assistamus Bemanning AB,5593839060,Gamla Kronvägen 68 d,433 33,Partille,Partille,0.2,2025,4,2022,,,Ny kandidat
Aredu Kompetens AB,5567573893,Germundsgatan 58,644 30,Torshälla,Eskilstuna,0.2,2025,1,2008,,,Ny kandidat
Ardenfors Factory AB,5593040693,Nyboms Väg 3,614 92,Söderköping,Norrköping,0.2,2026,0,2021,,,Ny kandidat
Arbetsam Rekrytering i Sverige AB,5594357583,Stora Torggatan 14,274 34,Skurup,Skurup,0.2,2025,1-4,2023,,,Ny kandidat
Amarelle & Partners AB,5591995807,Önnerupsvägen 3,227 63,Lund,Lund,0.2,2025,0,2019,,,Ny kandidat
Allinger Sandgren AB,5592707631,Svarvargatan 11,112 49,Stockholm,Stockholm,0.2,2025,1,2020,,,Ny kandidat
Alla jobb i Skandinavien AB,5590181631,Ledebursgatan 3,211 55,Malmö,Malmö,0.2,2025,0,2015,,,Ny kandidat
Adobus Aktiebolag,5568304991,Mjölkörtsvägen 4,296 38,Åhus,Kristianstad,0.2,2025,2,2010,,,Ny kandidat
AcutusCuratio Konsult AB,5591384432,Notvägen 11,263 95,Farhult,Höganäs,0.2,2025,1,2017,,,Ny kandidat
ASF ACTUATE BUSINESS AB,5593820482,"c/o Astra Advokater KB, Mäster Samuelsgatan 42",111 57,Stockholm,Stockholm,0.2,2023,0,2022,,,Ny kandidat
AI Executive Search Edler AB,5569546178,Blasieholmsgatan 5 6tr,111 48,Stockholm,Stockholm,0.2,2025,1,2013,,,Ny kandidat
rexvion AB,5569705089,Hårdvallsgatan 28 Tr5 1503,115 46,Stockholm,Stockholm,0.2,2025,0,2014,,,Ny kandidat
Virec AB,5567126213,Söderberga Allé 58,168 62,Bromma,Stockholm,0.2,2025,1,2006,,,Ny kandidat
VJ Konsult AB,5563992972,Boforsgatan 19,123 46,Farsta,Stockholm,0.2,2025,1,1990,,,Ny kandidat
Teampartners STHLM AB,5591244123,Ruddammsbacken 42 Bv,114 21,Stockholm,Stockholm,0.2,2025,0,2017,,,Ny kandidat
Prehendo AB,5564197134,Rehnsgatan 24,113 57,Stockholm,Stockholm,0.2,2025,0,1991,,,Ny kandidat
PKGRUPPEN AB,5590089222,Sankt Göransgatan 90,112 45,Stockholm,Stockholm,0.2,2025,1,2015,,,Ny kandidat
One Smart Step AB,5568557671,"c/o Bravokon Holding AB, Värtavägen 29",115 29,Stockholm,Stockholm,0.2,2024,0,2011,,,Ny kandidat
Månland Vård AB,5591119382,Johan Skyttes Väg 235,125 34,Älvsjö,Stockholm,0.2,2025,0,2017,,,Ny kandidat
Mehdis Bygg och Transport AB,5568945983,Bjursätragatan 8,124 62,Bandhagen,Stockholm,0.2,2026,0,2012,,,Ny kandidat
MILCROSS Sweden AB,5591983480,Malaxgatan 1,164 74,Kista,Stockholm,0.2,2025,1,2019,,,Ny kandidat
Logstik service i Solna AB,5567972921,Box 3,125 21,Älvsjö,Stockholm,0.2,2024,1,2009,,,Ny kandidat
Lilla C&M AB,5590648001,Rådmansgatan 72,113 60,Stockholm,Stockholm,0.2,2025,0,2016,,,Ny kandidat
ILEMPE CARE AB,5591282487,Björnboda Torg 6 2tr,162 44,Vällingby,Stockholm,0.2,2024,1,2017,,,Ny kandidat
Hanna Eling AB,5594129529,Ruddammsbacken 28,114 21,Stockholm,Stockholm,0.2,2025,1,2022,,,Ny kandidat
Gnesta Däck AB,5591682348,"c/o Ziffran Redovisning Sverige AB, Drakenbergsgatan 61",117 41,Stockholm,Stockholm,0.2,2025,1,2018,,,Ny kandidat
Flexigroup AB,5594448978,Victor Balcks Väg 101,122 44,Enskede,Stockholm,0.2,2025,3,2023,,,Ny kandidat
Angelica Diaz AB,5590191325,Fredriksdalsgatan 24 Lgh 1143,120 32,Stockholm,Stockholm,0.2,2025,1,2015,,,Ny kandidat
Anders. I. Karlsson AB,5591279509,Fleminggatan 54,112 45,Stockholm,Stockholm,0.2,2025,1,2017,,,Ny kandidat
Abietia AB,5590902283,Fredrikslundsvägen 14,168 34,Bromma,Stockholm,0.2,2025,0,2016,,,Ny kandidat
Ybenets Aktiebolag,5569644874,Fältvägen 20,132 35,Saltsjö-Boo,Nacka,0.2,2024,1,2014,,,Ny kandidat
Ullmarks Restoration AB,5590290200,Kisala Ängsväg 9,141 91,Huddinge,Huddinge,0.2,2025,0,2015,,,Ny kandidat
TDCT AB,5592346281,Nynäsvägen 15,136 47,Haninge,Haninge,0.2,2025,1,2020,,,Ny kandidat
Strömmaligan AB,5594477613,Berghällsstigen 4,139 41,Värmdö,Värmdö,0.2,2025,0,2023,,,Ny kandidat
Sthlm Health & Care AB,5594018151,Broddstigen 7,184 94,Åkersberga,Österåker,0.2,2025,1,2022,,,Ny kandidat
Sanna Jovani AB,5593918237,Svampskogsvägen 39,186 55,Vallentuna,Vallentuna,0.2,2025,0,2022,,,Ny kandidat
Rera AB,5562728583,Gamla Vägen 30,194 67,Upplands Väsby,Upplands Väsby,0.2,2025,0,1986,,,Ny kandidat
Puis Arbetsresurs och Livsmedelstillverkning AB,5592753791,Grävlingstigen 4 b,186 43,Vallentuna,Vallentuna,0.2,2025,0,2020,,,Ny kandidat
Professional Galaxy AB,5593660524,Snickarvägen 37,197 30,Bro,Upplands-Bro,0.2,2025,1,2022,,,Ny kandidat
Pharmacita AB,5593244295,Ekorrvägen 3 a,146 38,Tullinge,Botkyrka,0.2,2025,1,2021,,,Ny kandidat
OS Service AB,5591243398,Göran Perssons Väg 3 Lgh 1203,171 55,Solna,Solna,0.2,2025,1,2017,,,Ny kandidat
Normans Lighthouse AB,5568282551,Solviksvägen 34,132 37,Saltsjö-Boo,Nacka,0.2,2025,0,2010,,,Ny kandidat
Magic Horse AB,5567792865,Fredsgatan 10,172 33,Sundbyberg,Sundbyberg,0.2,2024,0,2009,,,Ny kandidat
MW Consulting AB,5594031923,Ingentingsgatan 4,171 71,Solna,Solna,0.2,2024,1,2022,,,Ny kandidat
Kcatering AB,5594896804,Anderstorpsvägen 6,171 51,Solna,Solna,0.2,2025,1-4,2024,,,Ny kandidat
Josefine's Dans och Arbetsresurs AB,5591752356,Grävlingstigen 4,186 43,Vallentuna,Vallentuna,0.2,2025,1,2018,,,Ny kandidat
JanOil AB,5592668403,Heleneberg 2,151 96,Enhörna,Södertälje,0.2,2025,1,2020,,,Ny kandidat
Human Care Sarah's AB,5565959060,Krokusvägen 4 a,135 55,Tyresö,Tyresö,0.2,2025,0,2000,,,Ny kandidat
Hedenstiernas utbildning och medicin AB,5567769764,Slottsvägen 100,183 52,Täby,Täby,0.2,2025,0,2009,,,Ny kandidat
Grecia Care AB,5594050022,Romansvägen 36,131 53,Nacka,Nacka,0.2,2025,1,2022,,,Ny kandidat
Global Sun Engineering Sweden AB,5567290720,Bergshyddevägen 34,760 17,Blidö,Norrtälje,0.2,2025,0,2007,,,Ny kandidat
Dynamic Pharma Sweden AB,5594552670,Löparvägen 1,151 59,Södertälje,Södertälje,0.2,2025,0,2023,,,Ny kandidat
Crewhouse AB,5592278385,Malma Kvarnstig 6,139 60,Värmdö,Värmdö,0.2,2025,0,2019,,,Ny kandidat
Consour Bemanning AB,5593049967,Riggvägen 25 01-1005,149 35,Nynäshamn,Nynäshamn,0.2,2025,1,2021,,,Ny kandidat
Byggvana P AB,5595251975,Balettvägen 42,142 64,Trångsund,Huddinge,0.2,2025,1,2025,,,Ny kandidat
Bridge B.D.A.S AB,5594801663,Bergshöjden 8,174 45,Sundbyberg,Sundbyberg,0.2,2024,0,2024,,,Ny kandidat
Bilakuten Förvaltning i Södertälje AB,5567587083,Åkerivägen 3,152 42,Södertälje,Södertälje,0.2,2025,1,2008,,,Ny kandidat
Atibat AB,5590596424,Box 21,137 21,Västerhaninge,Haninge,0.2,2025,1,2016,,,Ny kandidat
Alba Jobbservice AB,5593378895,Grödingevägen 19,152 70,Södertälje,Södertälje,0.2,2025,0,2021,,,Ny kandidat
Älvsjö Tobak & Pappershandel Aktiebolag,5564538758,Fotö Brygga 18,475 45,Fotö,Öckerö,0.2,2025,0,1992,,,Ny kandidat
nsbemanning AB,5594021239,Trollbärsvägen 15,426 55,Västra Frölunda,Göteborg,0.2,2025,0,2022,,,Ny kandidat
Wejshag Invest AB,5569997520,Box 45,532 21,Skara,Skara,0.2,2025,6,2015,,,Ny kandidat
Villemo Consulting AB,5592213465,Råbäck Sofielund 1,533 94,Hällekis,Götene,0.2,2025,0,2019,,,Ny kandidat
Sofia Albinsson AB,5593130346,Svängrumsgatan 77,421 73,Västra Frölunda,Göteborg,0.2,2025,1,2021,,,Ny kandidat
SSHB Maskin AB,5593046690,Hertig Johans Gata 8,541 40,Skövde,Skövde,0.2,2024,0,2021,,,Ny kandidat
Pastimed AB,5594308487,Kerstinvägen 7 c,516 34,Dalsjöfors,Borås,0.2,2025,1,2023,,,Ny kandidat
Opus Fastighetsservice AB,5593082976,Älvvägen 13,446 37,Älvängen,Ale,0.2,2024,0,2021,,,Ny kandidat
NGVR AB,5593989014,Solnedgången 10,433 34,Partille,Partille,0.2,2025,0,2022,,,Ny kandidat
MQ Entreprenad AB,5567364954,Pålstorpsvägen 42,448 35,Floda,Lerum,0.2,2025,0,2007,,,Ny kandidat
LC Group AB,5590537485,Stora Pölsans Väg 8,423 40,Torslanda,Göteborg,0.2,2024,1,2016,,,Ny kandidat
JH Granath AB,5592647688,Kungsgatan 18,521 51,Floby,Falköping,0.2,2025,1,2020,,,Ny kandidat
JG MEKAN AB,5594166190,Persbyn 611,662 92,Åmål,Åmål,0.2,2025,0,2023,,,Ny kandidat
JSH Konsult AB,5591668131,Kaptensvägen 17,475 41,Hönö,Öckerö,0.2,2025,2,2018,,,Ny kandidat
God Doktor Falköping AB,5594850900,Elovsgatan 9,521 41,Falköping,Falköping,0.2,2025,0,2024,,,Ny kandidat
FJB HOLDING AB,5592145543,Folke Bernadottes Gata 2,411 28,Göteborg,Göteborg,0.2,2025,0,2019,,,Ny kandidat
ESIP AB,5591284756,Gottfrids Väg 6,448 36,Floda,Lerum,0.2,2025,0,2017,,,Ny kandidat
CuraBo konsult AB,5593935033,Askåkersplan 3,436 43,Askim,Göteborg,0.2,2025,1,2022,,,Ny kandidat
Blads Båt och Alltjänst AB,5594893082,Håle Kusthus 1 a Lgh 1001,456 91,Kungshamn,Sotenäs,0.2,2025,0,2024,,,Ny kandidat
AmyCare Bemanningsföretag AB,5593593105,Lekstorpsvägen 22 b,443 41,Gråbo,Lerum,0.2,2025,1,2022,,,Ny kandidat
AB Bouncer FC,5595030049,Mailbox 1426,411 42,Göteborg,Göteborg,0.2,2025,1,2024,,,Ny kandidat
Work4U Österlen AB,5591936967,Fartygsgatan 2,272 38,Brantevik,Simrishamn,0.2,2025,1-4,2019,,,Ny kandidat
Syster Mia AB,5593895237,Högbovägen 1 i,227 28,Lund,Lund,0.2,2025,1,2022,,,Ny kandidat
Pharmaprix Consulting AB,5594912361,Industrigatan 109,252 32,Helsingborg,Helsingborg,0.2,2025,0,2024,,,Ny kandidat
Parex Personalpartner AB,5594621673,Hisstornsgatan 5,216 47,Limhamn,Malmö,0.2,2025,0,2023,,,Ny kandidat
PJL Förvaltning AB,5567005771,Gullrisvägen 24 b,296 39,Åhus,Kristianstad,0.2,2025,0,2006,,,Ny kandidat
MAZ Konsult AB,5595008201,Domaregatan 12 c Lgh 1202,256 59,Helsingborg,Helsingborg,0.2,2025,0,2024,,,Ny kandidat
Kristianstad Recruit Help AB,5591155485,Solringsvägen 21,291 51,Kristianstad,Kristianstad,0.2,2025,1,2017,,,Ny kandidat
JZ Konsulting AB,5594452194,Lerbråkavägen 10,238 40,Oxie,Malmö,0.2,2025,0,2023,,,Ny kandidat
H Hammarstrand Medical Consulting AB,5593350993,Barlastgatan 24 Lgh 1203,216 45,Limhamn,Malmö,0.2,2025,1,2021,,,Ny kandidat
Flexibel bemanning Skåne AB,5594928409,Näsbychaussén 94,291 36,Kristianstad,Kristianstad,0.2,2026,1,2024,,,Ny kandidat
First Bambus AB,5594000332,Borstnejlikegatan 18,291 58,Kristianstad,Kristianstad,0.2,2025,1,2022,,,Ny kandidat
FRS aktiebolag,5593764821,Lasarettsboulevarden 18 i,291 33,Kristianstad,Kristianstad,0.2,2025,1,2022,,,Ny kandidat
Dealarna AB,5593334351,Tegelgårdsgatan 24 1103,211 33,Malmö,Malmö,0.2,2025,1,2021,,,Ny kandidat
Dormies AB,5594072380,Granhem Rydeholmsvägen 91-0,231 73,Anderslöv,Trelleborg,0.2,2025,1,2022,,,Ny kandidat
Daneli Care AB,5593721748,Flyinge 1735,247 93,Flyinge,Lund,0.2,2026,0,2022,,,Ny kandidat
Cosolo Care AB,5593169856,Väpnaregatan 6,263 32,Höganäs,Höganäs,0.2,2024,0,2021,,,Ny kandidat
AB Fansporttravel Scandinavia,5590150628,Mellangatan 9,261 61,Landskrona,Landskrona,0.2,2025,0,2015,,,Ny kandidat
Pixlmedia Scandinavia AB,5594524182,Sunnanvindsvägen 18,591 96,Motala,Motala,0.2,2025,2,2023,,,Ny kandidat
MZN Sverige AB,5590153457,Hallonvägen 56,582 75,Linköping,Linköping,0.2,2025,0,2015,,,Ny kandidat
Bring It on Consulting AB,5592999816,Sandgårdsgatan 8 a,582 52,Linköping,Linköping,0.2,2025,1,2021,,,Ny kandidat
CW:s Fordon & Allservice i Väderstad AB,5565891495,Bondegatan 15 b Lgh.1103,595 52,Mjölby,Mjölby,0.2,2025,1,2000,,,Ny kandidat
AKMM AB,5568757461,Fotogengatan 4,591 37,Motala,Motala,0.2,2025,0,2011,,,Ny kandidat
PharmaMasters AB,5594823832,Blixtgatan 8 Lgh 1202,754 31,Uppsala,Uppsala,0.2,2025,0,2024,,,Ny kandidat
Caisas House AB,5569654048,Geijersgatan 16 b,752 26,Uppsala,Uppsala,0.2,2025,1,2014,,,Ny kandidat
Henry KF AB,5594162611,Krans Väg 15,815 44,Tierp,Tierp,0.2,2025,0,2023,,,Ny kandidat
patrulltjänsten AB,5594426420,Brahegatan 55,563 32,Gränna,Jönköping,0.2,2025,1,2023,,,Ny kandidat
SHAND i Jönköping AB,5590394507,Lasarettsgatan 12,553 18,Jönköping,Jönköping,0.2,2025,0,2015,,,Ny kandidat
AB Braveh Nurse Consulting Agency,5593983553,Havsörnsgatan 157,556 11,Jönköping,Jönköping,0.2,2025,1,2022,,,Ny kandidat
R&M Förvaltning AB,5569843377,Violvägen 17,575 37,Eksjö,Eksjö,0.2,2025,0,2014,,,Ny kandidat
Lindängen Ett i Vaggeryd AB,5594638610,Ekeryd Lindängen 1,567 92,Vaggeryd,Vaggeryd,0.2,2025,0,2023,,,Ny kandidat
C-A Jönsson Kapitalförvaltning AB,5568892177,Västermogatan 37,331 33,Värnamo,Värnamo,0.2,2025,0,2012,,,Ny kandidat
Björk Allservice AB,5594194390,Gustavsgatan 12,331 41,Värnamo,Värnamo,0.2,2025,1,2023,,,Ny kandidat
Aminne Invest AB,5593787046,Åminne Nybygget 2,331 91,Värnamo,Värnamo,0.2,2025,1,2022,,,Ny kandidat
Susedalens Entreprenad AB,5569287542,Ringvägen 6,311 68,Slöinge,Falkenberg,0.2,2025,0,2013,,,Ny kandidat
RappaPaa AB,5568281660,Andersbergsringen 121,302 55,Halmstad,Halmstad,0.2,2025,1,2010,,,Ny kandidat
Pixpay AB,5590026224,Box 10072,434 21,Kungsbacka,Kungsbacka,0.2,2023,0,2015,,,Ny kandidat
M & M partners AB,5567623136,Hällingsjövägen 223,434 97,Kungsbacka,Kungsbacka,0.2,2025,1,2008,,,Ny kandidat
J&K Partners AB,5569323768,Dugatorps Åsväg 37,439 75,Fjärås,Kungsbacka,0.2,2025,0,2013,,,Ny kandidat
Friand Konsult AB,5591956254,Banvallen 43,429 30,Kullavik,Kungsbacka,0.2,2025,1,2019,,,Ny kandidat
Hallands Malt m.m AB,5590051917,Sandvad 472,312 95,Laholm,Laholm,0.2,2025,0,2015,,,Ny kandidat
Laborare AB,5593786097,Ånstagatan 6,702 32,Örebro,Örebro,0.2,2025,0,2022,,,Ny kandidat
Globe Energy Sweden AB,5594869538,Boställsvägen 4,702 27,Örebro,Örebro,0.2,2024,1-4,2024,,,Ny kandidat
Allstern Services AB,5592355639,Köpmangatan 39,702 23,Örebro,Örebro,0.2,2024,0,2020,,,Ny kandidat
Gremo Medical Consulting AB,5592921364,Faktorigatan 3 g Lgh 1102,632 17,Eskilstuna,Eskilstuna,0.2,2025,1,2020,,,Ny kandidat
Dana Fassih Care & Coaching AB,5591921894,Nohedsvägen 16,611 94,Nyköping,Nyköping,0.2,2025,1,2019,,,Ny kandidat
Belles Omsorg AB,5593508368,Vedebyvägen 57,641 63,Björkvik,Katrineholm,0.2,2025,1,2021,,,Ny kandidat
ACT Your Way AB,5594844978,Östra Storgatan 3,611 34,Nyköping,Nyköping,0.2,2025,0,2024,,,Ny kandidat
A. Nilssons assistans och entreprenad AB,5593719908,Uddvägen 7,611 93,Nyköping,Nyköping,0.2,2025,1,2022,,,Ny kandidat
Schiborr Med AB,5569736787,Utmelandsvägen 26,792 36,Mora,Mora,0.2,2025,1,2014,,,Ny kandidat
Mats Hol Transport Aktiebolag,5563842607,Riksvägen 15,795 32,Rättvik,Rättvik,0.2,2025,1,1990,,,Ny kandidat
Lindberg Invest i Borlänge Aktiebolag,5564761020,Sveagatan 10,784 33,Borlänge,Borlänge,0.2,2025,1,1993,,,Ny kandidat
Juniper Bay Sweden AB,5591429930,Marnäsvägen 3,790 26,Enviken,Falun,0.2,2025,1-4,2017,,,Ny kandidat
Dalecarlia Consulting i Sverige AB,5593115537,Tångringsgatan 37,784 30,Borlänge,Borlänge,0.2,2025,0,2021,,,Ny kandidat
Anders Hägg AB,5590957386,Turbovägen 35,776 93,Hedemora,Hedemora,0.2,2024,1,2017,,,Ny kandidat
UPM i Gävle AB,5568927262,Norra Rådmansgatan 30 0tr,803 21,Gävle,Gävle,0.2,2025,0,2012,,,Ny kandidat
Svens konsult & försäljning AB,5569842387,Södra Vägen 52,829 50,Bergsjö,Nordanstig,0.2,2025,1,2014,,,Ny kandidat
Silversveden AB,5569610404,Gammelbyn 9 c,805 92,Gävle,Gävle,0.2,2025,1,2014,,,Ny kandidat
Rosin Konsult AB,5566939798,Vallfarleden 3,827 30,Ljusdal,Ljusdal,0.2,2024,1,2005,,,Ny kandidat
Roger Nilsson Invest AB,5566620760,Zätavägen 6,827 30,Ljusdal,Ljusdal,0.2,2025,1,2004,,,Ny kandidat
HOO konsult AB,5591474746,Slörgatan 4,802 72,Gävle,Gävle,0.2,2025,1,2018,,,Ny kandidat
HNM Service AB,5590600911,Säbyggebyvägen 109,816 31,Ockelbo,Ockelbo,0.2,2025,0,2016,,,Ny kandidat
Erikssons Alltekniska AB,5594564022,Särvvägen 41,826 73,Sandarne,Söderhamn,0.2,2025,1,2023,,,Ny kandidat
Emil Lantz AB,5592747991,Djupegatan 25,824 50,Hudiksvall,Hudiksvall,0.2,2025,1,2020,,,Ny kandidat
Stark vård & utbildning AB,5593362493,Jonsbolsvägen 19 a,663 34,Skoghall,Hammarö,0.2,2025,1,2021,,,Ny kandidat
Järnhanden Bygg & Svets AB,5568609498,Halvars Väg 8 h,672 30,Årjäng,Årjäng,0.2,2025,0,2011,,,Ny kandidat
Johan Almqvist Entreprenad AB,5590972971,Fabriksgatan 3,665 30,Kil,Kil,0.2,2025,1,2017,,,Ny kandidat
EKE Trotting AB,5595237081,Konvaljstigen 12,664 32,Grums,Grums,0.2,2025,0,2025,,,Ny kandidat
Aquarius hund & konsult AB,5593526188,Skolvägen 10,672 32,Årjäng,Årjäng,0.2,2025,0,2021,,,Ny kandidat
Trollspöt AB,5567530844,Slånbärsgatan 8,722 23,Västerås,Västerås,0.2,2025,0,2008,,,Ny kandidat
Yemaya Kliniken AB,5594207564,Hagagränd 27,723 37,Västerås,Västerås,0.2,2025,0,2023,,,Ny kandidat
Grynna Sweden AB,5593956971,Skomakarevägen 2 a,734 50,Kolbäck,Hallstahammar,0.2,2025,1-4,2022,,,Ny kandidat
Aros Vakt & Service AB,5563238871,Sör Hovberga,733 98,Ransta,Sala,0.2,2025,0,1988,,,Ny kandidat
Tjädertuppen Svets & Konsult AB,5594929258,Kopparnäsvägen 58,945 91,Norrfjärden,Piteå,0.2,2025,1,2024,,,Ny kandidat
P Törmä AB,5594557430,Soukolovägen 14,984 32,Pajala,Pajala,0.2,2026,1,2023,,,Ny kandidat
Norrtrafik AB,5569114621,Kaunisvaara 66,984 91,Pajala,Pajala,0.2,2025,1,2012,,,Ny kandidat
MK3 teknikkonsult AB,5594517103,Danelsvägen 34,941 91,Piteå,Piteå,0.2,2025,1,2023,,,Ny kandidat
Lainioälvens Träprodukt och Alltjänst AB,5595324228,Övre Soppero 111,985 95,Övre Soppero,Kiruna,0.2,2025,1,2025,,,Ny kandidat
KU Care AB,5594118928,Fjällnäsgränd 27 b,982 39,Gällivare,Gällivare,0.2,2025,1,2022,,,Ny kandidat
JM i Gällivare AB,5594740994,Parkgatan 2,982 31,Gällivare,Gällivare,0.2,2026,0,2024,,,Ny kandidat
Gina Consulting AB,5565193835,Patastigen 6,974 41,Luleå,Luleå,0.2,2025,0,1995,,,Ny kandidat
Dr Westborg AB,5569187379,Floragatan 28,961 74,Boden,Boden,0.2,2025,0,2013,,,Ny kandidat
Tirud sjuksköterskekonsult AB,5594530767,Byvägen 23,913 42,Obbola,Umeå,0.2,2025,1,2023,,,Ny kandidat
S-O Eriksson Bygg AB,5590364716,Brobackavägen 3,921 35,Lycksele,Lycksele,0.2,2025,0,2015,,,Ny kandidat
Gröna Händer Skog & Hantverk AB,5592324916,Yxsjö Kullen 21,919 92,Åsele,Åsele,0.2,2025,1,2019,,,Ny kandidat
Frisko Consulting AB,5591516538,Brännölandet 58,913 35,Holmsund,Umeå,0.2,2025,1,2018,,,Ny kandidat
Nordisk Bränsleoptimering AB,5594796871,Storgatan 68,392 31,Kalmar,Kalmar,0.2,2025,1,2024,,,Ny kandidat
PelleLiljegren AB,5592089808,Ekvägen 7,594 32,Gamleby,Västervik,0.2,2024,1,2019,,,Ny kandidat
Andamed AB,5569745333,Nygatan 7,579 40,Berga,Högsby,0.2,2025,0,2014,,,Ny kandidat
Stålbolaget Fastigheter i Osby AB,5566745781,Allamåla 2601,343 91,Älmhult,Älmhult,0.2,2025,0,2005,,,Ny kandidat
Sams Gård AB,5594502329,Kolborshult Sams Gård 1,343 93,Älmhult,Älmhult,0.2,2025,1,2023,,,Ny kandidat
Procato AB,5562120633,Fagraskruv 1,364 33,Åseda,Uppvidinge,0.2,2025,0,1981,,,Ny kandidat
JEL Entertainment AB,5594186529,Birkagatan 50,352 41,Växjö,Växjö,0.2,2025,1,2023,,,Ny kandidat
Horshagens bygg och hälsa AB,5592348147,Horshagen 2,355 98,Ingelstad,Växjö,0.2,2024,0,2020,,,Ny kandidat
Sundsvalls Barnmorskor AB,5593453029,Västansjö 119,855 92,Kovland,Sundsvall,0.2,2024,1,2021,,,Ny kandidat
MatchPoint Resurs AB,5595253344,Bodacke 103,855 99,Liden,Sundsvall,0.2,2025,1,2025,,,Ny kandidat
GTFreij AB,5569849390,Östra Köpmansgatan 36,371 14,Karlskrona,Karlskrona,0.2,2025,1,2014,,,Ny kandidat
Western Been AB,5566797048,"c/o F. Victors Advokatbyrå HB, Storgatan 30",831 30,Östersund,Östersund,0.2,2023,1,2005,,,Ny kandidat
Aktiebolaget Hammerdals Liefabrik,5560198458,Grönvägen 1,833 41,Hammerdal,Strömsund,0.2,2024,1,1921,,,Ny kandidat
AViAX Consulting AB,5594775503,Kånkback 352,844 92,Hammarstrand,Ragunda,0.2,2025,0,2024,,,Ny kandidat
Gotlands Allmaterial AB,5593799603,Eskelhem Levide 765,622 70,Gotlands Tofta,Gotland,0.2,2025,0,2022,,,Ny kandidat
Öresund procare AB,5593425654,Finalgatan 17 b Lgh 1505,222 74,Lund,Lund,0.1,2025,1,2021,,,Ny kandidat
ZnapHire AB,5595146340,Studentbacken 1,115 57,Stockholm,Stockholm,0.1,2025,0,2025,,,Ny kandidat
Yrkespartner Kompetensförsörjning Aktiebolag,5591904023,Gjutvägen 2,961 38,Boden,Boden,0.1,2025,1-4,2019,,,Ny kandidat
Whitefield Rekrytering AB,5595085688,Östra Hamngatan 16,411 09,Göteborg,Göteborg,0.1,2025,1-4,2024,,,Ny kandidat
Wettern Rekrytering AB,5566088356,"c/o Bolagspartner avveckling, Box 1067",221 04,Lund,Lund,0.1,2026,0,2001,,,Ny kandidat
We Search Sverige AB,5594871062,Linslingan 3,241 35,Eslöv,Eslöv,0.1,2025,0,2024,,,Ny kandidat
WEdare AB,5569781650,Råsundavägen 68,169 57,Solna,Solna,0.1,2025,1,2014,,,Ny kandidat
WEE Resource AB,5594479965,Vintervägen 8 b Lgh 1401,352 37,Växjö,Växjö,0.1,2025,0,2023,,,Ny kandidat
WAY Agency AB,5590121884,Per Pers Väg 4 b,289 43,Broby,Östra Göinge,0.1,2025,0,2015,,,Ny kandidat
Västsvenska Bemanningsbolaget AB,5569531766,Björklundabacken 3,436 57,Hovås,Göteborg,0.1,2025,1,2013,,,Ny kandidat
Visionex AB,5593746521,Odens Väg 3,145 71,Norsborg,Botkyrka,0.1,2026,0,2022,,,Ny kandidat
Virtuso AB,5594978305,Vendelsö Skolväg 20,136 71,Vendelsö,Haninge,0.1,2025,0,2024,,,Ny kandidat
Viola Business AB,5592593353,Katarinavägen 15,116 45,Stockholm,Stockholm,0.1,2025,0,2020,,,Ny kandidat
ViTeck AB,5594722216,Siriusgatan 100,415 53,Göteborg,Göteborg,0.1,2025,2,2024,,,Ny kandidat
Veteranresursen i Kävlinge AB,5590836648,Berga 413,241 91,Eslöv,Eslöv,0.1,2025,0,2016,,,Ny kandidat
VetPartner Sverige AB,5593722373,Frejgatan 58,113 26,Stockholm,Stockholm,0.1,2025,0,2022,,,Ny kandidat
Tusenskönan AB,5592727035,Läroverksgatan 8 a,641 36,Katrineholm,Katrineholm,0.1,2025,0,2020,,,Ny kandidat
Tudor Human Resources Aktiebolag,5592641244,"c/o Tudor Human Resources, Zlu 134-N Billo",106 46,Stockholm,Stockholm,0.1,2025,1,2020,,,Ny kandidat
Tritos Management AB,5566267604,Kratsbodavägen 46 a,168 79,Bromma,Stockholm,0.1,2024,0,2002,,,Ny kandidat
ToppTalang Nordic AB,5595277830,Allévägen 6,186 39,Vallentuna,Vallentuna,0.1,2025,0,2025,,,Ny kandidat
TI Recruit AB,5592787393,Hoverberg 953,845 62,Svenstavik,Berg,0.1,2025,0,2020,,,Ny kandidat
TBO Happy Living AB,5568317522,Mor Mias Väg 21,373 32,Nättraby,Karlskrona,0.1,2025,0,2010,,,Ny kandidat
Systemkompetens Förmedling och Utveckling i Umeå Aktiebolag,5565886610,Kapellgatan 4,892 32,Domsjö,Örnsköldsvik,0.1,2025,0,2000,,,Ny kandidat
Sv. Dahlberg AB,5590400882,Beväringsgatan 9 c,703 65,Örebro,Örebro,0.1,2025,1,2015,,,Ny kandidat
Susanna Liljestam Consulting AB,5569736738,Domherrevägen 23,178 39,Ekerö,Ekerö,0.1,2025,0,2014,,,Ny kandidat
Styrelse & Valberedningspartner Sverige AB,5590973409,Östra Hamngatan 16,411 09,Göteborg,Göteborg,0.1,2025,0,2017,,,Ny kandidat
Student Network AB,5568305303,Drottninggatan 69,252 25,Helsingborg,Helsingborg,0.1,2025,1,2010,,,Ny kandidat
Stockers Entreprenad AB,5568767718,Prästfjärdsvägen 106,139 50,Värmdö,Värmdö,0.1,2025,1-4,2011,,,Ny kandidat
Staffpool AB,5591080097,Gransätragränd 9,127 36,Skärholmen,Stockholm,0.1,2025,0,2017,,,Ny kandidat
Staxto AB,5568852023,Skogshejdevägen 75-100,271 95,Ystad,Ystad,0.1,2025,1,2012,,,Ny kandidat
Skånska glassmobilen AB,5592160377,Magle Stora Kyrkogata 2 a,223 50,Lund,Lund,0.1,2024,0,2019,,,Ny kandidat
Skropska Konsult AB,5591464796,Inedalsgatan 4 b 1302,112 32,Stockholm,Stockholm,0.1,2025,1,2018,,,Ny kandidat
SivA AB,5594588849,Västra Kungsljuset 7,231 75,Beddingestrand,Trelleborg,0.1,2024,0,2023,,,Ny kandidat
Serené AB,5593326316,Vagnmakarebyn 7 t,218 40,Bunkeflostrand,Malmö,0.1,2023,1,2021,,,Ny kandidat
Selectum Konsult Aktiebolag,5565059580,Wennerbergsgatan 1 a,352 34,Växjö,Växjö,0.1,2025,1,1995,,,Ny kandidat
Samuelson Retail AB,5569012890,Olof Skötkonungsgatan 37,412 69,Göteborg,Göteborg,0.1,2025,0,2012,,,Ny kandidat
ST Skolbemanning AB,5591315485,Serenadgatan 70,215 72,Malmö,Malmö,0.1,2025,1,2017,,,Ny kandidat
SRB People Aktiebolag,5566633847,Torsgatan 30 4tr,113 21,Stockholm,Stockholm,0.1,2024,0,2004,,,Ny kandidat
SNÖFRID AB,5592037930,Bergslagsgatan 21,682 60,Lesjöfors,Filipstad,0.1,2025,0,2019,,,Ny kandidat
SEPAK BILAR AB,5592278724,Heimdals Väg 3 Lgh 1002,145 70,Norsborg,Botkyrka,0.1,2025,1,2019,,,Ny kandidat
Rolf Hedmans Entreprenad i Öreström AB,5592331895,Inre Öreström 206,916 93,Bjurholm,Bjurholm,0.1,2025,0,2019,,,Ny kandidat
Rekryteringsspecialisten Life Science Andersson Almquist et al. AB,5567665020,Siloplatsen 10 7 Tr,131 31,Nacka,Nacka,0.1,2025,1,2008,,,Ny kandidat
Rekryteringsbolaget Syd AB,5595059253,Sjövägen 1,362 58,Linneryd,Tingsryd,0.1,2025,1,2024,,,Ny kandidat
Rectention AB,5594864497,"c/o Bolagspartner avveckling, Box 1067",221 04,Lund,Lund,0.1,2025,1,2024,,,Ny kandidat
RecruitingGroup Sweden AB,5591382402,Hyttgatan 27,733 31,Sala,Sala,0.1,2025,1,2017,,,Ny kandidat
Recbuddy AB,5593558645,Eksätervägen 5,197 36,Bro,Upplands-Bro,0.1,2025,1,2021,,,Ny kandidat
ReQruitify Sweden AB,5594740499,Hyllie Allé 23,215 36,Malmö,Malmö,0.1,2025,0,2024,,,Ny kandidat
Qlewer AB,5592438252,Gränsgatan 3 Lgh 1002,172 78,Sundbyberg,Sundbyberg,0.1,2025,0,2020,,,Ny kandidat
Prospiro AB,5595224964,Ösögatan 61,257 33,Rydebäck,Helsingborg,0.1,2025,1,2025,,,Ny kandidat
Professional Search i Växjö AB,5566956867,Kryssvägen 18,352 55,Växjö,Växjö,0.1,2025,2,2006,,,Ny kandidat
Power Trend AB,5568817430,Täppgatan 28 a,151 33,Södertälje,Södertälje,0.1,2025,0,2012,,,Ny kandidat
Personal stugan AB,5593070351,Skäcklingevägen 187,147 55,Tumba,Botkyrka,0.1,2025,0,2021,,,Ny kandidat
Pelmatic Sweden AB,5565361101,Östra Prinsgatan 8,371 31,Karlskrona,Karlskrona,0.1,2025,0,1996,,,Ny kandidat
PALFA AB,5590353669,Topasgatan 67,421 48,Västra Frölunda,Göteborg,0.1,2024,0,2015,,,Ny kandidat
Osterman Trading AB,5590041389,Torkhusgatan 6 a,120 65,Stockholm,Stockholm,0.1,2025,1,2015,,,Ny kandidat
Norrlandskompaniet AB,5593772311,Bodacke 131,855 99,Liden,Sundsvall,0.1,2025,0,2022,,,Ny kandidat
Nordic subscription Partners AB,5593955353,Morellvägen 3,138 30,Älta,Nacka,0.1,2025,1,2022,,,Ny kandidat
Nordic Medstaffing Group AB,5593818676,Box 7720,103 95,Stockholm,Stockholm,0.1,2025,0,2022,,,Ny kandidat
Nordic Business Consulting and Investment AB,5593703787,Sveavägen 33,111 34,Stockholm,Stockholm,0.1,2025,0,2022,,,Ny kandidat
NiKarp Recruitment AB,5594000142,Sjögrens Väg 3,236 42,Höllviken,Vellinge,0.1,2025,0,2022,,,Ny kandidat
NavigiUM Rekrytering AB,5567686695,Markvardsgatan 8,113 53,Stockholm,Stockholm,0.1,2025,1,2008,,,Ny kandidat
Navigare Executive Search AB,5594342676,Jägarstigen 17,181 46,Lidingö,Lidingö,0.1,2025,2,2023,,,Ny kandidat
NOOL Living AB,5591781157,Friggavägen 3,182 63,Djursholm,Danderyd,0.1,2025,0,2018,,,Ny kandidat
Mälartuna AB,5591576631,Kriebsensgatan 1,632 18,Eskilstuna,Eskilstuna,0.1,2025,0,2018,,,Ny kandidat
Mimer Vision AB,5594733072,Vasagatan 28,111 20,Stockholm,Stockholm,0.1,2025,1,2024,,,Ny kandidat
Mindsetter AB,5593884884,Katarina Bangata 58,116 39,Stockholm,Stockholm,0.1,2025,1,2022,,,Ny kandidat
Michaël Berglund Konsult AB,5590756564,Biskopsvägen 17,115 21,Stockholm,Stockholm,0.1,2025,0,2016,,,Ny kandidat
Medica Vaccin NC AB,5591308100,Mjölnerbacken 12,174 48,Sundbyberg,Sundbyberg,0.1,2025,0,2017,,,Ny kandidat
MN Consultancy AB,5595450221,Lievägen 222,442 44,Kungälv,Kungälv,0.1,2025,1-4,2025,,,Ny kandidat
MASCON AB,5592744709,Norgegatan 2,164 32,Kista,Stockholm,0.1,2025,1,2020,,,Ny kandidat
MABC Personaluthyrning AB,5592405947,Södra Bergsvägen 14,439 55,Åsa,Kungsbacka,0.1,2025,0,2020,,,Ny kandidat
M Schönfeldt AB,5594994229,Blåbärsvägen 76,903 39,Umeå,Umeå,0.1,2025,0,2024,,,Ny kandidat
Lorita Holzner HR Konsult AB,5594621251,Hedtångsvägen 31 b,436 53,Hovås,Göteborg,0.1,2025,1,2023,,,Ny kandidat
Ljungström Konsult & Ledarskap AB,5594407164,Vidargatan 9,113 27,Stockholm,Stockholm,0.1,2024,0,2023,,,Ny kandidat
Linordic AB,5594124249,Bergsättravägen 56,184 61,Åkersberga,Österåker,0.1,2025,0,2022,,,Ny kandidat
Lingonite AB,5592091614,Viktoriagatan 10,441 33,Alingsås,Alingsås,0.1,2025,0,2019,,,Ny kandidat
Liljeholmen Barbershop AB,5592655095,Östra Storgatan 107,554 52,Jönköping,Jönköping,0.1,2025,0,2020,,,Ny kandidat
Ledarskapsbolaget HJN AB,5591611362,Strömsbergsvägen 4,574 32,Vetlanda,Vetlanda,0.1,2025,1,2018,,,Ny kandidat
L'estiu AB,5591409726,Metargatan 15,116 66,Stockholm,Stockholm,0.1,2025,0,2017,,,Ny kandidat
Kalmena Rek Aktiebolag,5565686697,Lidnäsvägen 8,342 62,Moheda,Alvesta,0.1,2025,0,1999,,,Ny kandidat
KachimushiCoaching AB,5568274483,Bygatan 34,276 30,Borrby,Simrishamn,0.1,2025,1,2010,,,Ny kandidat
Jenseus Consulting AB,5569570210,Strandängsvägen 5,451 90,Uddevalla,Uddevalla,0.1,2025,1-4,2014,,,Ny kandidat
JH Qonsulterna i Stockholm AB,5590354303,Klubbacken 2,129 39,Hägersten,Stockholm,0.1,2025,2,2015,,,Ny kandidat
JEMICHS i Ekeby AB,5593534489,Grangatan 6,267 75,Ekeby,Bjuv,0.1,2025,1-4,2021,,,Ny kandidat
JA Anestesikonsult AB,5593734014,Emil Hanssons Väg 14,275 62,Blentarp,Sjöbo,0.1,2025,0,2022,,,Ny kandidat
InVi Sourcing & Consulting AB,5594917600,Kapellvägen 8 j,141 70,Segeltorp,Huddinge,0.1,2025,0,2024,,,Ny kandidat
Håkan Sandberg AB,5568903834,Trädgårdsgatan 4 b,761 45,Norrtälje,Norrtälje,0.1,2025,0,2012,,,Ny kandidat
Hire Solutions AB,5594976747,Jönköpingsgatan 27 b,252 52,Helsingborg,Helsingborg,0.1,2025,1,2024,,,Ny kandidat
Hajring AB,5595068841,Silvandersgatan 35,412 73,Göteborg,Göteborg,0.1,2025,0,2024,,,Ny kandidat
Hahn Consulting AB,5591721203,Tistelvägen 2,441 42,Alingsås,Alingsås,0.1,2025,1,2018,,,Ny kandidat
Growio AB,5591043749,Upplandsgatan 68,113 44,Stockholm,Stockholm,0.1,2025,0,2017,,,Ny kandidat
Gransjön Förvaltning Helena Andréen AB,5594013814,Lövhagsvägen 8,574 35,Vetlanda,Vetlanda,0.1,2025,0,2022,,,Ny kandidat
Glada Fredrik AB,5562827146,Svitiodsvägen 15,182 62,Djursholm,Danderyd,0.1,2025,0,1986,,,Ny kandidat
General Search AB,5568148331,Sävsångarvägen 61,138 37,Älta,Nacka,0.1,2025,0,2010,,,Ny kandidat
GMC Consulting AB,5593333395,Byängsgattu 3,793 70,Tällberg,Leksand,0.1,2025,1,2021,,,Ny kandidat
Flodin Holding i Jönköping AB,5569248684,Österängsvägen 2 a,554 63,Jönköping,Jönköping,0.1,2025,0,2013,,,Ny kandidat
Flipngroup AB,5590346242,Fågelhundsgatan 10,115 45,Stockholm,Stockholm,0.1,2025,0,2015,,,Ny kandidat
FLB Konsult AB,5594870932,Lagmansvägen 145,834 32,Brunflo,Östersund,0.1,2025,1,2024,,,Ny kandidat
Extended Network AB,5594082918,Bofinksvägen 9,186 47,Vallentuna,Vallentuna,0.1,2025,0,2022,,,Ny kandidat
F&T Coach AB,5592916992,Rosmarinvägen 1,238 38,Oxie,Malmö,0.1,2025,0,2020,,,Ny kandidat
Empower Executive Search Scandinavia AB,5590721154,Sköntorpsvägen 55 Lght 1002,120 53,Årsta,Stockholm,0.1,2025,1,2016,,,Ny kandidat
Eloquent Minds AB,5594962374,Lövskogsvägen 48,435 37,Mölnlycke,Härryda,0.1,2025,0,2024,,,Ny kandidat
Elbeen AB,5590839626,Östra Sundskogsvägen 45,451 90,Uddevalla,Uddevalla,0.1,2025,1-4,2016,,,Ny kandidat
DoConnect Sverige AB,5594256322,Femte Tvärgatan 20,802 84,Gävle,Gävle,0.1,2026,0,2023,,,Ny kandidat
Diversity Search AB,5593989303,Viderupsgatan 7,216 22,Limhamn,Malmö,0.1,2024,1,2022,,,Ny kandidat
DYNO AB,5594770512,Stadsgården 6,116 45,Stockholm,Stockholm,0.1,2025,0,2024,,,Ny kandidat
DSLG i Sverige AB,5591158331,"c/o Endsjö Advokatfirma AB, Skeppsbron 30",111 30,Stockholm,Stockholm,0.1,2023,0,2017,,,Ny kandidat
Click to Hire AB,5593286031,Stenkastgatan 7,421 72,Västra Frölunda,Göteborg,0.1,2026,0,2021,,,Ny kandidat
Chileflakes AB,5593209140,Mellanvägen 17,135 60,Tyresö,Tyresö,0.1,2025,1,2021,,,Ny kandidat
ChiefTech Talent Management AB,5569615569,Lärkans Väg 2,139 71,Stavsnäs,Värmdö,0.1,2024,1,2014,,,Ny kandidat
Caroline Odd AB,5594283748,Vänstavägen 25,734 51,Kolbäck,Hallstahammar,0.1,2025,0,2023,,,Ny kandidat
Cab-on AB,5590135553,Kållasgårdsgatan 57,434 36,Kungsbacka,Kungsbacka,0.1,2025,1,2015,,,Ny kandidat
CNA Sweden AB,5594773235,Hannebergsgatan 14,171 68,Solna,Solna,0.1,2024,0,2024,,,Ny kandidat
C.Creative Consulting AB,5593742074,Trolltjärn 9,436 40,Askim,Göteborg,0.1,2026,1,2022,,,Ny kandidat
C. TJOMSLAND AB,5591142053,Sörfors 155,864 92,Matfors,Sundsvall,0.1,2025,1,2017,,,Ny kandidat
CAMIR Bygg AB,5590057682,Sjösabrinken 30 8 Tr.,124 55,Bandhagen,Stockholm,0.1,2025,0,2015,,,Ny kandidat
Briljantin Consulting AB,5593536237,Gullmarsplan 6,121 40,Johanneshov,Stockholm,0.1,2025,1,2021,,,Ny kandidat
Burgundy & Partners AB,5595258061,Beckomberga Ängsväg 4,168 63,Bromma,Stockholm,0.1,2025,1-4,2025,,,Ny kandidat
Bemannax AB,5594149154,Mattlummervägen 4 e,263 73,Arild,Höganäs,0.1,2025,0,2022,,,Ny kandidat
Attra AB,5594646050,Nybäcksvägen 11,975 61,Luleå,Luleå,0.1,2025,1,2023,,,Ny kandidat
Aleph Consulting AB,5594394982,Rotevägen 3 79395,975 93,Luleå,Luleå,0.1,2025,0,2023,,,Ny kandidat
Al-Sayes AB,5594881558,Tallvägen 17,365 41,Hovmantorp,Lessebo,0.1,2025,0,2024,,,Ny kandidat
Aktiv Ekonomi & Förek Sverige AB,5591172472,Skeviksstrandsvägen 39,134 32,Gustavsberg,Värmdö,0.1,2026,1,2017,,,Ny kandidat
Akropolis trafikskolan AB,5592558653,Doktor Saléns Gata 14,413 22,Göteborg,Göteborg,0.1,2025,0,2020,,,Ny kandidat
Akis power AB,5594667668,Folkungagatan 32 c,753 36,Uppsala,Uppsala,0.1,2025,0,2024,,,Ny kandidat
Aje Stenbeck AB,5594651415,Slånbärsvägen 44,181 64,Lidingö,Lidingö,0.1,2025,0,2023,,,Ny kandidat
Addify AB,5569772527,Kivra: 556977-2527,106 31,Stockholm,Stockholm,0.1,2025,0,2014,,,Ny kandidat
Accorta AB,5594595166,Kopparbergsvägen 45,722 19,Västerås,Västerås,0.1,2025,2,2023,,,Ny kandidat
ALL4SALES Nordic AB,5594973215,Danska Vägen 14,212 29,Malmö,Malmö,0.1,2025,0,2024,,,Ny kandidat
ADT Sweden AB,5594940958,Vasagatan 28,111 20,Stockholm,Stockholm,0.1,2025,0,2024,,,Ny kandidat
Åsrid AB,5594657016,Cardellgatan 6 Lgh 1203,114 36,Stockholm,Stockholm,0.1,2024,0,2023,,,Ny kandidat
Zynca Sverige AB,5592830961,Birger Jarlsgatan 39,111 45,Stockholm,Stockholm,0.1,2025,1,2020,,,Ny kandidat
Yasmine EH Group AB,5590898044,Ekholmsvägen 202 1tr,127 51,Skärholmen,Stockholm,0.1,2025,1-4,2016,,,Ny kandidat
Wellstaff AB,5591911929,Box 16035,103 21,Stockholm,Stockholm,0.1,2025,0,2019,,,Ny kandidat
XML Sweden Consulting Aktiebolag,5593649097,Box 5385,102 49,Stockholm,Stockholm,0.1,2024,1-4,2022,,,Ny kandidat
Victoria Consulting AB,5591498422,Tulegatan 29,113 53,Stockholm,Stockholm,0.1,2025,0,2018,,,Ny kandidat
Vårdjouren i Sverige AB,5590418264,Box 11160,100 61,Stockholm,Stockholm,0.1,2024,0,2015,,,Ny kandidat
Veritas Finance AB,5592943368,Redskapsvägen 34,162 43,Vällingby,Stockholm,0.1,2025,1,2020,,,Ny kandidat
Upbeater AB,5594271271,Renstiernas Gata 20,116 31,Stockholm,Stockholm,0.1,2025,0,2023,,,Ny kandidat
Treudden Bemanning AB,5568864770,Upplandsgatan 22,113 60,Stockholm,Stockholm,0.1,2025,0,2012,,,Ny kandidat
TAERI INC AB,5593105512,Ninni Kronbergs Gata 16,113 68,Stockholm,Stockholm,0.1,2025,0,2021,,,Ny kandidat
Ståhl IT AB,5569980864,Redargatan 6 Lgh 1302,120 61,Stockholm,Stockholm,0.1,2025,0,2014,,,Ny kandidat
Sandin Hälso- och sjukvårdstjänst AB,5568991532,Essinge Högväg 18,112 65,Stockholm,Stockholm,0.1,2025,1,2012,,,Ny kandidat
STHLM R&B AB,5590594593,Kabelverksgatan 9,125 45,Älvsjö,Stockholm,0.1,2025,10-19,2016,,,Ny kandidat
QuraZone AB,5569779605,Klyftvägen 11,167 33,Bromma,Stockholm,0.1,2023,0,2014,,,Ny kandidat
PeAlm AB,5591300131,Palmfeltsvägen 19,121 62,Johanneshov,Stockholm,0.1,2025,1,2017,,,Ny kandidat
Ottimonu AB,5590091087,Brynhildsvägen 12,167 73,Bromma,Stockholm,0.1,2025,1,2015,,,Ny kandidat
OMNILS Hospitality AB,5594701608,Västerled 31,167 55,Bromma,Stockholm,0.1,2025,0,2024,,,Ny kandidat
MyCare Consulting Stockholm AB,5594186511,Västergöksvägen 59,162 71,Vällingby,Stockholm,0.1,2024,1,2023,,,Ny kandidat
Jobzone Bygg & Anläggning AB,5590606173,Arenavägen 47 6tr,121 77,Johanneshov,Stockholm,0.1,2024,0,2016,,,Ny kandidat
ItaSat AB,5590540026,Ringstedsgatan 28 Lgh 1002,164 48,Kista,Stockholm,0.1,2026,0,2016,,,Ny kandidat
Infinity Staffing AB,5568467178,Luxgatan 10,112 62,Stockholm,Stockholm,0.1,2025,0,2011,,,Ny kandidat
Industri & Verkstadsbemanning Stockholm AB,5594402363,Fridhemsgatan 38,112 40,Stockholm,Stockholm,0.1,2024,1,2023,,,Ny kandidat
Indolora AB,5569696031,Carl Larssons Väg 26,168 50,Bromma,Stockholm,0.1,2025,0,2014,,,Ny kandidat
Hashi care AB,5594287368,Risingeplan 29,163 68,Spånga,Stockholm,0.1,2025,1,2023,,,Ny kandidat
Gabi Butros Invest AB,5590012661,Kungsgatan 37,111 36,Stockholm,Stockholm,0.1,2025,0,2015,,,Ny kandidat
Expert Consulting Skills Sweden AB,5591510853,Box 3080,103 61,Stockholm,Stockholm,0.1,2025,1-4,2018,,,Ny kandidat
Ekedahl & Co konsultaktiebolag,5565371449,P o Hallmans Gata 13,112 69,Stockholm,Stockholm,0.1,2025,1,1996,,,Ny kandidat
DARYD AB,5590758727,Västgötagatan 18,118 27,Stockholm,Stockholm,0.1,2025,1,2016,,,Ny kandidat
Conia AB,5567197354,Kivra: 556719-7354,106 31,Stockholm,Stockholm,0.1,2025,0,2007,,,Ny kandidat
Barnali AB,5592484066,Hjulsta Torg 2,163 65,Spånga,Stockholm,0.1,2025,0,2020,,,Ny kandidat
Agil arbetskraft Sverige GF AB,5594818485,Tullgårdsgatan 10,116 68,Stockholm,Stockholm,0.1,2025,1-4,2024,,,Ny kandidat
Active Office är A&O AB,5565134565,Svartensgatan 5,116 20,Stockholm,Stockholm,0.1,2025,1,1995,,,Ny kandidat
ALCJ AB,5594189051,Palmfeltsvägen 21,121 62,Johanneshov,Stockholm,0.1,2025,1,2023,,,Ny kandidat
AK Resurs AB,5567704118,Erik Dahlbergsgatan 21,115 32,Stockholm,Stockholm,0.1,2025,1,2008,,,Ny kandidat
AC19 AB,5590668967,Ejz 033b Billo,106 46,Stockholm,Stockholm,0.1,2025,0,2016,,,Ny kandidat
A&Smedic AB,5567997647,Drottninggatan 86 1tr,111 36,Stockholm,Stockholm,0.1,2025,1,2010,,,Ny kandidat
2S Gruppen AB,5568318090,Herrhagsvägen 117,122 60,Enskede,Stockholm,0.1,2024,0,2010,,,Ny kandidat
c/o Reback AB,5592754765,Brovallsvägen 68,184 94,Åkersberga,Österåker,0.1,2025,0,2020,,,Ny kandidat
YaSo restaurang och tjänster AB,5568622111,Otto Bondes Väg 102,184 62,Åkersberga,Österåker,0.1,2024,0,2011,,,Ny kandidat
Triagen Vård Stockholm AB,5590772942,Krigslidavägen 8,137 55,Tungelsta,Haninge,0.1,2025,0,2016,,,Ny kandidat
Tema Skärgården AB,5566700653,Furubergsvägen 5,194 34,Upplands Väsby,Upplands Väsby,0.1,2024,1,2004,,,Ny kandidat
T. Nyströms Mekaniska Verkstads Aktiebolag,5561834465,Backvägen 15,762 97,Edsbro,Norrtälje,0.1,2025,1,1973,,,Ny kandidat
Syster K AB,5593687667,Mårdstigen 14 Lgh 1001,170 75,Solna,Solna,0.1,2025,0,2022,,,Ny kandidat
Skarp Energy AB,5594426107,Parkallén 29 Lgh 1001,183 41,Täby,Täby,0.1,2025,0,2023,,,Ny kandidat
SPORT- och Idrottskliniken Atleti AB,5592655889,Svarta Backen 23,139 35,Värmdö,Värmdö,0.1,2025,0,2020,,,Ny kandidat
SNOZAB AB,5567852065,Fabriksvägen 5,186 32,Vallentuna,Vallentuna,0.1,2025,0,2009,,,Ny kandidat
S-flower utveckling och konsult AB,5592482409,"c/o Fredrik Sjöblom, Box 149",130 39,Sandhamn,Värmdö,0.1,2025,0,2020,,,Ny kandidat
Rekonomista Production AB,5592184054,Oxenstiernas Allé 45,174 63,Sundbyberg,Sundbyberg,0.1,2025,1,2019,,,Ny kandidat
Q Media AB,5594016585,Almagatan 2,169 75,Solna,Solna,0.1,2025,1,2022,,,Ny kandidat
Prime Assistans AB,5565630455,Hermelinsvägen 8,132 46,Saltsjö-Boo,Nacka,0.1,2024,0,1999,,,Ny kandidat
Plamatix AB,5594969080,Larsbergsvägen 25,181 38,Lidingö,Lidingö,0.1,2025,1,2024,,,Ny kandidat
PAG Utveckling AB,5568235351,Broddstigen 5,184 94,Åkersberga,Österåker,0.1,2025,0,2010,,,Ny kandidat
Ockhams Solutions AB,5594806324,Sagoslingan 15,141 92,Huddinge,Huddinge,0.1,2025,0,2024,,,Ny kandidat
OAD Konsult AB,5590068747,Krögarvägen 2 Lgh 1104,145 52,Norsborg,Botkyrka,0.1,2024,0,2015,,,Ny kandidat
Mindfuel Media AB,5568807936,Mörtstigen 12,139 41,Värmdö,Värmdö,0.1,2025,1,2012,,,Ny kandidat
Mileva Care AB,5592594054,Hannebergsgatan 41,171 68,Solna,Solna,0.1,2025,0,2020,,,Ny kandidat
Medical KAL AB,5593843047,Kärrvägen 57,177 60,Järfälla,Järfälla,0.1,2025,1,2022,,,Ny kandidat
Mamko AB,5567093140,Åby Allé 5 c,186 48,Vallentuna,Vallentuna,0.1,2025,1,2006,,,Ny kandidat
Madevo AB,5591698807,"c/o de Vos, Österskärsvägen 8",184 53,Åkersberga,Österåker,0.1,2025,0,2018,,,Ny kandidat
ML Pharma care AB,5592225345,Gustav Adolfsvägen 4 a,141 32,Huddinge,Huddinge,0.1,2025,0,2019,,,Ny kandidat
Lugn&Ro Vård och Omsorg AB,5568840432,"c/o Lugn&Ro Sverige AB, Kaserngatan 1",761 46,Norrtälje,Norrtälje,0.1,2023,0,2012,,,Ny kandidat
Limonav Crew AB,5593319279,Arkens Väg 15,136 37,Handen,Haninge,0.1,2025,2,2021,,,Ny kandidat
Kiiski Natur Holding AB,5569574642,Knalleborgsvägen 11 e,178 35,Ekerö,Ekerö,0.1,2025,1,2014,,,Ny kandidat
JL Aviation Services AB,5592600729,Kyrksundsvägen 36,133 37,Saltsjöbaden,Nacka,0.1,2025,0,2020,,,Ny kandidat
IN Apotek AB,5592773336,Elbevägen 21,141 69,Huddinge,Huddinge,0.1,2025,0,2020,,,Ny kandidat
Fridhem Produktion AB,5592277767,Kungsängsvägen 12,184 53,Åkersberga,Österåker,0.1,2025,0,2019,,,Ny kandidat
Dive Right In AB,5594028812,Blåklocksvägen 32,181 57,Lidingö,Lidingö,0.1,2025,0,2022,,,Ny kandidat
Daniels personal AB,5590002142,Stockholm,142 61,Trångsund,Huddinge,0.1,2025,1,2015,,,Ny kandidat
Daniels Consulting i Älmhult AB,5567124341,Barkassvägen 13,181 35,Lidingö,Lidingö,0.1,2025,0,2006,,,Ny kandidat
DMP Medical AB,5590042916,Frestavägen 36,192 54,Sollentuna,Sollentuna,0.1,2025,1,2015,,,Ny kandidat
Consof AB,5595184283,Mörbyhöjden 21 8 Tr,182 32,Danderyd,Danderyd,0.1,2025,0,2025,,,Ny kandidat
Cogna Pharma AB,5594919861,Hättkvarnsgatan 1,177 41,Järfälla,Järfälla,0.1,2025,0,2024,,,Ny kandidat
Casciavit AB,5590915483,Sönderborgsgatan 2,195 30,Märsta,Sigtuna,0.1,2025,1,2016,,,Ny kandidat
CareTech Sverige AB,5591606800,Boo Strandväg 1 e,132 36,Saltsjö-Boo,Nacka,0.1,2025,0,2018,,,Ny kandidat
Camiva Redovisning AB,5590603899,Hörnvägen 2 a,137 38,Västerhaninge,Haninge,0.1,2025,1,2016,,,Ny kandidat
CA VVS AB,5593403131,Fenixvägen 42,182 49,Enebyberg,Danderyd,0.1,2025,1,2021,,,Ny kandidat
Binoca AB,5590867098,Enstavägen 61,187 35,Täby,Täby,0.1,2025,1,2016,,,Ny kandidat
Aspnäs Service AB,5566936182,Söderby Gårdsväg 6 b,762 96,Rånäs,Norrtälje,0.1,2025,0,2005,,,Ny kandidat
Andro Teknik AB,5592808249,Lokes Väg 16 Lgh 1001,145 70,Norsborg,Botkyrka,0.1,2025,0,2020,,,Ny kandidat
Andevo AB,5591698799,"c/o de Vos, Österskärsvägen 8",184 53,Åkersberga,Österåker,0.1,2025,0,2018,,,Ny kandidat
Alice Omsorg AB,5568249535,Bergdalen 1 Lgh 1403,172 79,Sundbyberg,Sundbyberg,0.1,2025,0,2010,,,Ny kandidat
Aktiv Drift Stockholm AB,5590644349,Ektorpsvägen 7 b,131 45,Nacka,Nacka,0.1,2025,2,2016,,,Ny kandidat
Uteby123 AB,5568511397,Herrestads Berg 122,451 94,Uddevalla,Uddevalla,0.1,2024,0,2011,,,Ny kandidat
Ulfhager Holding AB,5592097033,Sanatorievägen 36,523 32,Ulricehamn,Ulricehamn,0.1,2025,1-4,2019,,,Ny kandidat
Tiaki Care AB,5592104631,Hinderbanan 8,415 23,Göteborg,Göteborg,0.1,2025,1,2019,,,Ny kandidat
Swesce Consulting AB,5568099054,Köhlerplatsen 3 b,523 49,Ulricehamn,Ulricehamn,0.1,2025,0,2010,,,Ny kandidat
Slutplattan SIRGA 126636 AB,5594205303,"c/o Bolagsstiftarna AB, Box 12086",402 41,Göteborg,Göteborg,0.1,2025,1,2023,,,Ny kandidat
Secret Time AB,5592997059,Opalgatan 59,421 62,Västra Frölunda,Göteborg,0.1,2024,1,2021,,,Ny kandidat
Sandra Fiske AB,5566364237,Hälleflundregatan 46 Lgh 1002,426 58,Västra Frölunda,Göteborg,0.1,2025,0,2002,,,Ny kandidat
RexNurse AB,5590945548,Hemmingstorp 712,542 92,Mariestad,Mariestad,0.1,2025,0,2016,,,Ny kandidat
Raz Event AB,5595267807,Fastlagsgatan 10,415 41,Göteborg,Göteborg,0.1,2025,0,2025,,,Ny kandidat
RC Bostad & Personalförmedling AB,5590554860,Slåttängsgatan 73,415 72,Göteborg,Göteborg,0.1,2025,0,2016,,,Ny kandidat
ProCraft Finance AB,5568213390,Nya Tingstadsgatan 1,422 44,Hisings Backa,Göteborg,0.1,2025,0,2010,,,Ny kandidat
Pardix AB,5564471695,Björkvägen 30,454 30,Brastad,Lysekil,0.1,2025,0,1992,,,Ny kandidat
Osbeck Förvaltning AB,5568949472,Soldatvägen 10,451 34,Uddevalla,Uddevalla,0.1,2025,1-4,2012,,,Ny kandidat
NordDoc AB,5594931106,Raketgatan 12,413 20,Göteborg,Göteborg,0.1,2025,1,2024,,,Ny kandidat
NAZFAZ AB,5594046418,Bondegärdet 33,424 33,Angered,Göteborg,0.1,2024,0,2022,,,Ny kandidat
Man4U AB,5594211103,Portstråket 20,433 38,Partille,Partille,0.1,2025,1-4,2023,,,Ny kandidat
MIB SmartConsulting AB,5563229094,Brodalsvägen 1 g G8,433 38,Partille,Partille,0.1,2025,0,1988,,,Ny kandidat
Läkarhusen i Väst Holding AB,5591571186,Selins Väg 7,444 60,Stora Höga,Stenungsund,0.1,2025,1,2018,,,Ny kandidat
Kakouratos Diagnostic Imaging AB,5593722605,"c/o Ackordcentralen Väst AB, Box 2525",403 17,Göteborg,Göteborg,0.1,2023,0,2022,,,Ny kandidat
Ja precis AB,5592009749,Bergsjödalen 51,415 68,Göteborg,Göteborg,0.1,2025,0,2019,,,Ny kandidat
Firma Malin Johansson AB,5593284028,"c/o Satsa Redovisningsbyrå AB, Druveforsvägen 29",504 33,Borås,Borås,0.1,2025,0,2021,,,Ny kandidat
Dibro consulting AB,5592083801,Hästskovägen 2,462 54,Vänersborg,Vänersborg,0.1,2024,1-4,2019,,,Ny kandidat
Damasceno Sjukvård AB,5595103903,Steken 2 f Lgh 1202,424 38,Agnesberg,Göteborg,0.1,2025,0,2024,,,Ny kandidat
Bueneman Medic AB,5592176050,Lindgatan 22,461 57,Trollhättan,Trollhättan,0.1,2025,1,2019,,,Ny kandidat
BexoCorp AB,5569819203,Minas Väg 11,424 71,Olofstorp,Göteborg,0.1,2025,1,2014,,,Ny kandidat
Aspebrant Consulting AB,5590999602,Näs 112 Lgh 1101,444 95,Ödsmål,Stenungsund,0.1,2025,1,2017,,,Ny kandidat
Akbri AB,5590461496,Västergärdet 5,461 34,Trollhättan,Trollhättan,0.1,2025,0,2015,,,Ny kandidat
A Nasstrom AB,5591886618,Skölvene Prästegården 1,524 93,Herrljunga,Herrljunga,0.1,2025,0,2018,,,Ny kandidat
8.9 Bemanning AB,5593580714,Kyrkobyn 680,462 93,Vänersborg,Vänersborg,0.1,2024,0,2022,,,Ny kandidat
iMedic vård AB,5592349707,Aktrisgatan 9,215 83,Malmö,Malmö,0.1,2025,0,2020,,,Ny kandidat
Taipej8 AB,5591075063,"c/o Hang Quy Hong, Lergodsvägen 1 f",238 40,Oxie,Malmö,0.1,2025,1,2017,,,Ny kandidat
SÅ Logistics AB,5566665831,S:T Andreas Väg 39,263 57,Höganäs,Höganäs,0.1,2025,0,2004,,,Ny kandidat
SNA WORK AB,5594712555,Lergatan 11,267 77,Ekeby,Bjuv,0.1,2024,2,2024,,,Ny kandidat
S. Hjalmarsson Holding AB,5569742660,Västergatan 32 a,289 40,Broby,Östra Göinge,0.1,2025,1,2014,,,Ny kandidat
Quest for Business AB,5593695538,Fajansvägen 184,238 40,Oxie,Malmö,0.1,2024,0,2022,,,Ny kandidat
Per Jonsson Läkarkonsult AB,5591731947,Musketörsgränden 5,226 39,Lund,Lund,0.1,2026,1,2018,,,Ny kandidat
PeJe Åkeri Special AB,5594661455,Ljungamölla 2573,281 95,Vankiva,Hässleholm,0.1,2025,1,2024,,,Ny kandidat
Ouest AB,5568320997,Snäckvägen 2,263 52,Lerberget,Höganäs,0.1,2025,1,2010,,,Ny kandidat
Nx3 Bemanning AB,5594361890,Pilängsrundeln 4 c,261 42,Landskrona,Landskrona,0.1,2024,0,2023,,,Ny kandidat
Nordic Bygg med Simon AB,5595008789,Spannarpsvägen 221,262 95,Ängelholm,Ängelholm,0.1,2025,0,2024,,,Ny kandidat
Mercator Strategy AB,5563533180,Storgatan 7,234 31,Lomma,Lomma,0.1,2024,0,1989,,,Ny kandidat
MGE Holding AB,5567035547,Fåralyckevägen 4,266 55,Vejbystrand,Ängelholm,0.1,2025,0,2006,,,Ny kandidat
KS Construction i Bjärred AB,5593245920,Verkstadsvägen 24,245 34,Staffanstorp,Staffanstorp,0.1,2025,1,2021,,,Ny kandidat
K.A 68 i Simrishamn AB,5590809561,Holmströmsgatan 1 b,272 34,Simrishamn,Simrishamn,0.1,2025,1,2016,,,Ny kandidat
JA Sjöstedts AB,5569261695,Hyby Kyrkoväg 182-54,233 76,Klågerup,Svedala,0.1,2025,0,2013,,,Ny kandidat
J.Jnsson AB,5591882518,Sergels Väg 12 a Lgh 1503,217 57,Malmö,Malmö,0.1,2025,1,2018,,,Ny kandidat
Good Job AB,5592891336,"c/o HENRIK HANG, Lergodsvägen 1 f",238 40,Oxie,Malmö,0.1,2025,0,2020,,,Ny kandidat
Global Hotlips AB,5595171728,Stolpegatan 27,296 35,Åhus,Kristianstad,0.1,2025,0,2025,,,Ny kandidat
Fam Ottersten AB,5564972817,Bygatan 17 17,276 30,Borrby,Simrishamn,0.1,2025,1,1994,,,Ny kandidat
Emmas Invest AB,5569447500,Babordsgången 1,271 52,Ystad,Ystad,0.1,2025,1,2013,,,Ny kandidat
Duratror AB,5590825187,Rosenlundsvägen 395,253 54,Mörarp,Helsingborg,0.1,2024,0,2016,,,Ny kandidat
BMD Nordic AB,5569599250,Hillerödsvägen 6 b,217 47,Malmö,Malmö,0.1,2025,0,2014,,,Ny kandidat
Alltid Astrid AB,5594962721,Merkuriusgatan 2,224 57,Lund,Lund,0.1,2025,20-49,2024,,,Ny kandidat
AiZor AB,5595408203,Bülow Hübes Väg 20,216 18,Limhamn,Malmö,0.1,2025,0,2025,,,Ny kandidat
Råg & Stam AB,5594769340,Rogestad Månarp 1,585 92,Linköping,Linköping,0.1,2026,0,2024,,,Ny kandidat
Rachow Holding AB,5592108228,Herdegatan 28,602 10,Norrköping,Norrköping,0.1,2025,0,2019,,,Ny kandidat
Qrera Vård & Bemanning AB,5590305990,Drottninggatan !a,591 35,Motala,Motala,0.1,2025,1,2015,,,Ny kandidat
Prestigious AB,5594098419,"c/o Crusner Advokatbyrå AB, Holmengatan 14",602 32,Norrköping,Norrköping,0.1,2023,0,2022,,,Ny kandidat
Markus Larsson AB,5590998737,Klövergatan 2 b,582 52,Linköping,Linköping,0.1,2025,0,2017,,,Ny kandidat
Linköpings Bemanning & Service AB,5592626740,Lindaliden 10,589 35,Linköping,Linköping,0.1,2024,1,2020,,,Ny kandidat
Korn Linkopia Aktiebolag,5594000282,Box 1098,581 10,Linköping,Linköping,0.1,2025,1,2022,,,Ny kandidat
KimTrading AB,5569598344,Havregatan 4,599 31,Ödeshög,Ödeshög,0.1,2025,1,2014,,,Ny kandidat
KC HR i Norrköping AB,5568812407,Krokek Skinnarbo 1,618 33,Kolmården,Norrköping,0.1,2025,0,2012,,,Ny kandidat
Fascia Balance i Östergötland AB,5590216312,Tränggatan 3,582 28,Linköping,Linköping,0.1,2025,1,2015,,,Ny kandidat
E-konsult AB,5594644741,Vargstigen 13,595 70,Boxholm,Boxholm,0.1,2025,0,2023,,,Ny kandidat
Boodé Farligt Gods AB,5591903405,Gistad Prästgård,585 63,Linghem,Linköping,0.1,2025,1,2019,,,Ny kandidat
Abborrebergs Veranda AB,5563430437,Tunnlandsgatan 16,602 08,Norrköping,Norrköping,0.1,2025,0,1988,,,Ny kandidat
AT Care i Nydalen AB,5593377368,Stordalen 132,591 99,Motala,Motala,0.1,2025,0,2021,,,Ny kandidat
Vik Receptarie IJ AB,5568388911,Övre Slottsgatan 9 e,753 12,Uppsala,Uppsala,0.1,2025,0,2011,,,Ny kandidat
Sciado AB,5590065107,Finnsta 39,755 77,Vänge,Uppsala,0.1,2025,0,2015,,,Ny kandidat
Podalirius AB,5591948798,S:T Göransgatan 32,753 26,Uppsala,Uppsala,0.1,2025,1-4,2019,,,Ny kandidat
Random Bits AB,5590719224,Skyttelgatan 10 b Lgh 1402,753 42,Uppsala,Uppsala,0.1,2025,1,2016,,,Ny kandidat
Fortis Care AB,5566310032,Huges Väg 17,754 40,Uppsala,Uppsala,0.1,2025,2,2002,,,Ny kandidat
BG Bemanning AB,5592942188,Grafikgatan 21,754 54,Uppsala,Uppsala,0.1,2025,0,2020,,,Ny kandidat
Stjernberg Consulting AB,5590896428,Garverivägen 4 a,740 45,Tärnsjö,Heby,0.1,2025,0,2016,,,Ny kandidat
S.E.D. Consulting AB,5569137788,Klippervägen 22 b,749 48,Enköping,Enköping,0.1,2025,0,2012,,,Ny kandidat
Medilon AB,5593918674,Margaretavägen 59 b,741 44,Knivsta,Knivsta,0.1,2025,0,2022,,,Ny kandidat
Falktech AB,5595189431,Sågarbovägen 3,740 44,Tärnsjö,Heby,0.1,2025,1-4,2025,,,Ny kandidat
Gårdsjö Holding AB,5591178727,Gårdsjö 127,744 91,Heby,Heby,0.1,2025,2,2017,,,Ny kandidat
Dream Scandinavia AB,5595172197,Olof Wijkmans Väg 16,744 50,Morgongåva,Heby,0.1,2025,1,2025,,,Ny kandidat
Aribon AB,5593298929,Fårticksgatan 55,749 45,Enköping,Enköping,0.1,2025,1,2021,,,Ny kandidat
Selectiq AB,5595369447,Stensholmsvägen 4 h,561 39,Huskvarna,Jönköping,0.1,2026,1,2025,,,Ny kandidat
MHML i Jönköping Aktiebolag,5564177979,Styrmansgatan 5,553 12,Jönköping,Jönköping,0.1,2025,1,1991,,,Ny kandidat
Jönköpings Mekaniska Werkstads AB,5568890445,Vinterviksgatan 4,553 23,Jönköping,Jönköping,0.1,2025,0,2012,,,Ny kandidat
Fokus lots & transport Sverige AB,5569558553,Norra Strandgatan 70,553 20,Jönköping,Jönköping,0.1,2025,0,2013,,,Ny kandidat
Demirum AB,5591634729,Ekgatan 4 Lgh 1101,553 38,Jönköping,Jönköping,0.1,2025,1,2018,,,Ny kandidat
Wiax i Anderstorp AB,5591723480,Grand Prixgatan 4,334 33,Anderstorp,Gislaved,0.1,2024,0,2018,,,Ny kandidat
Bjerkander Music & More AB,5594970518,Hembygdsgatan 2,578 32,Aneby,Aneby,0.1,2025,0,2024,,,Ny kandidat
Abbesson i Knopparp AB,5568506850,Smörblomstigen 4,568 31,Skillingaryd,Vaggeryd,0.1,2025,0,2011,,,Ny kandidat
ABC Akademi AB,5595198481,Sporregatan 8 Lgh 1101,576 32,Sävsjö,Sävsjö,0.1,2025,0,2025,,,Ny kandidat
UppmärkSam AB,5594802141,Södra Vägen 13 b,302 38,Halmstad,Halmstad,0.1,2025,0,2024,,,Ny kandidat
One4Two AB,5590102298,Smårisvägen 11,311 69,Ugglarp,Falkenberg,0.1,2025,1,2015,,,Ny kandidat
Inrikestransporter & Frakt i Vallberga AB,5566743307,Långgatan 25,312 50,Vallberga,Laholm,0.1,2025,1,2005,,,Ny kandidat
Föreläsningsteamet H & J i Halland AB,5568756687,Tröingevägen 7,311 37,Falkenberg,Falkenberg,0.1,2024,0,2011,,,Ny kandidat
Hexalin Care AB,5592015779,Fyrklövergatan 3,434 46,Kungsbacka,Kungsbacka,0.1,2025,1,2019,,,Ny kandidat
Dr Frisk AB,5593562696,Östra Kyviksvägen 28,429 30,Kullavik,Kungsbacka,0.1,2024,0,2021,,,Ny kandidat
Carpe Tempus Holding AB,5566981113,Wallbergsgatan 1,302 31,Halmstad,Halmstad,0.1,2025,1,2006,,,Ny kandidat
CYB i Falkenberg AB,5592973407,Bacchus Väg 8,311 77,Falkenberg,Falkenberg,0.1,2026,1,2021,,,Ny kandidat
C-M Consulting i Falkenberg AB,5592870561,Porsevägen 8,311 74,Falkenberg,Falkenberg,0.1,2025,1,2020,,,Ny kandidat
Anne-Li Frid Läkarpraktik AB,5569940157,Gamla Vägen 23,305 72,Steninge,Halmstad,0.1,2025,0,2014,,,Ny kandidat
Andersen Performance AB,5594625930,Hunnestad Öster 31,432 91,Varberg,Varberg,0.1,2025,0,2023,,,Ny kandidat
Allt om Malt Claes Bennheden AB,5566206388,Torsvägen 19,311 46,Falkenberg,Falkenberg,0.1,2025,1,2001,,,Ny kandidat
LevEco AB,5591528582,Storsätter 215,705 95,Örebro,Örebro,0.1,2026,0,2018,,,Ny kandidat
Geomekan i Örebro AB,5590335849,Otto e Andersens Gata 5,703 44,Örebro,Örebro,0.1,2024,0,2015,,,Ny kandidat
Pixoped AB,5591190193,Hårdvallsvägen 16,691 45,Karlskoga,Karlskoga,0.1,2025,0,2017,,,Ny kandidat
Highway Automobile AB,5563818417,Samsala 147,694 92,Hallsberg,Hallsberg,0.1,2024,0,1990,,,Ny kandidat
Harryssons Personal & Maskinuthyrning AB,5567615777,Korsbergsgatan 171,694 92,Hallsberg,Hallsberg,0.1,2024,1,2008,,,Ny kandidat
Serad AB,5592391436,Gustafsvägen 20,633 46,Eskilstuna,Eskilstuna,0.1,2025,0,2020,,,Ny kandidat
Flextra Communication AB,5567204564,Kristin Ribbings Väg 66,635 08,Eskilstuna,Eskilstuna,0.1,2025,0,2007,,,Ny kandidat
Österbyns Åkeri Aktiebolag,5567072078,Österbyn 213,776 74,Stjärnsund,Hedemora,0.1,2025,1,2006,,,Ny kandidat
Mårs Gård AB,5592746324,Mälby 208,776 90,Hedemora,Hedemora,0.1,2025,0,2020,,,Ny kandidat
MATTS STOOR AB,5568903305,Borganäsvägen 44,784 33,Borlänge,Borlänge,0.1,2024,1,2012,,,Ny kandidat
Leif Ranströms Försäljnings Aktiebolag,5566814264,Hantverkargatan 16,781 71,Borlänge,Borlänge,0.1,2025,1,2005,,,Ny kandidat
Lars Haglöf Profile Company AB,5567716849,Räfstylla 51,781 94,Borlänge,Borlänge,0.1,2025,0,2008,,,Ny kandidat
Gesunda Grävtjänst AB,5591583009,Slalomvägen 17,792 90,Sollerön,Mora,0.1,2025,1,2018,,,Ny kandidat
Funky-Vintage Halland Aktiebolag,5592042419,"c/o Svenska Standardbolag AB, Box 292",791 27,Falun,Falun,0.1,2025,1,2019,,,Ny kandidat
Fakturabolaget Dalarna AB,5569874414,Forskargatan 3,781 70,Borlänge,Borlänge,0.1,2025,1,2014,,,Ny kandidat
Bo Nordin Alltjänst AB,5591811129,Tängervägen 22,790 26,Enviken,Falun,0.1,2025,0,2018,,,Ny kandidat
Ambur AB,5569829384,Orrbacksvägen 2,790 23,Svärdsjö,Falun,0.1,2025,1,2014,,,Ny kandidat
Tommy Sallander Byggteknik AB,5569153405,Kronobodgatan 30,824 52,Hudiksvall,Hudiksvall,0.1,2025,0,2012,,,Ny kandidat
Svedbeck Bemanning AB,5590307434,Box 6195,800 06,Gävle,Gävle,0.1,2025,1,2015,,,Ny kandidat
Stabroo AB,5562224963,Hasselgatan 17,821 35,Bollnäs,Bollnäs,0.1,2025,1,1982,,,Ny kandidat
Segetorps Entreprenad AB,5564201548,Stocksbovägen 45,827 63,Färila,Ljusdal,0.1,2025,1,1991,,,Ny kandidat
Nisse Olssons Åkeri Aktiebolag,5562837871,Ringvägen 17 f,827 31,Ljusdal,Ljusdal,0.1,2025,1-4,1986,,,Ny kandidat
Niklas Sjöberg AB,5593622219,Hantverkargatan 20 b,803 23,Gävle,Gävle,0.1,2025,0,2022,,,Ny kandidat
Gävleborgs Allservice AB,5593891731,Högenvägen 80,829 51,Bergsjö,Nordanstig,0.1,2025,1,2022,,,Ny kandidat
Värmlandsvårdbemanning AB,5592814288,Lelle Karl-Johans Väg 10,656 38,Karlstad,Karlstad,0.1,2025,0,2020,,,Ny kandidat
Ullfor AB,5567373518,Nunnegatan 15,681 32,Kristinehamn,Kristinehamn,0.1,2026,1,2007,,,Ny kandidat
Skoglunds Ortopedi AB,5568548498,Tollestad 6,665 91,Kil,Kil,0.1,2025,1,2011,,,Ny kandidat
Forsnäs Energi&Miljö Teknik AB,5569256034,Forsnäs 15,686 98,Gräsmark,Sunne,0.1,2025,0,2013,,,Ny kandidat
Uniccon Väst AB,5591715148,"c/o Bokförarn Mälardalen AB, Olbergavägen 15",734 92,Hallstahammar,Hallstahammar,0.1,2025,0,2018,,,Ny kandidat
Nursify AB,5590305024,Järnvägsgatan 5,722 33,Västerås,Västerås,0.1,2025,0,2015,,,Ny kandidat
Merajtechnic AB,5594215302,Puddelugnsgatan 64 Lgh 1202,724 73,Västerås,Västerås,0.1,2023,0,2023,,,Ny kandidat
Khalids Care AB,5591697080,Benvägen 37,723 52,Västerås,Västerås,0.1,2025,0,2018,,,Ny kandidat
ATL Entreprenad AB,5595271841,Gyllentäktvägen 13,738 34,Norberg,Norberg,0.1,2025,0,2025,,,Ny kandidat
4-R Service AB,5593475683,Alvägen 5,734 51,Kolbäck,Hallstahammar,0.1,2025,0,2021,,,Ny kandidat
Wennbergs Mark & Mekanik AB,5593848004,Gråsparvgränd 6,982 41,Gällivare,Gällivare,0.1,2025,1,2022,,,Ny kandidat
Stålnackes industriservice AB,5595247593,Fjällnäs 1035,981 99,Kiruna,Gällivare,0.1,2025,0,2025,,,Ny kandidat
Seskarö Last & Transport Aktiebolag,5562633817,Skogsstigen 6,953 94,Seskarö,Haparanda,0.1,2025,0,1985,,,Ny kandidat
Sonden Dental I Luleå AB,5562955244,Kappgränd 2,973 41,Luleå,Luleå,0.1,2026,1,1987,,,Ny kandidat
Nordström mining consulting AB,5595013722,Kristallvägen 16,983 41,Koskullskulle,Gällivare,0.1,2025,0,2024,,,Ny kandidat
Narva Bygg i Norr AB,5593761538,Kiruna-Lasses Väg 3,981 41,Kiruna,Kiruna,0.1,2025,0,2022,,,Ny kandidat
MixWorx i Norr AB,5593225559,Backgatan 10,983 41,Koskullskulle,Gällivare,0.1,2025,0,2021,,,Ny kandidat
Juto Consulting AB,5594310244,Strandvägen 16,984 33,Korpilombolo,Pajala,0.1,2025,1,2023,,,Ny kandidat
Knalli AB,5594309832,Bergvägen 15,984 33,Korpilombolo,Pajala,0.1,2025,0,2023,,,Ny kandidat
Gena Förvaltning AB,5593376881,Sävastvägen 8,961 47,Boden,Boden,0.1,2025,1,2021,,,Ny kandidat
Gear Inspect AB,5592780190,Hjortronvägen 4,982 35,Gällivare,Gällivare,0.1,2025,1,2020,,,Ny kandidat
EliThe AB,5593207813,Flygfältsvägen 3 b,952 61,Kalix,Kalix,0.1,2025,0,2021,,,Ny kandidat
Clarity Bemanning AB,5592118979,Drabantgatan 5,976 31,Luleå,Luleå,0.1,2025,0,2019,,,Ny kandidat
ArNa AB,5591080527,Maskinvägen 22,972 54,Luleå,Luleå,0.1,2025,0,2017,,,Ny kandidat
ANT Konsult AB,5594182791,Regnbågsvägen 11,961 51,Boden,Boden,0.1,2025,0,2023,,,Ny kandidat
Vigus i Arvidsjaur AB,5593970873,Burevägen 6 b,924 31,Sorsele,Sorsele,0.1,2025,0,2022,,,Ny kandidat
VERTICON AB,5592750235,Kaptensgatan 7 b,903 36,Umeå,Umeå,0.1,2025,1,2020,,,Ny kandidat
Vårdbolaget Framtidstro AB,5591478663,Brån 7,911 93,Vännäs,Vännäs,0.1,2025,0,2018,,,Ny kandidat
Stenviken MH Aktiebolag,5594136888,Jakobsvägen 20,934 32,Kåge,Skellefteå,0.1,2025,0,2022,,,Ny kandidat
Stefan Kvist i Vilhelmina Aktiebolag,5560807017,Volgsjövägen 35,912 32,Vilhelmina,Vilhelmina,0.1,2025,0,1961,,,Ny kandidat
Lenosk AB,5590554274,Trastvägen 35,914 31,Nordmaling,Nordmaling,0.1,2025,0,2016,,,Ny kandidat
KAEN AB,5594113051,Innertavle 444,905 96,Umeå,Umeå,0.1,2025,1,2022,,,Ny kandidat
Jaana Consulting AB,5591085583,Sönkmyrvägen 37 a,904 40,Röbäck,Umeå,0.1,2025,1,2017,,,Ny kandidat
JRJ Servicetjänster i Sverige Aktiebolag,5565217790,Övre Saxnäs 145,924 94,Sorsele,Sorsele,0.1,2025,1,1995,,,Ny kandidat
Bureå konsult AB,5594932625,Norrstigen 5,931 56,Skellefteå,Skellefteå,0.1,2024,1,2024,,,Ny kandidat
CIC Vision AB,5568922164,Sundö 70,922 93,Vindeln,Vindeln,0.1,2025,1,2012,,,Ny kandidat
Östkustgruppen AB,5568698475,Edholmsgatan 20,593 61,Västervik,Västervik,0.1,2025,1,2011,,,Ny kandidat
Jalowell AB,5593391278,Neptunusvägen 18,393 51,Kalmar,Kalmar,0.1,2025,1,2021,,,Ny kandidat
HoaHoang AB,5594007246,Ostindievägen 8,393 55,Kalmar,Kalmar,0.1,2025,1,2022,,,Ny kandidat
Rydéns Transport & Bemanning AB,5593824245,Blockstigen 3,577 37,Hultsfred,Hultsfred,0.1,2025,1,2022,,,Ny kandidat
Fastighets AB Emmaboda Granitslöjd,5565808374,Bergsgatan 12,361 33,Emmaboda,Emmaboda,0.1,2024,2,1999,,,Ny kandidat
CDP Consulting AB,5594218199,Norra Stenserum 3,594 92,Gamleby,Västervik,0.1,2025,0,2023,,,Ny kandidat
Knutsgatan 22 i Älmhult Holding AB,5592566771,Borggatan 5,343 37,Älmhult,Älmhult,0.1,2024,0,2020,,,Ny kandidat
Hjälpsam i Ryssby AB,5566375183,Östraby Skattegård 3,341 76,Ryssby,Ljungby,0.1,2025,0,2003,,,Ny kandidat
Bills Lots & Alltjänst AB,5567282537,Storgatan 20,341 44,Ljungby,Ljungby,0.1,2025,1,2007,,,Ny kandidat
AMW Renting AB,5590686837,Box 3078,350 33,Växjö,Växjö,0.1,2025,0,2016,,,Ny kandidat
Thova konsult i Ö-vik AB,5594070798,Vårbyvägen 8,892 41,Domsjö,Örnsköldsvik,0.1,2025,0,2022,,,Ny kandidat
Resolution Redovisning & Utveckling AB,5592080534,Skeppsbron 7,871 30,Härnösand,Härnösand,0.1,2025,1-4,2019,,,Ny kandidat
Relaunch AB,5590051396,Björkvägen 8,895 40,Mellansel,Örnsköldsvik,0.1,2025,1,2015,,,Ny kandidat
S.L Medconsult AB,5593479073,"c/o Oldco Holding 12 - 2026 AB, Box 1030",851 11,Sundsvall,Sundsvall,0.1,2025,1,2021,,,Ny kandidat
Rikard Westman AB,5595078733,Tallvägen 13,873 71,Nyland,Kramfors,0.1,2025,0,2024,,,Ny kandidat
Nyhvård och omsorg AB,5590287354,Ångaregatan 1 Lgh 1201,856 35,Sundsvall,Sundsvall,0.1,2025,0,2015,,,Ny kandidat
Mobilkompetens i Övik AB,5569231110,Massavägen 16,893 40,Köpmanholmen,Örnsköldsvik,0.1,2025,0,2013,,,Ny kandidat
M.Modins Alltjänst AB,5593188971,Åsbäcksvägen 8,881 35,Sollefteå,Sollefteå,0.1,2025,1,2021,,,Ny kandidat
M Geo Aktiebolag,5591182521,Lasarettsgatan 13 Lgh 1601,891 33,Örnsköldsvik,Örnsköldsvik,0.1,2025,1,2017,,,Ny kandidat
Diversos Konsult AB,5564889052,Slåttervägen 18,892 42,Domsjö,Örnsköldsvik,0.1,2025,0,1994,,,Ny kandidat
Toban AB,5569254401,Kuggebodavägen 11,372 94,Listerby,Ronneby,0.1,2025,0,2013,,,Ny kandidat
Rödeby Invest AB,5569445272,Hasselvägen 5,373 42,Rödeby,Karlskrona,0.1,2025,0,2013,,,Ny kandidat
Linus Alltjänst AB,5594103557,Lörbyvägen 353-8,294 94,Sölvesborg,Sölvesborg,0.1,2025,1,2022,,,Ny kandidat
Inflyta AB,5593598021,Spireavägen 8,373 73,Jämjö,Karlskrona,0.1,2025,1,2022,,,Ny kandidat
HUGG I AB,5592108178,Lorås 210,833 48,Hammerdal,Strömsund,0.1,2025,0,2019,,,Ny kandidat
Bo Helgesson AB,5566361084,Spovvägen 31,831 66,Östersund,Östersund,0.1,2025,1,2002,,,Ny kandidat
Aktiebolag Stefan Skogelid,5593847360,Idrottsvägen 5,844 31,Hammarstrand,Ragunda,0.1,2025,1,2022,,,Ny kandidat
Transilvania Bygg AB,5590635347,Gråboväg 20,621 49,Visby,Gotland,0.1,2024,1,2016,,,Ny kandidat
O Smith Konsult AB,5593018731,Snickaregatan 1,623 77,Klintehamn,Gotland,0.1,2025,1,2021,,,Ny kandidat
Östermalms Bemanning AB,5594677667,Västerby Backe 16 Lgh 1202,163 75,Spånga,Stockholm,0,2025,0,2024,,,Ny kandidat
Öhmans Logistik & Bemanningstjänst AB,5592589690,Södra Strandgatan 3 b,702 10,Örebro,Örebro,0,2025,0,2020,,,Ny kandidat
Älskade Liv AB,5593030652,Guldbrandsgatan 35,507 63,Borås,Borås,0,2025,0,2021,,,Ny kandidat
senior rekrytering i Sverige AB,5592760580,Stormbyvägen 2-4,163 55,Spånga,Stockholm,0,2025,0,2020,,,Ny kandidat
qol i stora höga AB,5592460850,Karins Väg 30,444 61,Stora Höga,Stenungsund,0,2026,0,2020,,,Ny kandidat
izi Group Aktiebolag,5568158421,Andra Långgatan 46,413 27,Göteborg,Göteborg,0,2025,0,2010,,,Ny kandidat
itost - konsult i Östergötland AB,5590678594,Vallonvägen 12,612 30,Finspång,Finspång,0,2026,0,2016,,,Ny kandidat
intip rekrytering AB,5567208839,"c/o Lars Bertén, Karsegårdsvägen 18 a",439 31,Onsala,Kungsbacka,0,2025,0,2007,,,Ny kandidat
ezRecruit AB,5592503204,Kungsgatan 6,211 49,Malmö,Malmö,0,2025,0,2020,,,Ny kandidat
eVerifyMatch Consulting AB,5595905323,Vintergaloppsgatan 30,183 41,Täby,Täby,,,0,2026,,,Ny kandidat
arbetsvägen Sverige AB,5595828269,Johan Gertssons Gata 4,415 12,Göteborg,Göteborg,,,0,2026,,,Ny kandidat
ambitionx AB,5593688673,Sveavägen 49,113 59,Stockholm,Stockholm,0,2025,0,2022,,,Ny kandidat
Zetterholm & Partners AB,5595218818,Månskensvägen 16,132 39,Saltsjö-Boo,Nacka,,,1-4,2025,,,Ny kandidat
Zethraeus Konsult AB,5590439633,Föreningsvägen 30,132 37,Saltsjö-Boo,Nacka,0,2025,0,2015,,,Ny kandidat
Z Recruit AB,5594489931,Hästhovsvägen 1,245 63,Hjärup,Staffanstorp,0,2025,0,2023,,,Ny kandidat
YrkesInstitutet Sverige AB,5592939077,Bjällervägen 4,129 46,Hägersten,Stockholm,0,2025,0,2020,,,Ny kandidat
Zeeit Nordic AB,5569471716,Morkullevägen 80,474 32,Ellös,Orust,0,2025,0,2013,,,Ny kandidat
Zedero Zearch AB,5590642657,Jungfrugatan 64,115 31,Stockholm,Stockholm,0,2025,0,2016,,,Ny kandidat
YCO AB,5595405415,Hagavägen 2,169 69,Solna,Solna,,,0,2025,,,Ny kandidat
Young Investment Group AB,5592116932,Östra Sörredsvägen 4,418 78,Göteborg,Göteborg,0,2025,0,2019,,,Ny kandidat
Younext Bemanning AB,5594008467,Aschebergsgatan 40 a,411 33,Göteborg,Göteborg,0,2025,0,2022,,,Ny kandidat
Yes of course i Sverige AB,5568516560,Carl Krooks Gata 25 c,252 18,Helsingborg,Helsingborg,0,2024,0,2011,,,Ny kandidat
XWORX AB,5593368193,Skeppsbron 13 a,211 20,Malmö,Malmö,0,2025,0,2021,,,Ny kandidat
Workflexsweden AB,5592012321,Hövdingevägen 9 Lgh 1202,151 51,Södertälje,Södertälje,0,2025,0,2019,,,Ny kandidat
Wrknest Blue AB,5593903445,Medborgarplatsen 25,118 72,Stockholm,Stockholm,0,2025,0,2022,,,Ny kandidat
Worth While Travel AB,5593716466,Kaptensgatan 14,252 70,Råå,Helsingborg,0,2025,0,2022,,,Ny kandidat
Worq i Sverige AB,5568875362,Västergatan 22,211 21,Malmö,Malmö,0,2025,0,2012,,,Ny kandidat
WorkCo Sweden AB,5594656513,Kistagången 20 b,164 40,Kista,Stockholm,,,1-4,2023,,,Ny kandidat
Work With Tareq AB,5595947374,Bråstagatan 5,733 30,Sala,Sala,,,0,2026,,,Ny kandidat
Woiski/Bergvall konsult AB,5595034389,Rissneleden 132 b Lgh 1304,174 57,Sundbyberg,Sundbyberg,,,0,2024,,,Ny kandidat
Wobally AB,5595707646,Kumlagatan 3,723 42,Västerås,Västerås,,,0,2026,,,Ny kandidat
Wixeo AB,5591794002,Norrhagagatan 25,571 37,Nässjö,Nässjö,0,2025,0,2018,,,Ny kandidat
Why not AB,5590378831,Vallbygatan 19,753 24,Uppsala,Uppsala,0,2025,1-4,2015,,,Ny kandidat
Werket Personal AB,5592471147,Högbergsgatan 27,116 20,Stockholm,Stockholm,0,2025,0,2020,,,Ny kandidat
Winters Matglädje AB,5567495600,Bäckaslövsvägen 21,352 35,Växjö,Växjö,0,2025,0,2008,,,Ny kandidat
Welac Bemanning AB,5590903398,Box 88,146 21,Tullinge,Botkyrka,0,2024,0,2016,,,Ny kandidat
WebDynamo Technologies AB,5594455643,Fornhöjdsvägen 45 Lgh 1201,152 56,Södertälje,Södertälje,0,2025,0,2023,,,Ny kandidat
WRK Recruitment AB,5592119431,Jungfrugatan 7 b,114 44,Stockholm,Stockholm,0,2025,0,2019,,,Ny kandidat
WM Consulting Sweden AB,5595160689,Sjöhagsvägen 6 b,721 32,Västerås,Västerås,0,2025,0,2025,,,Ny kandidat
Wallgren & Partners AB,5566405204,Backamovägen 14,132 37,Saltsjö-Boo,Nacka,0,2025,0,2003,,,Ny kandidat
Wahrenberg Consulting AB,5595684712,Vässarögatan 52,257 33,Rydebäck,Helsingborg,,,0,2026,,,Ny kandidat
WSR 21 AB,5594174608,Mariebergsvägen 49,611 66,Nyköping,Nyköping,,,0,2023,,,Ny kandidat
WF Consulting AB,5590485263,Åkerslundsvägen 1,236 61,Höllviken,Vellinge,0,2025,0,2016,,,Ny kandidat
Vårdnexus AB,5595563486,Humlegårdsgatan 2 a,731 30,Köping,Köping,,,0,2025,,,Ny kandidat
Vårdin AB,5593698409,"c/o Sussie Asadi, Rättviksvägen 23",192 71,Sollentuna,Sollentuna,0,2025,0,2022,,,Ny kandidat
Vård och Omsorgsbolaget (VOOB) AB,5594319948,Sibyllegatan 22,114 42,Stockholm,Stockholm,0,2024,0,2023,,,Ny kandidat
Växjö HumanCraft AB,5591046528,Norra Doktorsgatan 23,352 36,Växjö,Växjö,0,2024,0,2017,,,Ny kandidat
VoV AB,5594345893,Fridhemsgatan 15,112 40,Stockholm,Stockholm,0,2024,0,2023,,,Ny kandidat
Vit Care AB,5590768254,Flygkårsvägen 49,183 62,Täby,Täby,0,2025,0,2016,,,Ny kandidat
Visby lots AB,5593727752,Söderväg 14 b,621 58,Visby,Gotland,0,2025,0,2022,,,Ny kandidat
Vinovus Revive AB,5595283150,Skogsvägen 11 b,417 29,Göteborg,Göteborg,,,0,2025,,,Ny kandidat
Vinno Consulting Care AB,5590274626,"c/o Vinno AB, Carl Bourghardt Jacobsson, Hammarby Allé 53 b Lgh 1501",120 30,Stockholm,Stockholm,0,2024,0,2015,,,Ny kandidat
VictoriaKjellgren AB,5594914078,Godemansvägen 27,903 55,Umeå,Umeå,,,0,2024,,,Ny kandidat
ViaLevo AB,5593918831,"c/o VitaVis, Box 2051",220 02,Lund,Lund,0,2025,0,2022,,,Ny kandidat
Veteranvän Sverige AB,5595647677,Korgpilsgränd 16,165 77,Hässelby,Stockholm,,,1-4,2025,,,Ny kandidat
Vesterlund Consult & Management AB,5569175127,Bergsvägen 5,194 68,Upplands Väsby,Upplands Väsby,0,2025,0,2013,,,Ny kandidat
Vertum Investment AB,5594904236,"c/o Bromma Närlivs, Kvarnbacksvägen 103",168 74,Bromma,Stockholm,0,2025,0,2024,,,Ny kandidat
Varon Care AB,5569406910,Blekingegatan 65 a Lgh 1201,116 62,Stockholm,Stockholm,0,2025,0,2013,,,Ny kandidat
VSL Consulting AB,5595303487,Ståhlbergsvägen 13,632 21,Eskilstuna,Eskilstuna,,,0,2025,,,Ny kandidat
Valmea AB,5592811524,Vedavägen 4,824 65,Näsviken,Hudiksvall,0,2025,0,2020,,,Ny kandidat
Vallue AB,5595769505,Långängen 10,417 22,Göteborg,Göteborg,,,0,2026,,,Ny kandidat
V5 Group AB,5592745201,Gunborg Nymans Väg 2,632 22,Eskilstuna,Eskilstuna,0,2025,0,2020,,,Ny kandidat
Up & Beyond AB,5590931571,Sunnantorp 1,241 92,Eslöv,Eslöv,0,2024,0,2016,,,Ny kandidat
Unreal Produkter i Sverige AB,5594809344,Kumla Gård 2,647 91,Mariefred,Strängnäs,,,0,2024,,,Ny kandidat
Unlock Potential AB,5591967137,Kungsholms Hamnplan 3 b,112 20,Stockholm,Stockholm,0,2025,0,2019,,,Ny kandidat
UniCollar Kompetensföretagen Sverige AB,5592214018,Syrenvägen 7,574 50,Ekenässjön,Vetlanda,0,2024,0,2019,,,Ny kandidat
Under Produktion Ägargruppen AB,5592627359,Bergsgatan 2,211 54,Malmö,Malmö,0,2025,0,2020,,,Ny kandidat
Undefined Development AB,5568963341,"c/o Elison, Basunvägen 6",136 75,Vendelsö,Haninge,0,2025,0,2012,,,Ny kandidat
UNQ Group AB,5594016692,Hemmings Väg 27 b,192 65,Sollentuna,Sollentuna,0,2025,0,2022,,,Ny kandidat
Uniwork AB,5592703754,"c/o Trägårdh Advokatbyrå AB, Box 345",201 23,Malmö,Malmö,0,2023,0,2020,,,Ny kandidat
Unity Partners Sweden AB,5595443663,Bornholmsgatan 3,164 46,Kista,Stockholm,,,0,2025,,,Ny kandidat
Uniflex Sverige B&A AB,5569131997,Arenavägen 41,121 77,Johanneshov,Stockholm,0,2024,5-9,2012,,,Ny kandidat
UBUNTU CONSULTING AB,5594887365,Dalaresan 38 a,757 55,Uppsala,Uppsala,0,2025,0,2024,,,Ny kandidat
Tydén Consulting AB,5566438718,Bragevägen 2 b,182 64,Djursholm,Danderyd,0,2025,0,2003,,,Ny kandidat
Twins Bemanning Sverige AB,5595825133,Skälbyvägen 4,155 35,Nykvarn,Nykvarn,,,1-4,2026,,,Ny kandidat
Trygga länken AB,5591261408,"c/o Muhammed Aiyash, Ardennergatan 38",194 73,Upplands Väsby,Upplands Väsby,0,2024,0,2017,,,Ny kandidat
True North Nordics AB,5595293068,Vättergatan 41,563 32,Gränna,Jönköping,0,2025,0,2025,,,Ny kandidat
TroLux AB,5593641235,Drottningsgatan 33,111 51,Stockholm,Stockholm,0,2025,0,2022,,,Ny kandidat
TravelTemp Interim och Rekrytering AB,5593185191,Klarabergsviadukten 63,111 64,Stockholm,Stockholm,0,2025,0,2021,,,Ny kandidat
Transera AB,5595773622,Tjurhornsgränd 6,121 63,Johanneshov,Stockholm,,,0,2026,,,Ny kandidat
Tresurs LS Selection AB,5565283032,Björnfotens Gård,151 96,Enhörna,Södertälje,0,2025,0,1995,,,Ny kandidat
Treklövern AB,5595554857,Pumpgatan 1 United Spaces,417 55,Göteborg,Göteborg,,,0,2025,,,Ny kandidat
Torbjörn Gustafsson Holding i Uppsala AB,5591053375,Högåsvägen 225,741 41,Knivsta,Knivsta,0,2025,0,2017,,,Ny kandidat
Toppmatch AB,5595850040,Cedergatan 39,723 41,Västerås,Västerås,,,1-4,2026,,,Ny kandidat
Toppgrupp i Sverige AB,5594651944,Järnvägsgatan 2 a,582 22,Linköping,Linköping,0,2025,0,2023,,,Ny kandidat
Time2staff AB,5595406033,Starrgränd 26,192 67,Sollentuna,Sollentuna,,,0,2025,,,Ny kandidat
Tillväxtarenan AB,5567460521,Fågelvägen 4,791 43,Falun,Falun,0,2024,0,2007,,,Ny kandidat
Tillit Konsult AB,5593651911,Tjäderstigen 19,182 35,Danderyd,Danderyd,0,2024,0,2022,,,Ny kandidat
Tier 1 Executive Partners AB,5595667253,Danderydsvägen 69 a 3 Trappor,182 62,Djursholm,Danderyd,,,1-4,2026,,,Ny kandidat
Tjoffen AB,5567833842,Birger Jarlsgatan 95 Portkod 6747,113 56,Stockholm,Stockholm,0,2025,0,2009,,,Ny kandidat
Tina Söderlund AB,5593709164,Vasagatan 31,541 31,Skövde,Skövde,0,2025,0,2022,,,Ny kandidat
Thomasi Recruiting AB,5594911371,Mjölnarvägen 32,178 51,Ekerö,Ekerö,0,2025,0,2024,,,Ny kandidat
Thelenius Production AB,5594433962,Brovägen 9,182 76,Stocksund,Danderyd,0,2025,1-4,2023,,,Ny kandidat
TheOne rekrytering AB,5591279590,Gränsvägen 45,163 52,Spånga,Stockholm,0,2025,0,2017,,,Ny kandidat
The Talent Bay AB,5592727969,Gammelgårdsgränd 1,112 64,Stockholm,Stockholm,0,2025,0,2020,,,Ny kandidat
The Social Club AB,5591761647,Gumshornsgatan 7,114 60,Stockholm,Stockholm,0,2024,0,2018,,,Ny kandidat
The Search Sthlm AB,5590083506,Kristinebergs Strand 31,112 52,Stockholm,Stockholm,0,2025,0,2015,,,Ny kandidat
The Perfekt Group AB,5591214324,Grusvägen 5,268 75,Tågarp,Svalöv,0,2025,0,2017,,,Ny kandidat
Theta Business AB,5568037393,Alpvägen 4 a,168 65,Bromma,Stockholm,0,2025,0,2010,,,Ny kandidat
Theresas Consulting AB,5595858423,Åkerögatan 8,261 47,Landskrona,Landskrona,,,0,2026,,,Ny kandidat
The Finance Family Epsilon AB,5595083063,Drottninggatan 33 3tr,111 51,Stockholm,Stockholm,,,1-4,2024,,,Ny kandidat
Tenius AB,5567596597,Box 24109,104 51,Stockholm,Stockholm,0,2024,0,2008,,,Ny kandidat
TempNor Group Ab Filial,5164103201,"c/o Rejo Alaner, Dusstjärn 42",946 91,Roknäs,Piteå,,,0,2016,,,Ny kandidat
Tell Us Consulting AB,5592582364,Karlsrovägen 6 a,236 37,Höllviken,Vellinge,0,2025,0,2020,,,Ny kandidat
Telin Rekrytering & Konsult Syd AB,5568591076,Kaggensgatan 39,392 48,Kalmar,Kalmar,0,2025,0,2011,,,Ny kandidat
TeknikAkademin Norden AB,5595200113,Östgötagatan 73 a,116 64,Stockholm,Stockholm,,,1-4,2025,,,Ny kandidat
Tecrec AB,5593256687,"c/o Mattias Wideheim, Västra Tallstigen 6",236 42,Höllviken,Vellinge,0,2025,0,2021,,,Ny kandidat
Techrytera AB,5595683623,Förlikningsvägen 144,145 60,Norsborg,Botkyrka,,,0,2026,,,Ny kandidat
Techpeople AB,5592430218,Santararavägen 6,182 48,Enebyberg,Danderyd,0,2025,0,2020,,,Ny kandidat
Tavell Invest & Consulting AB,5568777162,Sveavägen 47,113 59,Stockholm,Stockholm,0,2024,0,2011,,,Ny kandidat
Talentora AB,5595737601,"c/o Kivra, Talentora Ab Kivra: 559573-7601",106 31,Stockholm,Stockholm,,,0,2026,,,Ny kandidat
Talentgrid Aktiebolag,5595292912,Ringvägen 100,118 60,Stockholm,Stockholm,0,2025,0,2025,,,Ny kandidat
Talent Supply 360 AB,5595216432,Malmskillnadsgatan 36,111 57,Stockholm,Stockholm,,,1-4,2025,,,Ny kandidat
Talent Navigator Nordics AB,5590986963,Kivra: 559098-6963,106 31,Stockholm,Stockholm,0,2025,1,2017,,,Ny kandidat
Talent Match AB,5591605570,Box 3053,103 61,Stockholm,Stockholm,0,2024,0,2018,,,Ny kandidat
Talent Bureau Sweden AB,5593655672,Ellegatan 6,753 16,Uppsala,Uppsala,0,2024,1-4,2022,,,Ny kandidat
TS Research Consulting AB,5592856784,"c/o Bolagspartner avveckling, Box 1067",221 04,Lund,Lund,0,2025,1,2020,,,Ny kandidat
TS Bemanning AB,5592154008,"c/o Tomas Sjöberg, Gamla Sjukarbyvägen 1",815 92,Tierp,Tierp,0,2025,0,2019,,,Ny kandidat
TPK Bemanning AB,5569680829,Ärnesta 59,755 91,Uppsala,Uppsala,0,2025,0,2014,,,Ny kandidat
TM Connect AB,5595229443,Ängsullsvägen 70,162 46,Vällingby,Stockholm,0,2025,0,2025,,,Ny kandidat
TIVUM AB,5594630484,Riksvägen 120 a,904 40,Röbäck,Umeå,0,2025,0,2023,,,Ny kandidat
TIHUS AB,5595622373,Fröreda Stensäng,577 77,Järnforsen,Hultsfred,,,0,2025,,,Ny kandidat
TEAMSEARCH Sweden AB,5591729206,Regeringsgatan 111 b,111 39,Stockholm,Stockholm,0,2025,1,2018,,,Ny kandidat
TAJS Consulting AB,5595801639,Villavägen 19,873 71,Nyland,Kramfors,,,0,2026,,,Ny kandidat
TA Vision & Growth AB,5595205245,Götgatan 87,116 62,Stockholm,Stockholm,0,2025,0,2025,,,Ny kandidat
T Laurentius AB,5592180896,Fattabovägen 31,438 98,Hindås,Bollebygd,0,2025,1,2019,,,Ny kandidat
Södra Webbverket AB,5569537417,Skånegatan 68,116 37,Stockholm,Stockholm,0,2024,0,2013,,,Ny kandidat
Söderling Headhunting AB,5595471425,Tärngränden 3,231 32,Trelleborg,Trelleborg,,,0,2025,,,Ny kandidat
Synnes Consulting AB,5566335823,Bysmedsvägen 5 b,433 31,Partille,Partille,0,2025,0,2002,,,Ny kandidat
Synk Rekrytering AB,5566150941,Pressarvägen 23 Lgh 1803,176 71,Järfälla,Järfälla,0,2024,0,2001,,,Ny kandidat
SymSearch AB,5590657770,Kellgrensgatan 7,254 40,Helsingborg,Helsingborg,0,2025,1-4,2016,,,Ny kandidat
Swesale Rekrytering & Bemanning AB,5566875521,Drottninggatan 1,252 21,Helsingborg,Helsingborg,0,2024,0,2005,,,Ny kandidat
Swesale Management AB,5569522831,Drottninggatan 1,252 21,Helsingborg,Helsingborg,0,2024,0,2013,,,Ny kandidat
Swedish Artist Agency AB,5595252866,Västerby Backe 16 Lgh 1202,163 75,Spånga,Stockholm,,,0,2025,,,Ny kandidat
Sveriges GIGare AB,5592639768,Jordhyttegatan 14 b,414 73,Göteborg,Göteborg,0,2025,0,2020,,,Ny kandidat
Sveriges Barelit AB,5569351843,"Svandammsvägen 23 Bv, Lgh 1003",126 35,Hägersten,Stockholm,0,2025,0,2013,,,Ny kandidat
Sveriges Artistbemanning AB,5594762246,Västerby Backe 16 Lgh 1202,163 75,Spånga,Stockholm,0,2025,0,2024,,,Ny kandidat
Svea Eventförmedling AB,5569059024,"c/o Andreas Pääjärvi, Tidavad 12",542 93,Mariestad,Mariestad,0,2025,0,2012,,,Ny kandidat
Svensk Metall AB,5592183809,Boråsvägen 37,516 50,Aplared,Borås,0,2025,0,2019,,,Ny kandidat
Svensk Bemanningsservice AB,5566513411,Krokens Väg 80,435 42,Mölnlycke,Härryda,0,2025,0,2003,,,Ny kandidat
Sven Jellbo Konsult AB,5566510094,Nilssonsberg 24,411 43,Göteborg,Göteborg,0,2025,1,2003,,,Ny kandidat
Sungrid Media House AB,5590200613,Kringelkroken 22,135 30,Tyresö,Tyresö,0,2025,0,2015,,,Ny kandidat
Sundhäll Consulting AB,5590108758,Rexegatan 2,442 32,Kungälv,Kungälv,0,2025,0,2015,,,Ny kandidat
StyrelseAkademien Sverige Aktiebolag,5564907250,Västra Trädgårdsgatan 15,111 53,Stockholm,Stockholm,0,2025,0,1995,,,Ny kandidat
Stockholms social konsult AB,5593570244,Visättravägen 67,141 50,Huddinge,Huddinge,0,2025,1,2021,,,Ny kandidat
Stockholms Personalförmedling AB,5590883400,Speditionsvägen 22,142 50,Skogås,Huddinge,0,2024,0,2016,,,Ny kandidat
Stromilo AB,5595657007,Sadelgatan 12,183 76,Täby,Täby,,,0,2025,,,Ny kandidat
Stockholm Konsult Bemanning AB,5594677659,Västerby Backe 16 Lgh 1202,163 75,Spånga,Stockholm,0,2025,0,2024,,,Ny kandidat
Sthlm EL-IT Konsult AB,5594678095,Anläggarvägen 13 a,136 44,Handen,Haninge,0,2025,1-4,2024,,,Ny kandidat
StepAhead HR & Rekrytering AB,5568252414,Sveavägen 66,182 62,Djursholm,Danderyd,0,2025,1,2010,,,Ny kandidat
Step Ahead utbildning och jobbförmedling AB,5595788695,Båtsmannabacken 4 l,147 33,Tumba,Botkyrka,,,1-4,2026,,,Ny kandidat
Stellaria AB,5568406275,"c/o Svenska Standardbolag AB, Box 292",791 27,Falun,Falun,0,2025,0,2011,,,Ny kandidat
StellaVera AB,5590505524,Tågmästaregatan 3,227 36,Lund,Lund,0,2025,0,2016,,,Ny kandidat
StellaPoint AB,5594274846,Vilans Väg 6,182 35,Danderyd,Danderyd,0,2025,0,2023,,,Ny kandidat
Steglo AB,5567791529,Centralplan 3,615 30,Valdemarsvik,Valdemarsvik,0,2025,0,2009,,,Ny kandidat
Stefan Lindahl Konsult AB,5569460917,Västerskogsvägen 15,185 94,Vaxholm,Vaxholm,0,2025,1,2013,,,Ny kandidat
Staffiq AB,5593866790,Box 849,751 08,Uppsala,Uppsala,0,2025,0,2022,,,Ny kandidat
Staffing i Stockholm AB,5569050973,Sveavägen 63 4tr,113 59,Stockholm,Stockholm,0,2025,0,2012,,,Ny kandidat
Starsom AB,5595197525,Kronborgsgränd 11,164 46,Kista,Stockholm,0,2025,1-4,2025,,,Ny kandidat
Staro Aktiebolag,5593911448,Fabrikörvägen 6,131 52,Nacka Strand,Nacka,0,2025,0,2022,,,Ny kandidat
Stafettbemanning Sverige AB,5594974288,Östra Hamngatan 17,411 10,Göteborg,Göteborg,,,0,2024,,,Ny kandidat
Splendigo AB,5591929947,Garvargatan 14,112 21,Stockholm,Stockholm,0,2025,0,2019,,,Ny kandidat
Spira Consulting AB,5590446448,"c/o ANNA TORMODSSON, Håkansdal 24",417 42,Göteborg,Göteborg,0,2025,0,2015,,,Ny kandidat
Sperton Sverige AB,5595340000,Bockhornsgatan 11 b,413 17,Göteborg,Göteborg,0,2025,0,2025,,,Ny kandidat
Specific Work Scandinavia AB,5569177487,Hertigvägen 14,126 52,Hägersten,Stockholm,0,2025,1,2013,,,Ny kandidat
Sonnstahl Consulting AB,5590634506,Box 454,191 24,Sollentuna,Sollentuna,0,2025,0,2016,,,Ny kandidat
Solrik Framtid AB,5595363390,Våxnäsgatan 2,653 40,Karlstad,Karlstad,,,1-4,2025,,,Ny kandidat
SmartHire Sverige AB,5595939553,Responsgatan 12 Lgh 1420,126 29,Hägersten,Stockholm,,,0,2026,,,Ny kandidat
Smart sjukvårdsbemanning i södra Stockholm AB,5592532484,Kungsgatan 20,632 18,Eskilstuna,Eskilstuna,0,2025,0,2020,,,Ny kandidat
Socionomkonsult Göran Lidström AB,5590554464,Kyrkogårdsgatan 22,752 24,Uppsala,Uppsala,0,2025,0,2016,,,Ny kandidat
Societo AB,5593578569,Bronsgjutarvägen 33,291 49,Kristianstad,Kristianstad,0,2025,0,2021,,,Ny kandidat
Snowparrot AB,5595514380,Förrådsvägen 2 Lokal 20,137 37,Västerhaninge,Haninge,,,0,2025,,,Ny kandidat
Snallbo AB,5568956444,Kyrkbyvägen 43,790 20,Grycksbo,Falun,0,2025,0,2012,,,Ny kandidat
Slutplattan HAMLO 126948 AB,5594988148,"c/o Bolagsstiftarna AB, Box 12086",402 41,Göteborg,Göteborg,0,2025,0,2024,,,Ny kandidat
Sköterskekompetens Gävle AB,5593825218,Lillmyravägen 81,804 27,Gävle,Gävle,0,2025,1,2022,,,Ny kandidat
Skånejobb Sverige AB,5595817296,Jupitergatan 7,254 72,Ödåkra,Helsingborg,,,1-4,2026,,,Ny kandidat
Skolvärdar Sverige AB,5592010853,Norsbol 206,149 91,Nynäshamn,Nynäshamn,0,2025,0,2019,,,Ny kandidat
Skillforce Nordic AB,5595118257,Sankt Eriksgatan 97,113 31,Stockholm,Stockholm,0,2025,0,2024,,,Ny kandidat
Skellefteå resurspartner AB,5594300427,Dagsgränd 11,931 52,Skellefteå,Skellefteå,0,2024,1-4,2023,,,Ny kandidat
Skala Upp AB,5594339383,Onsjögatan 4,266 33,Munka-Ljungby,Ängelholm,0,2025,0,2023,,,Ny kandidat
Sjödala Partners AB,5595891473,Norumsgärde 66,417 45,Göteborg,Göteborg,,,0,2026,,,Ny kandidat
Sjusärdeles AB,5569119596,Hertig Karls Allé 5,647 32,Mariefred,Strängnäs,0,2024,0,2012,,,Ny kandidat
Silverservice Örebro AB,5595405282,Gläntvägen 8 b,703 60,Örebro,Örebro,,,0,2025,,,Ny kandidat
SigrunS Consulting AB,5569071128,Friisgatan 14,211 46,Malmö,Malmö,0,2025,1-4,2012,,,Ny kandidat
SignOffr AB,5595486340,Änggatan 5,223 59,Lund,Lund,,,0,2025,,,Ny kandidat
Sierra Bonita AB,5592621600,Klarabergsviadukten 70 World Trade Center,107 24,Stockholm,Stockholm,0,2025,0,2020,,,Ny kandidat
Sevon Living AB,5568334188,Bångsbovägen 84,429 32,Kullavik,Kungsbacka,0,2025,0,2010,,,Ny kandidat
Service och marketing Sverige AB,5594954579,Mailbox 1441,411 42,Göteborg,Göteborg,,,0,2024,,,Ny kandidat
Serendipity Konsult AB,5592724693,"c/o Ann-Charlott Olsson, Kungsgatan 14",261 30,Landskrona,Landskrona,0,2025,0,2020,,,Ny kandidat
Serendi Nordics AB,5593659419,Box 5385,102 49,Stockholm,Stockholm,0,2025,0,2022,,,Ny kandidat
Shiftly AB,5593754293,"c/o Hussein Al-Saad, Granitvägen 33",183 63,Täby,Täby,0,2025,0,2022,,,Ny kandidat
SeniorPartner Sverige AB,5595780460,Koppomsvägen 48,673 37,Koppom,Eda,,,1-4,2026,,,Ny kandidat
Semogruppen AB,5567880272,Olaus Magnus Väg 12,121 40,Johanneshov,Stockholm,0,2025,1,2009,,,Ny kandidat
Select Medical Solutions & Rekrytering AB,5591727432,Linnégatan 28-30,114 47,Stockholm,Stockholm,0,2025,0,2018,,,Ny kandidat
Searchly Consulting AB,5595234211,Kiselgatan 57,432 56,Varberg,Varberg,,,1-4,2025,,,Ny kandidat
Sdrana AB,5594518556,Kupolen 53,781 70,Borlänge,Borlänge,0,2024,1-4,2023,,,Ny kandidat
Scope 360 Products AB,5593620494,Fredsgatan 1,411 07,Göteborg,Göteborg,0,2025,0,2022,,,Ny kandidat
Scansoft Development AB,5569407058,Spjutgatan 9,273 35,Tomelilla,Tomelilla,0,2024,0,2013,,,Ny kandidat
Scandinavian medical Services AB,5595715912,Östra Torggatan 11,652 24,Karlstad,Karlstad,,,5-9,2026,,,Ny kandidat
Scandinavian Founders Capital AB,5592476260,Kanalvägen 10 i,191 34,Sollentuna,Sollentuna,0,2025,0,2020,,,Ny kandidat
Scandinavia Career AB,5568037682,Box 5117,121 17,Johanneshov,Stockholm,0,2024,0,2010,,,Ny kandidat
ScaleHire AB,5595621276,Kaptensvägen 2,246 31,Löddeköpinge,Kävlinge,,,0,2025,,,Ny kandidat
Savvy Match AB,5592934136,Borgvägen 10,192 55,Sollentuna,Sollentuna,0,2025,0,2020,,,Ny kandidat
Satura Bemanning AB,5594367004,"c/o Vincent Holmström, Renstiernas Gata 15",116 28,Stockholm,Stockholm,,,0,2023,,,Ny kandidat
Sara Zinad AB,5593578189,Kommendörsgatan 8 c,414 59,Göteborg,Göteborg,0,2025,0,2021,,,Ny kandidat
Sanler Interim AB,5592827298,Moränvägen 1,192 67,Sollentuna,Sollentuna,0,2025,0,2020,,,Ny kandidat
Sandra Care AB,5594559048,Förrådsgatan 1,169 39,Solna,Solna,0,2025,1,2023,,,Ny kandidat
Sandby Care AB,5593433252,Nygårdsvägen 22 a,241 91,Eslöv,Eslöv,0,2025,1,2021,,,Ny kandidat
Salesearch Sandex AB,5566287420,Asplunds Väg 16 a,136 49,Vega,Haninge,0,2025,0,2002,,,Ny kandidat
Saleport AB,5563866077,Berghagsvägen 1,178 52,Ekerö,Ekerö,0,2025,0,1990,,,Ny kandidat
Salehi hr Agency AB,5595248591,Härdstigen 5,187 76,Täby,Täby,0,2025,1,2025,,,Ny kandidat
Safetly Squad AB,5594324914,Torshamnsgatan 27,164 40,Kista,Stockholm,0,2025,54,2023,,,Ny kandidat
Safe Tomorrow AB,5592551286,Askims Uggleväg 1 b,436 42,Askim,Göteborg,0,2025,0,2020,,,Ny kandidat
SWE HR & Business Partner AB,5569918880,Arenavägen 41 12tr,121 77,Johanneshov,Stockholm,0,2025,0,2014,,,Ny kandidat
SWDSOM AB,5594772948,Augustenborgsgatan 8 c,214 47,Malmö,Malmö,0,2024,0,2024,,,Ny kandidat
STC Hus Produktion AB,5590481387,Långgatan 38,694 32,Hallsberg,Hallsberg,0,2024,0,2016,,,Ny kandidat
STATIONTOSTATION AB,5565929683,Box 15014,167 15,Bromma,Stockholm,0,2025,0,2000,,,Ny kandidat
STAL&PARTNERS Management Consulting AB,5592286065,"c/o Bolagspartner avveckling, Box 1067",221 04,Lund,Lund,0,2025,0,2019,,,Ny kandidat
SRK bemanning AB,5566444591,Russinvägen 87,123 59,Farsta,Stockholm,0,2025,1-4,2003,,,Ny kandidat
SPA SkogsProdukter AB,5565659520,Regnbågsgatan 8,417 55,Göteborg,Göteborg,0,2025,0,1999,,,Ny kandidat
SOOL Vård & OMSORG AB,5591754675,Lommarvägen 10,761 52,Norrtälje,Norrtälje,0,2024,0,2018,,,Ny kandidat
SITRek AB,5592990740,Ulvsbergsvägen 17 b,146 54,Tullinge,Botkyrka,0,2025,0,2021,,,Ny kandidat
SH Konsult AB,5591923601,Pelargatan 19 7 Trappor,121 47,Johanneshov,Stockholm,0,2024,0,2019,,,Ny kandidat
SMT Nöje & Förvaltning AB,5568750532,Seglarevägen 15,352 55,Växjö,Växjö,0,2025,1,2011,,,Ny kandidat
SM Hälsa AB,5593880296,"c/o Sandra Mårtensson, Vinkelvägen 23",291 62,Kristianstad,Kristianstad,0,2025,0,2022,,,Ny kandidat
SLG Säljplanering AB,5562611763,Box 8080,501 18,Borås,Borås,0,2025,0,1985,,,Ny kandidat
SJP Recruitment & Coaching AB,5591025886,Evenemangsgatan 40,169 56,Solna,Solna,0,2025,0,2017,,,Ny kandidat
SECREC AB,5569488348,Romelevägen 17,681 52,Kristinehamn,Kristinehamn,0,2024,0,2013,,,Ny kandidat
SALK Management AB,5595438556,Ernst Ahlgrensgatan 4 a Lgh 1103,217 59,Malmö,Malmö,,,0,2025,,,Ny kandidat
SAGA Rekrytering AB,5595248955,Blockgatan 8,653 41,Karlstad,Karlstad,0,2025,1-4,2025,,,Ny kandidat
S. Wikström Consensus Development AB,5568964323,"c/o Staffan Wikström, Maria Röhls Väg 7",128 63,Sköndal,Stockholm,0,2025,0,2012,,,Ny kandidat
Röda Rosens Care AB,5590044185,Trettondagsvägen 16,126 36,Hägersten,Stockholm,0,2025,0,2015,,,Ny kandidat
RättPlats Sverige AB,5595214122,Hävertgatan 29,254 42,Helsingborg,Helsingborg,,,0,2025,,,Ny kandidat
Rtj Entreprenad AB,5594579087,Östersjövägen 50 a,593 51,Västervik,Västervik,0,2025,5-9,2023,,,Ny kandidat
Russell Reynolds Associates Services AB,5569155558,Regeringsgatan 20,111 53,Stockholm,Stockholm,0,2025,24,2012,,,Ny kandidat
Rixma Aktiebolag,5568165525,Minos Väg 4 b,134 44,Gustavsberg,Värmdö,0,2025,0,2010,,,Ny kandidat
Rising Stars AB,5594727934,Vägskillnaden 224,438 94,Härryda,Härryda,0,2025,0,2024,,,Ny kandidat
Rikspersonal Sverige AB,5594738725,Snapphanevägen 24,177 54,Järfälla,Järfälla,0,2024,0,2024,,,Ny kandidat
Resursverket AB,5595653584,Östra Madenvägen 9,174 53,Sundbyberg,Sundbyberg,,,1-4,2025,,,Ny kandidat
Resurs 365 AB,5593911802,Vargagårdsvägen 59,434 61,Kungsbacka,Kungsbacka,0,2025,0,2022,,,Ny kandidat
Restaurangutveckling Sthlm AB,5592604341,Minos Väg 4 b,134 44,Gustavsberg,Värmdö,0,2025,0,2020,,,Ny kandidat
Renegade Rekrytering AB,5590388988,Klarabergsviadukten 63,111 64,Stockholm,Stockholm,0,2024,1,2015,,,Ny kandidat
Renberg & Co AB,5594393869,Kungshöjdsgatan 9 a,411 20,Göteborg,Göteborg,0,2025,0,2023,,,Ny kandidat
Ren Labs Stockholm AB,5595948539,Torshamnsgatan 27,164 40,Kista,Stockholm,,,0,2026,,,Ny kandidat
Rektra AB,5592076805,"c/o Bolagspartner avveckling, Box 1067",221 04,Lund,Lund,0,2025,0,2019,,,Ny kandidat
Rekryteringsbyrån i Eda AB,5593270498,Älvgatan 5,652 25,Karlstad,Karlstad,0,2025,0,2021,,,Ny kandidat
Reddify AB,5594402124,Byggmästaregatan 6,426 68,Västra Frölunda,Göteborg,0,2025,0,2023,,,Ny kandidat
Recruitr AB,5592245053,Falks Väg 30,182 53,Danderyd,Danderyd,0,2024,0,2019,,,Ny kandidat
Rekrytera i Sverige AB,5566183330,Långängsstrand 21,182 75,Stocksund,Danderyd,0,2025,0,2001,,,Ny kandidat
Rekryon AB,5595804591,Furuhedsvägen 43,952 31,Kalix,Kalix,,,1-4,2026,,,Ny kandidat
Recruitment & Branding AB,5591215255,Häggvägen 6 b,587 31,Linköping,Linköping,0,2025,0,2017,,,Ny kandidat
Recruit Scandinavia AB,5594333469,"c/o Citadellet Likvidationer AB (15833), Strandgatan 7",185 32,Vaxholm,Vaxholm,0,2025,1,2023,,,Ny kandidat
Recruit IT Scandinavia AB,5568106792,Bastuholmsvägen 5,183 52,Täby,Täby,0,2024,0,2010,,,Ny kandidat
Recabroad AB,5591404404,Sveavägen 134,113 50,Stockholm,Stockholm,0,2024,0,2017,,,Ny kandidat
Razmik Invest AB,5593017907,Hövdingevägen 9,151 51,Södertälje,Södertälje,0,2025,0,2021,,,Ny kandidat
Randstad HR Services AB,5566097753,Mathildatorget 3,169 75,Solna,Solna,0,2025,0,2001,,,Ny kandidat
Rajesh Holding AB,5566417167,Box 1030,181 21,Lidingö,Lidingö,0,2025,0,2003,,,Ny kandidat
RENOS AB,5594404237,Tvistevägen 47 a,907 29,Umeå,Umeå,0,2024,2,2023,,,Ny kandidat
RCTIC Consulting AB,5594214438,Stålverksgatan 100,724 77,Västerås,Västerås,0,2025,0,2023,,,Ny kandidat
RN Group AB,5594469644,Herkulesgatan 1 c,961 61,Boden,Boden,0,2025,0,2023,,,Ny kandidat
RMND AB,5594311200,Författarevägen 76,371 63,Lyckeby,Karlskrona,0,2025,0,2023,,,Ny kandidat
RB Bemanning i Stockholm AB,5595610402,Bygatan 56,191 46,Sollentuna,Sollentuna,,,0,2025,,,Ny kandidat
RAD Partner Sweden AB,5595309443,Vasagatan 34 c,411 24,Göteborg,Göteborg,,,0,2025,,,Ny kandidat
QwickWork Bemanning AB,5594414566,Ydrevägen 14,575 35,Eksjö,Eksjö,0,2025,0,2023,,,Ny kandidat
Qling AB,5569266157,Grev Turegatan 14,114 46,Stockholm,Stockholm,0,2025,1-4,2013,,,Ny kandidat
Qbridge AB,5569406308,Skogshöjdsvägen 11,170 61,Solna,Solna,0,2024,0,2013,,,Ny kandidat
Qapacity AB,5594223041,Basungatan 30,421 40,Västra Frölunda,Göteborg,0,2024,0,2023,,,Ny kandidat
QFRecruit AB,5590866322,Västmannagatan 56 Lgh 1003,113 25,Stockholm,Stockholm,0,2025,0,2016,,,Ny kandidat
QC Search AB,5567066484,Sandslättsvägen 23,305 70,Haverdal,Halmstad,0,2025,0,2006,,,Ny kandidat
Q12 Rekrytering AB,5592048606,Malungsvägen 13,167 75,Bromma,Stockholm,0,2025,1,2019,,,Ny kandidat
Pure Search AB,5568685480,Riddargatan 72,114 57,Stockholm,Stockholm,0,2025,0,2011,,,Ny kandidat
Prostaff International AB,5565610283,Vikingsberg,254 38,Helsingborg,Helsingborg,0,2025,0,1998,,,Ny kandidat
Proper Two AB,5593372625,Collins Väg 37 b,236 33,Höllviken,Vellinge,0,2024,0,2021,,,Ny kandidat
Promovera Rekrytering och Bemanning AB,5592911878,Trefaldighetsvägen 37,835 61,Föllinge,Krokom,0,2025,0,2020,,,Ny kandidat
PsyCardio Consultancies Kelwin AB,5592970692,Ringvägen 45 b Lgh 1301,118 63,Stockholm,Stockholm,0,2024,1,2021,,,Ny kandidat
Progivo AB,5594761107,Bydalsvägen 16,831 71,Östersund,Östersund,0,2025,0,2024,,,Ny kandidat
Proffsbemanning i Stockholm AB,5590381785,Östervägen 71,196 41,Kungsängen,Upplands-Bro,0,2025,0,2015,,,Ny kandidat
PrintDevil och Bemmaning AB,5595631606,Östra Promenaden 4,694 31,Hallsberg,Hallsberg,,,0,2025,,,Ny kandidat
Prementor AB,5590595483,Skogbergsvägen 10,796 91,Älvdalen,Älvdalen,0,2025,0,2016,,,Ny kandidat
Predictive Capital AB,5566027362,Östermalmsgatan 72,114 50,Stockholm,Stockholm,0,2025,0,2000,,,Ny kandidat
Predico AB,5591057020,"c/o Henrik Hemminger, Yxsmedsgränd 4",111 27,Stockholm,Stockholm,0,2025,0,2017,,,Ny kandidat
Potentialpark AB,5568007362,"c/o BY THE BOOK, Floragatan 4 b",114 31,Stockholm,Stockholm,0,2025,0,2010,,,Ny kandidat
Poolia Recruitment AB,5564203841,Vasagatan 7,111 20,Stockholm,Stockholm,0,2024,0,1991,,,Ny kandidat
Pitch Executive Search and Management AB,5568368467,Artillerigatan 38,114 45,Stockholm,Stockholm,0,2025,0,2011,,,Ny kandidat
PirkkoR Company AB,5590417811,Dagermansgatan 9 c,754 28,Uppsala,Uppsala,0,2025,0,2015,,,Ny kandidat
Peter & Peter AB,5595161349,Läjanvägen 11,763 90,Herräng,Norrtälje,,,0,2025,,,Ny kandidat
PerformIQ Västerås AB,5591258230,Kabyssgatan 4 d,120 30,Stockholm,Stockholm,0,2025,0,2017,,,Ny kandidat
PerformIQ Göteborg AB,5591258297,Kabyssgatan 4 d,120 30,Stockholm,Stockholm,0,2025,0,2017,,,Ny kandidat
Perasa AB,5569877417,Mörjarvägen 228,761 98,Norrtälje,Norrtälje,0,2025,0,2014,,,Ny kandidat
Per Z Konsult AB,5567025381,Birger Jarlsgatan 95,113 56,Stockholm,Stockholm,0,2025,1,2006,,,Ny kandidat
Per Asplund Konsult AB,5592918089,Södergården 6,449 41,Nol,Ale,0,2025,0,2020,,,Ny kandidat
People by M AB,5595517201,Tändsticksgatan 2,412 83,Göteborg,Göteborg,,,0,2025,,,Ny kandidat
Parsielgroup International AB,5592203524,Västra Vägen 20,582 34,Linköping,Linköping,0,2024,0,2019,,,Ny kandidat
Paragona AB,5566341987,Box 270,851 04,Sundsvall,Sundsvall,0,2025,0,2002,,,Ny kandidat
Parabel Bemanning AB,5595465237,Albanoliden 1,506 30,Borås,Borås,,,0,2025,,,Ny kandidat
PT Solutions Sverige AB,5595411116,Mailbox 1410,411 42,Göteborg,Göteborg,,,0,2025,,,Ny kandidat
PS Partner Holding AB,5569454993,Johan Willins Gata 6,416 64,Göteborg,Göteborg,0,2025,0,2013,,,Ny kandidat
PMB Jobbcoachning AB,5594786930,Götavägen 2,187 63,Täby,Täby,0,2024,0,2024,,,Ny kandidat
P. Hammar AB,5569397341,Tattbyvägen 22,133 34,Saltsjöbaden,Nacka,0,2025,0,2013,,,Ny kandidat
Ottoby Invest AB,5595605451,Torsgatan 30,904 21,Umeå,Umeå,,,0,2025,,,Ny kandidat
PCI bemanning AB,5592646466,Alfhöjdsgatan 15,431 38,Mölndal,Mölndal,0,2025,0,2020,,,Ny kandidat
OpusLink AB,5591845788,Gullberg Strömsborg 1,585 76,Vreta Kloster,Linköping,0,2025,1,2018,,,Ny kandidat
Optimum Care Sweden AB,5593084642,Skiftesvägen 1 b,261 53,Landskrona,Landskrona,0,2025,0,2021,,,Ny kandidat
Optimerus AB,5569794166,Egnahemsvägen 16,187 50,Täby,Täby,0,2025,1,2014,,,Ny kandidat
Optimatch AB,5594535691,"c/o NORMA Advokater HB, Box 2259",403 14,Göteborg,Göteborg,,,0,2023,,,Ny kandidat
Onmind AB,5569624058,Ringvägen 23,187 70,Täby,Täby,0,2025,0,2014,,,Ny kandidat
Olky Kompetens & Bemanning AB,5594407693,Värmlandsgatan 1 b,602 18,Norrköping,Norrköping,0,2025,0,2023,,,Ny kandidat
Oken Touring AB,5593642498,"c/o Thomas St John, Box 172",101 23,Stockholm,Stockholm,0,2024,1,2022,,,Ny kandidat
Odin Arbetskraft AB,5595271445,Vallonvägen 21,612 30,Finspång,Finspång,0,2025,0,2025,,,Ny kandidat
OLM Gruppen AB,5569009235,"c/o ROBERT HELLGREN, Storatan 11 b",171 63,Solna,Solna,0,2025,0,2012,,,Ny kandidat
OIO Syd AB,5595477638,Adelgatan 9,211 22,Malmö,Malmö,,,0,2025,,,Ny kandidat
OIO Group AB,5594112897,Kungsportsavenyen 10,411 36,Göteborg,Göteborg,0,2025,0,2022,,,Ny kandidat
OGR AB,5595772889,Plogvägen 189,442 44,Kungälv,Kungälv,,,0,2026,,,Ny kandidat
ODO0243 AB,5593539769,Kivra: 559353-9769,106 31,Stockholm,Sigtuna,0,2025,0,2021,,,Ny kandidat
Nyckel till arbete i Sverige AB,5594899048,Fruktodlarevägen 1,582 75,Linköping,Linköping,0,2025,0,2024,,,Ny kandidat
Nya Bilit AB,5569937468,"c/o Soultana Tsiropouli, Tomtbergavägen 76",145 75,Norsborg,Botkyrka,0,2024,0,2014,,,Ny kandidat
NurseSwipe Sverige AB,5595414508,Skolgatan 8,744 31,Heby,Heby,,,0,2025,,,Ny kandidat
Nurse Anne AB,5595851170,Haghult 201,523 94,Tvärred,Ulricehamn,,,1-4,2026,,,Ny kandidat
Nöjeskällan Sverige AB,5561542217,Bäckgatan 14,352 31,Växjö,Växjö,0,2025,0,1971,,,Ny kandidat
Några riktigt bra Sweden AB,5594147737,Båtyxegatan 9 b,421 47,Västra Frölunda,Göteborg,0,2025,1-4,2022,,,Ny kandidat
Nätstigen i Göteborg AB,5569801912,Södra Tandåsgatan 29,412 67,Göteborg,Göteborg,0,2025,0,2014,,,Ny kandidat
Nystart Järva AB,5595466516,c/o Hinderstorps gränd 8,163 72,Spånga,Stockholm,,,0,2025,,,Ny kandidat
Novare Search & Selection AB,5566694476,Blasieholmsgatan 4 b,111 48,Stockholm,Stockholm,0,2025,0,2004,,,Ny kandidat
Nova Stockholm AB,5595704312,Essinge Brogata 33,112 61,Stockholm,Stockholm,,,1-4,2026,,,Ny kandidat
Nova Personal AB,5593338741,Inägogatan 16,418 74,Göteborg,Göteborg,0,2025,1,2021,,,Ny kandidat
Northmalm Group AB,5595759654,Torsgatan 3 b,341 33,Ljungby,Ljungby,,,0,2026,,,Ny kandidat
Northlight AB,5595484824,Regeringsgatan 109,111 39,Stockholm,Stockholm,,,1-4,2025,,,Ny kandidat
Nordiskt Entreprenadstöd AB,5595174557,Kopparbergsvägen 45,722 19,Västerås,Västerås,,,0,2025,,,Ny kandidat
Nordisk Produktcentral AB,5595581355,Södra Stenbocksgatan 122 b,252 44,Helsingborg,Helsingborg,,,0,2025,,,Ny kandidat
Nordisk Praktikservice AB,5593871725,Odengatan 39,113 51,Stockholm,Stockholm,0,2025,0,2022,,,Ny kandidat
Nordin Care AB,5594476912,Skolgatan 12 b,753 11,Uppsala,Uppsala,0,2025,1,2023,,,Ny kandidat
Nordicrule AB,5595714741,Villagatan 25,114 32,Stockholm,Stockholm,,,0,2026,,,Ny kandidat
NordicVista AB,5567190706,Skeppsholmsvägen 10 b,193 40,Sigtuna,Sigtuna,0,2024,0,2006,,,Ny kandidat
Nordic Talent Rekrytering & Bemanning AB,5595948604,Kanholmsvägen 42,132 54,Saltsjö-Boo,Nacka,,,0,2026,,,Ny kandidat
Nordic Overseas Opportunity Agency AB,5594644865,"c/o Aki Luukkonen, Valfrid Palmgrens Gata 7",113 67,Stockholm,Stockholm,0,2024,0,2023,,,Ny kandidat
Nordic HR & Rekrytering AB,5595724336,Varuvägen 9,125 30,Älvsjö,Stockholm,,,0,2026,,,Ny kandidat
NordiQ talent AB,5595410647,Skyttegatan 15,504 57,Borås,Borås,,,0,2025,,,Ny kandidat
Nordenström HR AB,5591875132,Gröndalsvägen 181,117 69,Stockholm,Stockholm,0,2025,0,2018,,,Ny kandidat
Nordens Apotekarläkare konsult AB,5594773342,Spelmansgatan 5,451 53,Uddevalla,Uddevalla,0,2025,0,2024,,,Ny kandidat
Norda Rekrytering AB,5569644106,Bäringsvägen 3,506 70,Frufällan,Borås,0,2025,0,2014,,,Ny kandidat
NordLink AB,5592787385,Nettovägen 1,175 41,Järfälla,Järfälla,0,2025,0,2020,,,Ny kandidat
Nizza AB,5569815144,Sundholmsgatan 24,216 41,Limhamn,Malmö,0,2025,0,2014,,,Ny kandidat
Nizter Invest AB,5591641864,Kopparvägen 100,187 44,Täby,Täby,0,2025,1,2018,,,Ny kandidat
Niveau Interim Solutions AB,5593267148,Övre Gatan 128,261 61,Landskrona,Landskrona,0,2025,0,2021,,,Ny kandidat
Nilesco AB,5565488532,Kommendörsgatan 38,114 58,Stockholm,Stockholm,0,2025,0,1997,,,Ny kandidat
Niko konsult AB,5595418814,Karl Johansgatan 44,414 59,Göteborg,Göteborg,,,0,2025,,,Ny kandidat
Nikan Bemanning Sverige AB,5594427709,Bergfotsvägen 15,147 33,Tumba,Botkyrka,,,0,2023,,,Ny kandidat
Nextbro AB,5595335703,Frökentorpsvägen 83,302 29,Halmstad,Halmstad,,,0,2025,,,Ny kandidat
NextMed Nordic AB,5595149781,Ribersborgsvägen 15 b,217 53,Malmö,Malmö,,,0,2025,,,Ny kandidat
Nexkey AB,5592975501,Oslogatan 26 Lgh 1102,164 31,Kista,Stockholm,0,2024,0,2021,,,Ny kandidat
Newsec Advisory AB,5565578555,Humlegårdsgatan 14,114 46,Stockholm,Stockholm,0,2025,0,1998,,,Ny kandidat
Nelux AB,5595010850,Kivra: 559501-0850,106 31,Stockholm,Stockholm,,,0,2024,,,Ny kandidat
NajsPeople Sweden AB,5591281125,Sankt Eriksvägen 15 b,141 32,Huddinge,Huddinge,0,2025,1,2017,,,Ny kandidat
Nagik Tech AB,5594461898,Lövhammarsvägen 2 Sweden,444 46,Stenungsund,Stenungsund,0,2025,0,2023,,,Ny kandidat
Nabiaf AB,5590788815,Erik Dahlbergsgatan 35,115 32,Stockholm,Stockholm,0,2024,0,2016,,,Ny kandidat
NXT Challenge AB,5595566653,Blidvägen 287,976 32,Luleå,Luleå,,,1-4,2025,,,Ny kandidat
NT Property AB,5593037319,Körvelvägen 12,632 33,Eskilstuna,Eskilstuna,0,2025,0,2021,,,Ny kandidat
NT DRIVERS AB,5020659388,,,,,,,5-9,2008,,,Ny kandidat
NOCV Recruitment AB,5595409417,Mörbylundsvägen 8,186 33,Vallentuna,Vallentuna,,,0,2025,,,Ny kandidat
NN Bemanning & Rekrytering AB,5595756833,Solavägen 36,571 72,Ormaryd,Nässjö,,,10-19,2026,,,Ny kandidat
NIKSVE Holding AB,5591690697,"c/o Niklas Svensson, Hantverkaregatan 33",233 42,Svedala,Svedala,0,2025,0,2018,,,Ny kandidat
NG Executives AB,5569605644,Karpvägen 56 a,181 30,Lidingö,Lidingö,0,2025,0,2014,,,Ny kandidat
NET Services Nordics AB,5591602023,Lilla Gatan 4,169 39,Solna,Solna,0,2025,0,2018,,,Ny kandidat
N4 Worx AB,5592167554,Forskargatan 20 g,151 36,Södertälje,Södertälje,0,2025,0,2019,,,Ny kandidat
N & N Holding AB,5567514939,Navestadsgatan 37,603 66,Norrköping,Norrköping,0,2025,0,2008,,,Ny kandidat
Mångfaldspoolen AB,5593807984,Viktoriagatan 11,411 25,Göteborg,Göteborg,0,2025,0,2022,,,Ny kandidat
Mälardalens Care AB,5594488883,Veckholm Grysta 2,745 99,Enköping,Enköping,0,2025,0,2023,,,Ny kandidat
Mr. Competence AB,5593337289,"c/o SALAH AAZOUZI, Jakobsgatan 91 Lgh 1201",724 64,Västerås,Västerås,,,0,2021,,,Ny kandidat
Mutapcic Konsulting AB,5594500745,Singelgatan 18,212 28,Malmö,Malmö,0,2025,0,2023,,,Ny kandidat
Mount Flower AB,5590711569,Västra Pilkvägen 7,262 91,Ängelholm,Ängelholm,0,2025,0,2016,,,Ny kandidat
MotiveringsCentrum AB,5591180749,Smältverksgatan 78 Lgh 1002,724 74,Västerås,Västerås,0,2025,0,2017,,,Ny kandidat
Mot Techrekrytering AB,5594443276,Jägaregatan 19,643 31,Vingåker,Vingåker,0,2025,0,2023,,,Ny kandidat
Mortazavi & Partners AB,5594948761,Drottningholmsvägen 48,112 19,Stockholm,Stockholm,0,2025,0,2024,,,Ny kandidat
Monster Worldwide Sweden AB,5594516725,"c/o TheLoft AB, Bergsgatan 59",112 31,Stockholm,Stockholm,,,0,2023,,,Ny kandidat
Modernera AB,5568441124,Hammarby Kaj 10 d 1tr,120 32,Stockholm,Stockholm,0,2025,1,2011,,,Ny kandidat
Moderna Consulting AB,5593722324,"c/o Svenska Standardbolag AB, Box 292",791 27,Falun,Falun,0,2024,0,2022,,,Ny kandidat
Milestone Position AB,5595606012,Kivra: 559560-6012,106 31,Stockholm,Stockholm,,,0,2025,,,Ny kandidat
Miniso Grupp AB,5590055561,Kistagången 16,164 40,Kista,Stockholm,0,2025,0,2015,,,Ny kandidat
Mitra utveckling AB,5595928135,Almvägen 38 c,737 45,Fagersta,Fagersta,,,0,2026,,,Ny kandidat
Michael & Friends AB,5591354666,Södra Agnegatan 22 Lgh 1404,112 21,Stockholm,Stockholm,0,2025,1,2017,,,Ny kandidat
Metins Bil AB,5594446576,"c/o Advokaterna A4 KB, Box 284",541 26,Skövde,Skövde,,,0,2023,,,Ny kandidat
MerVärden AB,5568384480,Ugglevägen 6,618 32,Kolmården,Norrköping,0,2025,0,2011,,,Ny kandidat
Melobi AB,5593857625,Bäckvägen 78,428 33,Kållered,Mölndal,0,2025,1-4,2022,,,Ny kandidat
Melior Rekrytering & Konsult AB,5569707655,Åldermansvägen 13,238 43,Oxie,Malmö,0,2025,0,2014,,,Ny kandidat
Mega Match AB,5595265645,Ligustervägen 27,138 39,Älta,Nacka,0,2025,0,2025,,,Ny kandidat
MedProLink AB,5595344259,Stökhagsvägen 36,145 50,Norsborg,Botkyrka,0,2025,0,2025,,,Ny kandidat
MedOne Consulting AB,5593328270,Fläderbärsgatan 5,212 29,Malmö,Malmö,0,2024,0,2021,,,Ny kandidat
Mean Time Consulting AB,5593928178,Olovsdalsvägen 56,262 94,Ängelholm,Helsingborg,0,2026,0,2022,,,Ny kandidat
Maxon Consulting AB,5592334691,Lilly Håkanssons Gata 4 b,263 64,Viken,Höganäs,0,2025,1,2019,,,Ny kandidat
Max bemanning i Örebro AB,5590711825,"c/o Daniel Filipovski, Åkerbärsgatan 8",703 60,Örebro,Örebro,0,2025,0,2016,,,Ny kandidat
Match Pro AB,5592490782,,999 99,Adress Saknas,,0,2023,0,2020,,,Ny kandidat
Master Improvement AB,5565546073,"c/o Olivia Almgren, Selebovägen 3",122 48,Enskede,Stockholm,0,2025,0,1998,,,Ny kandidat
Martinsson Rekrytering AB,5595356121,Birkagatan 1,456 32,Kungshamn,Sotenäs,,,0,2025,,,Ny kandidat
Maritid AB,5569213340,Fredriksbergsvägen 1,185 35,Vaxholm,Vaxholm,0,2025,0,2013,,,Ny kandidat
Maraw Gruppen AB,5595686899,Blåsvädersgatan 14 Lgh 1902,418 32,Göteborg,Göteborg,,,0,2026,,,Ny kandidat
MarCom Recruit AB,5561679381,Vilebovägen 25 Ba,217 63,Malmö,Malmö,0,2025,0,1972,,,Ny kandidat
Mannerstad AB,5594511213,Ångkvarnsgatan 2 b,753 08,Uppsala,Uppsala,0,2025,0,2023,,,Ny kandidat
Mannerdahl Rekrytering och Organisations- utveckling Aktiebolag,5565648598,Täby Centrum  K3 Pl 12,183 34,Täby,Täby,0,2025,1,1999,,,Ny kandidat
Malin Lihnell AB,5595809723,Saxeröd 231,444 92,Jörlanda,Stenungsund,,,0,2026,,,Ny kandidat
Makoto Advisory AB,5595683433,Fatburs Brunnsgata 31,118 28,Stockholm,Stockholm,,,0,2026,,,Ny kandidat
Magnum Consulting AB,5595506857,Olof Von Dalins Väg 6 c,311 45,Falkenberg,Falkenberg,,,0,2025,,,Ny kandidat
Magna Utveckling AB,5594513367,Radiatorvägen 3,702 27,Örebro,Örebro,0,2025,0,2023,,,Ny kandidat
MONA WARD CONSULTING AB,5569383226,Kocksgatan 32,116 24,Stockholm,Stockholm,0,2025,1,2013,,,Ny kandidat
MMSA Consulting AB,5595630301,Drottning Kristinas Esplanad 55,170 67,Solna,Solna,,,0,2025,,,Ny kandidat
Maandeg AB,5591540512,"c/o Farton Hashi, Kamomillagatan 14",168 72,Bromma,Stockholm,0,2025,0,2018,,,Ny kandidat
MK Personal AB,5592047939,Aggetorpsvägen 27,443 40,Gråbo,Lerum,0,2025,0,2019,,,Ny kandidat
MIKAs Malmö AB,5568223845,"c/o Mikas Stockholm AB, Birger Jarlsgatan 37",111 45,Stockholm,Stockholm,0,2025,0,2010,,,Ny kandidat
MHG Markarbeten AB,5594685579,Päravägen 12 Kåtilla,796 91,Älvdalen,Älvdalen,0,2024,0,2024,,,Ny kandidat
MEKEL i Tidaholm AB,5592184880,Slöta Bygården,521 97,Vartofta,Falköping,0,2025,0,2019,,,Ny kandidat
MEDOLI AB,5593545253,Drag 155,395 94,Rockneby,Kalmar,0,2025,1,2021,,,Ny kandidat
MAH Sweden AB,5593718041,Lyckselevägen 3,162 67,Vällingby,Stockholm,0,2025,0,2022,,,Ny kandidat
M&Q Invest AB,5593071961,Vistavägen 37,141 69,Huddinge,Huddinge,0,2025,0,2021,,,Ny kandidat
M Rosenthal AB,5567885891,Sveavägen 115,113 49,Stockholm,Stockholm,0,2025,1,2009,,,Ny kandidat
M Elvenfors AB,5593665960,Släggvägen 13,232 51,Åkarp,Burlöv,0,2025,0,2022,,,Ny kandidat
Lön och HR i Borås AB,5568914153,Fleminggatan 3,506 34,Borås,Borås,0,2025,0,2012,,,Ny kandidat
LyxFix AB,5590594965,"c/o Advokatfirman Fylgia KB, Box 55555",102 04,Stockholm,Stockholm,0,2022,0,2016,,,Ny kandidat
Lyckobringaren Aktiebolag,5563008746,Hammarvägen 136,556 28,Jönköping,Jönköping,0,2025,0,1987,,,Ny kandidat
Luxus Consulting AB,5590884663,Långsjövägen 49 c,135 54,Tyresö,Tyresö,0,2025,0,2016,,,Ny kandidat
Lundwall vecklar ut AB,5590329917,Råsundavägen 100,169 57,Solna,Solna,0,2025,1,2015,,,Ny kandidat
Lundanavet AB,5567328298,John Ericssons Väg 4,223 63,Lund,Lund,0,2025,0,2007,,,Ny kandidat
Lund HR Konsult AB,5592818875,Oxbacksgatan 14,532 35,Skara,Skara,0,2025,0,2020,,,Ny kandidat
Luna recruitment AB,5593679250,"c/o Advokatbyrån Semper FI, Magasinsgatan 26",411 18,Göteborg,Göteborg,,,0,2022,,,Ny kandidat
Luna Kompetens AB,5592616584,Kasenbergsvägen 16,662 92,Åmål,Åmål,0,2025,0,2020,,,Ny kandidat
Loshaj Consulting AB,5594795303,Kulladalsgatan 12 b,215 64,Malmö,Malmö,0,2025,0,2024,,,Ny kandidat
Loroditalia AB,5568794530,Marsvinsholms Allé 136-14,271 93,Ystad,Ystad,0,2025,1,2012,,,Ny kandidat
Livara Assistans AB,5592617186,"c/o Citadellet Likvidationer AB, Strandgatan 7",185 32,Vaxholm,Vaxholm,0,2025,0,2020,,,Ny kandidat
Logistaff AB,5592918139,Förborgsgatan 17 a,554 39,Jönköping,Jönköping,0,2025,1,2020,,,Ny kandidat
LogicLab AB,5594376757,Trollesundsvägen 46,124 34,Bandhagen,Stockholm,0,2025,0,2023,,,Ny kandidat
Lobbypeople AB,5593300261,"c/o Sandra Nilsson, Hennings Gata 12",116 49,Stockholm,Stockholm,0,2025,0,2021,,,Ny kandidat
Ljungsbro Redovisningsbyrå AB,5568376841,Lilla Torpön Klovstena 41,590 34,Tjällmo,Motala,0,2025,0,2011,,,Ny kandidat
Lisa Eriksson Konsultbyrå AB,5594302746,Geijersvägen 4,112 44,Stockholm,Stockholm,0,2024,0,2023,,,Ny kandidat
Linkways Consulting AB,5594704743,Långströmsgatan 19 c,418 70,Göteborg,Göteborg,0,2025,0,2024,,,Ny kandidat
Linkup Recruit AB,5593300220,Harry Martinsons Gata 11,112 16,Stockholm,Stockholm,0,2024,0,2021,,,Ny kandidat
Linker AB,5592654940,Viktoriagatan 14,411 25,Göteborg,Göteborg,0,2025,0,2020,,,Ny kandidat
Linkable AB,5595722165,Aftongränd 1,931 52,Skellefteå,Skellefteå,,,0,2026,,,Ny kandidat
Lift Off AB,5594706334,Timjansgatan 125,754 47,Uppsala,Uppsala,0,2024,0,2024,,,Ny kandidat
Life Science Executive Search Nordic AB,5565933438,Norgegatan 2,164 32,Kista,Stockholm,0,2024,0,2000,,,Ny kandidat
Lex HR och rekrytering AB,5594956095,Uppsalavägen 6,193 30,Sigtuna,Sigtuna,,,0,2024,,,Ny kandidat
Lewin Consulting AB,5566472824,Arsenalsgatan 4,111 47,Stockholm,Stockholm,0,2025,0,2003,,,Ny kandidat
Level You Up AB,5592541337,Änggårdsvägen 15,589 35,Linköping,Linköping,0,2025,0,2020,,,Ny kandidat
Leonaa AB,5595653469,Ingenjör Bååths Gata 11,722 12,Västerås,Västerås,,,0,2025,,,Ny kandidat
Lefon Worldwide AB,5592905151,Grevgatan 55,114 59,Stockholm,Stockholm,0,2025,0,2020,,,Ny kandidat
Lena Nero AB,5566327051,"c/o Oldco Holding 12 - 2026 AB, Box 1030",851 11,Sundsvall,Sundsvall,0,2025,0,2002,,,Ny kandidat
Lemons IVK Service AB,5569349300,Albyvägen 59,841 44,Alby,Ånge,0,2025,0,2013,,,Ny kandidat
Lars Bogren AB,5593829202,Stationsgatan 44 g,972 33,Luleå,Luleå,0,2025,0,2022,,,Ny kandidat
Lansa B&B AB,5566363692,Lillatorpsgatan 15 a,416 55,Göteborg,Göteborg,0,2025,1-4,2003,,,Ny kandidat
Landgång i Skåne AB,5590907027,Tullhustorget 1,234 39,Lomma,Lomma,0,2025,1,2016,,,Ny kandidat
Leda Jobbcenter AB,5593748261,Sjöflygvägen 6,183 62,Täby,Täby,0,2025,0,2022,,,Ny kandidat
Lateran Konsult AB,5591936538,"c/o Lena Gussander, Björkholmsvägen 10",141 46,Huddinge,Huddinge,0,2025,0,2019,,,Ny kandidat
LaborFlow Consulting AB,5595774794,Lillgårdens Gränd 3 Lgh 1001,436 57,Hovås,Göteborg,,,0,2026,,,Ny kandidat
Labor Force AB,5590190293,Box 8330,163 08,Spånga,Stockholm,0,2025,0,2015,,,Ny kandidat
La Luz AB,5592666480,Melofonstigen 6,196 37,Kungsängen,Upplands-Bro,0,2024,0,2020,,,Ny kandidat
LUX Rekrytering AB,5593894701,Bergkantsvägen 16,422 41,Hisings Backa,Göteborg,0,2025,0,2022,,,Ny kandidat
LOKOMACARE AB,5591289748,Bältarbo 254,776 90,Hedemora,Hedemora,0,2025,0,2017,,,Ny kandidat
LND Consulting Group AB,5595223628,Garvargatan 14,112 21,Stockholm,Stockholm,0,2025,1,2025,,,Ny kandidat
LMN Consulting AB,5593245540,Fredrik Cösters Gata 17,254 43,Helsingborg,Helsingborg,0,2025,0,2021,,,Ny kandidat
LM Capital AB,5592663040,Ihp 861-7 Billo 106 46 Stockholm,172 32,Sundbyberg,Sundbyberg,0,2025,0,2020,,,Ny kandidat
LL Vårdbemanning AB,5590936950,Norra Stationsgatan 93 c,113 64,Stockholm,Stockholm,0,2025,0,2016,,,Ny kandidat
LK Stålbygg AB,5569349169,Greve Jakobs Väg 3,311 37,Falkenberg,Falkenberg,0,2025,0,2013,,,Ny kandidat
LEAXES AB,5592611486,Eastmansvägen 8 a,113 61,Stockholm,Stockholm,0,2025,0,2020,,,Ny kandidat
LA Personia AB,5592479405,Råcksta Gårdsväg 21,162 73,Vällingby,Stockholm,0,2025,0,2020,,,Ny kandidat
L.Y bemanning konsult AB,5568660798,Prästgårdsvägen 66,147 40,Tumba,Botkyrka,0,2025,0,2011,,,Ny kandidat
Kvalificerad Kompetens i Norden AB,5569272676,Tegnérgatan 6 5tr,113 58,Stockholm,Stockholm,0,2025,0,2013,,,Ny kandidat
Kriona AB,5568280837,Bältvägen 22,191 33,Sollentuna,Sollentuna,0,2025,0,2010,,,Ny kandidat
Kratten skriveri AB,5566997036,Malmstensgatan 13,331 36,Värnamo,Värnamo,0,2025,0,2006,,,Ny kandidat
Kraftton Consulting AB,5595530790,Ursviks Allé 31,174 64,Sundbyberg,Sundbyberg,,,0,2025,,,Ny kandidat
Konsultförmedlarna Sverige AB,5590347992,Tunvägen 5 Lgh 1202,170 68,Solna,Solna,0,2024,0,2015,,,Ny kandidat
Kompetenspoolen Sjuhärad AB,5560204389,Fabriksgatan 12,503 38,Borås,Borås,0,2025,0,1922,,,Ny kandidat
Kompetensen i Kristianstad AB,5569826976,Nils Möllerbergs Väg 7,291 46,Kristianstad,Kristianstad,0,2025,0,2014,,,Ny kandidat
Kompass 1901 AB,5592183197,Sannagatan 1,216 17,Limhamn,Malmö,0,2025,0,2019,,,Ny kandidat
Kolibri Consulting AB,5593725848,Östervägen 16 a,169 52,Solna,Solna,0,2026,1,2022,,,Ny kandidat
Keeada Academy AB,5590019757,Modulvägen 6,141 75,Kungens Kurva,Huddinge,0,2025,0,2015,,,Ny kandidat
Kavorka Recruitment AB,5592753643,Rastvägen 1,168 41,Bromma,Stockholm,0,2025,0,2020,,,Ny kandidat
Karmakollektivet AB,5591871883,Torvladevägen 1 b,246 51,Löddeköpinge,Kävlinge,0,2025,0,2018,,,Ny kandidat
Kandidator AB,5567330534,Mjölnerbacken 61,174 60,Sundbyberg,Sundbyberg,0,2025,0,2007,,,Ny kandidat
Kamikaze HR AB,5595524777,Lysbojsvägen 1 a,423 39,Torslanda,Göteborg,,,1-4,2025,,,Ny kandidat
KMA Bemanning AB,5593336265,Handenterminalen 5,136 40,Handen,Haninge,0,2025,0,2021,,,Ny kandidat
KJ Rosin Consulting i Göteborg AB,5590524806,Östra Kopparkärrsvägen 29,436 54,Hovås,Göteborg,0,2025,1,2016,,,Ny kandidat
KGT Care AB,5591161459,"c/o Corestone Group AB, Kungsportsavenyen 18",411 36,Göteborg,Göteborg,0,2025,0,2017,,,Ny kandidat
K2 Search AB,5562713593,Linnégatan 87,115 23,Stockholm,Stockholm,0,2025,0,1986,,,Ny kandidat
K-Matchning AB,5595429563,Hattmakaregatan 6,553 30,Jönköping,Jönköping,,,0,2025,,,Ny kandidat
KENI Bemanning AB,5567658900,Smyge Strandväg 65,231 79,Smygehamn,Trelleborg,0,2025,2,2008,,,Ny kandidat
Justera Group AB,5592760275,Johannesbergsvägen 60,191 37,Sollentuna,Sollentuna,0,2025,1-4,2020,,,Ny kandidat
Junghahn & Partners AB,5569350902,Ungdomsvägen 30,183 65,Täby,Täby,0,2026,0,2013,,,Ny kandidat
Junction Travel AB,5592014962,Torstuna Grinda 9 b,749 72,Fjärdhundra,Enköping,0,2024,0,2019,,,Ny kandidat
Jones and I AB,5593629529,Rökugnsgatan 8,724 81,Västerås,Västerås,0,2024,0,2022,,,Ny kandidat
Jonell & Partners Executive Search AB,5569639528,Hästeviksgången 16,426 71,Västra Frölunda,Göteborg,0,2025,0,2014,,,Ny kandidat
Joinjob AB,5595233411,Stadshusplatsen 2 b,149 30,Nynäshamn,Nynäshamn,0,2025,0,2025,,,Ny kandidat
Johanneshöjden Konsult AB,5566678628,Kammargatan 12,111 40,Stockholm,Stockholm,0,2025,0,2004,,,Ny kandidat
Jobhunters Sverige AB,5568622350,Torvladevägen 1 b,246 51,Löddeköpinge,Kävlinge,0,2024,0,2011,,,Ny kandidat
Jobcenter Östergötland AB,5595435925,Industrigatan 5,582 55,Linköping,Linköping,,,1-4,2025,,,Ny kandidat
Jobnu i Sverige AB,5568659220,Kistagången 2-4,164 40,Kista,Stockholm,0,2025,0,2011,,,Ny kandidat
Jobbkontakt Sverige AB,5594735135,Andréevägen 32,554 66,Jönköping,Jönköping,0,2024,0,2024,,,Ny kandidat
Jobbkonsulterna Svenska AB,5568492705,Ekbacksvägen 22,168 69,Bromma,Stockholm,0,2024,1,2011,,,Ny kandidat
Jobbstart och Rekrytering i Sverige AB,5567790695,Prästgårdsvägen 17,633 70,Hållsta,Eskilstuna,0,2025,0,2009,,,Ny kandidat
Jobbnytt AB,5595239467,Johan Gertssons Gata 4,415 12,Göteborg,Göteborg,0,2025,1-4,2025,,,Ny kandidat
Jobbeffekt AB,5567870455,Bastuvägen 6,516 50,Aplared,Borås,0,2025,0,2009,,,Ny kandidat
JobbMind 24 AB,5593004673,Anders Petters Väg 15,702 21,Örebro,Örebro,0,2024,0,2021,,,Ny kandidat
JobbFokus Sverige AB,5594364225,Jakobsgatan 52 c,724 64,Västerås,Västerås,0,2025,1,2023,,,Ny kandidat
Jobb & IT-Rekryteringsbolaget i Stockholm AB,5566554563,"c/o Niclas Cronemyr, Störtloppsvägen 24",129 47,Hägersten,Stockholm,0,2024,0,2004,,,Ny kandidat
Job Solution Engineering Sweden AB,5595736710,Landsvägen 57,172 65,Sundbyberg,Sundbyberg,,,1-4,2026,,,Ny kandidat
Jobaction Sverige AB,5591032577,Box 1327,701 13,Örebro,Örebro,0,2024,0,2017,,,Ny kandidat
JobID Scandinavia AB,5595063651,Bäckvägen 20,192 54,Sollentuna,Sollentuna,0,2025,0,2024,,,Ny kandidat
JoCio AB,5569399909,Nöbbelöv 791,226 60,Lund,Lund,0,2025,0,2013,,,Ny kandidat
Jarbur Consulting AB,5568813884,Koppargatan 4,426 71,Västra Frölunda,Göteborg,0,2024,0,2012,,,Ny kandidat
Jakobsbergs Express AB,5592981483,Badstrandsvägen 28,112 65,Stockholm,Stockholm,0,2024,0,2021,,,Ny kandidat
JW Säljkonsult och Uthyrning AB,5569613432,Manskörsvägen 9,814 31,Skutskär,Älvkarleby,0,2025,0,2014,,,Ny kandidat
JUSITA Aktiebolag,5561226704,Kistagången 20,164 40,Kista,Stockholm,0,2025,0,1969,,,Ny kandidat
JT Partner AB,5595528505,Dalagatan 1,972 42,Luleå,Luleå,,,1-4,2025,,,Ny kandidat
JS Cons & Rek AB,5590670997,,999 99,Adress Saknas,,0,2024,0,2016,,,Ny kandidat
JOYiN AB,5595769745,Torpkällevägen 3 d,741 46,Knivsta,Knivsta,,,1-4,2026,,,Ny kandidat
JOBOCON AB,5592727753,Af Bjerkéns Väg 15,443 34,Lerum,Lerum,0,2025,0,2020,,,Ny kandidat
JM Pharmacy AB,5568200637,Gyllenstiernsgatan 12,115 26,Stockholm,Stockholm,0,2025,1,2010,,,Ny kandidat
JLC Service AB,5595730606,Nummer Ettavägen 9,245 45,Staffanstorp,Staffanstorp,,,0,2026,,,Ny kandidat
JLC AB,5592981251,Ostindiefararen 21,417 65,Göteborg,Göteborg,0,2025,1,2021,,,Ny kandidat
JEN Holding AB,5592668767,Fredsgatan 12 a,172 33,Sundbyberg,Sundbyberg,0,2025,0,2020,,,Ny kandidat
JDN AB,5595521013,Östra Storgatan 9,553 21,Jönköping,Jönköping,,,20-49,2025,,,Ny kandidat
J Rekrytering AB,5591932388,Häggvägen 4,135 52,Tyresö,Tyresö,0,2025,0,2019,,,Ny kandidat
Isak Munther Consulting AB,5595382754,Klockstigen 20,429 32,Kullavik,Kungsbacka,,,0,2025,,,Ny kandidat
Iris Havana AB,5594938085,Trossvägen 6,181 66,Lidingö,Lidingö,0,2025,0,2024,,,Ny kandidat
Involved Partners of People AB,5592175557,Mårtensgatan 7,252 70,Råå,Helsingborg,0,2025,0,2019,,,Ny kandidat
Interskatt Bemanning AB,5569327496,Kungsgatan 8 2 Tr,111 43,Stockholm,Stockholm,0,2025,1-4,2013,,,Ny kandidat
Intero Professionals AB,5590979604,Näset 950,841 97,Erikslund,Ånge,0,2025,0,2017,,,Ny kandidat
International Minds AB,5590401344,"c/o Familjen Trpevski Kyllönen, Bäckaängsvägen 8",238 34,Oxie,Malmö,0,2024,0,2015,,,Ny kandidat
Interino AB,5590029830,Mäster Samuelsgatan 4,111 44,Stockholm,Stockholm,0,2024,0,2015,,,Ny kandidat
"Integral, Rekrytering och Kompetensutveckling Stockholm AB",5593212201,"c/o Hans Sjöberg, Framnäsgatan 11",973 42,Luleå,Luleå,0,2025,0,2021,,,Ny kandidat
Infinity Retail AB,5594255605,Luxgatan 10,116 62,Stockholm,Stockholm,0,2025,0,2023,,,Ny kandidat
Infinity AB,5568102916,Bäckvägen 79,818 92,Valbo,Gävle,0,2025,0,2010,,,Ny kandidat
IndustryWomen AB,5594832361,Skogängsvägen 34 Lgh 1202,163 48,Spånga,Stockholm,0,2025,0,2024,,,Ny kandidat
Inbound Excellence AB,5590046099,Höguddsvägen 11,181 62,Lidingö,Lidingö,0,2024,0,2015,,,Ny kandidat
IT Excellence Bemanning i Sverige AB,5594912189,Trädgårdsgärdet 98,424 68,Angered,Göteborg,,,0,2024,,,Ny kandidat
ISG Sweden AB,5591776652,Tessins Väg 1 c,217 58,Malmö,Malmö,0,2024,0,2018,,,Ny kandidat
IFEO AB,5565911541,Östra Villavägen 17,611 36,Nyköping,Nyköping,0,2025,0,2000,,,Ny kandidat
IES Interactive Executive Search AB,5567206320,Lilla Fiskaregatan 4 a,222 22,Lund,Lund,0,2025,1,2007,,,Ny kandidat
Högström Executive Search AB,5595846774,Furumovägen 2 a,352 72,Växjö,Växjö,,,0,2026,,,Ny kandidat
Höga Kusten Konsult AB,5593678005,Haranäsvägen 3,311 43,Falkenberg,Falkenberg,0,2025,0,2022,,,Ny kandidat
HumilityCare AB,5594208372,Tornfalksgatan 2 b,215 60,Malmö,Malmö,0,2025,0,2023,,,Ny kandidat
Hyllienmark Rekrytering & Resurs AB,5567840771,Hasselbolsgatan 6,654 68,Karlstad,Karlstad,0,2025,0,2009,,,Ny kandidat
Human Results Scandinavia AB,5568688898,Kaninvägen 3,271 39,Ystad,Ystad,0,2024,0,2011,,,Ny kandidat
Hugsy People AB,5595458315,Rödhakevägen 2,429 33,Kullavik,Kungsbacka,,,0,2025,,,Ny kandidat
Hoti Gruppen AB,5593075665,Föreningsgatan 13 b,595 51,Mjölby,Mjölby,0,2025,0,2021,,,Ny kandidat
Hotell och Reseverket i Stockholm AB,5565979696,Grev Turegatan 20,114 46,Stockholm,Stockholm,0,2024,0,2000,,,Ny kandidat
Horizon Care AB,5593280364,Montörgatan 7,302 62,Halmstad,Halmstad,0,2023,0,2021,,,Ny kandidat
Hjorton AB,5594974726,Utsättaregränden 235,226 47,Lund,Lund,,,0,2024,,,Ny kandidat
Hireling AB,5592945165,Krossgatan 25,162 50,Vällingby,Stockholm,0,2024,0,2021,,,Ny kandidat
Hidayet Tercan AB,5590558994,Grevgatan 49,114 58,Stockholm,Stockholm,0,2024,0,2016,,,Ny kandidat
Hi Agency AB,5595541367,Himmelsbacken 10,134 62,Ingarö,Värmdö,,,1-4,2025,,,Ny kandidat
Hertin Mankert AB,5595190355,Halleby 201,444 92,Jörlanda,Stenungsund,,,1-4,2025,,,Ny kandidat
Herrskapet Invest AB,5569275612,Bergsgatan 118,853 50,Sundsvall,Sundsvall,0,2025,0,2013,,,Ny kandidat
Hello Wrld Rekrytering AB,5592003981,Mogatan 26,972 53,Luleå,Luleå,0,2025,0,2019,,,Ny kandidat
Helijun AB,5567651285,"c/o Svenska Standardbolag AB, Box 292",791 27,Falun,Falun,0,2025,0,2008,,,Ny kandidat
Heex AB,5595301580,Warfvinges Väg 13,112 18,Stockholm,Stockholm,,,1-4,2025,,,Ny kandidat
Hedlund & Jonsson Teknik AB,5594031808,Kaserngatan 2 b,761 46,Norrtälje,Norrtälje,0,2025,0,2022,,,Ny kandidat
Happy Business Sweden AB,5567573901,Germundsgatan 58,644 30,Torshälla,Eskilstuna,0,2025,2,2008,,,Ny kandidat
Headhunting Oak AB,5595496398,Näktergalsgatan 18,254 50,Helsingborg,Helsingborg,,,0,2025,,,Ny kandidat
HeRu Invest Aktiebolag,5569842833,"c/o Magnus Tallmark, Grönviksvägen 4",167 71,Bromma,Stockholm,0,2025,0,2014,,,Ny kandidat
Hamada Express AB,5595732966,Smålandsgatan 10,574 37,Vetlanda,Vetlanda,,,0,2026,,,Ny kandidat
Haga Bilservice i Haga AB,5594603309,Soldattorpsgatan 16,554 74,Jönköping,Jönköping,0,2024,0,2023,,,Ny kandidat
HR Venture Sweden AB,5590040019,Grindstuvägen 9,724 62,Västerås,Västerås,0,2025,0,2015,,,Ny kandidat
"HR Consulting, Lena Lind AB",5569807364,Reutersgatan 4,413 20,Göteborg,Göteborg,0,2025,0,2014,,,Ny kandidat
Hack in Hire AB,5595480715,Anckargripsgatan 3,211 19,Malmö,Malmö,,,0,2025,,,Ny kandidat
HS WEPLACE AB,5595372433,Kungsgatan 64,111 22,Stockholm,Stockholm,,,1-4,2025,,,Ny kandidat
HS Luna AB,5595364562,Kungsgatan 64,111 22,Stockholm,Stockholm,,,1-4,2025,,,Ny kandidat
HS Egen AB,5595774117,Wallingatan 37,111 24,Stockholm,Stockholm,,,1-4,2026,,,Ny kandidat
HME-Bemanning AB,5591514574,Skillingegatan 14,736 32,Kungsör,Kungsör,0,2025,1,2018,,,Ny kandidat
HM Jobb & Utbildningsforum AB,5592014582,Kälvestavägen 48,163 54,Spånga,Stockholm,0,2025,0,2019,,,Ny kandidat
HLT AB,5592781057,Svandammsvägen 17 a,126 35,Hägersten,Stockholm,0,2025,0,2020,,,Ny kandidat
HITTSYVA AB,5594008483,Markims Kyrkväg 7,186 93,Vallentuna,Vallentuna,0,2025,0,2022,,,Ny kandidat
HC Advisors AB,5595171140,Folkungagatan 108 3tr,116 30,Stockholm,Stockholm,0,2025,0,2025,,,Ny kandidat
HBGA logistic AB,5595701136,Gasverksgatan 34,252 44,Helsingborg,Helsingborg,,,0,2026,,,Ny kandidat
HAYR AB,5592254030,Tjädervägen 46,187 43,Täby,Täby,0,2025,1-4,2019,,,Ny kandidat
HAVNO AB,5590716683,"c/o ADVOKAT LARS HULTGREN AB, Solna Torg 19 Plan 5",171 45,Solna,Solna,0,2022,0,2016,,,Ny kandidat
Gunsta Consulting AB,5592951601,"c/o Advokatfirman Upsala Juridiska Byrå, Box 1013",751 40,Uppsala,Uppsala,0,2024,0,2021,,,Ny kandidat
Guldåren AB,5595257311,Åndenäs 183,612 72,Rejmyre,Finspång,0,2025,0,2025,,,Ny kandidat
Guldkompassen AB,5591108807,"c/o Antonio Ponce, Höglundavägen 9",611 37,Nyköping,Nyköping,0,2024,0,2017,,,Ny kandidat
Gävleborgs Holdingbolag AB,5591715023,Tröskverksvägen 12,818 32,Valbo,Gävle,0,2025,0,2018,,,Ny kandidat
Gutten AB,5595558486,Vidargatan 1,113 27,Stockholm,Stockholm,,,1-4,2025,,,Ny kandidat
Guldjobbet franchise AB,5592684202,Eneströmsgatan 7,652 24,Karlstad,Karlstad,0,2025,0,2020,,,Ny kandidat
Guld Phoenix TD AB,5569791659,Vendelsövägen 70,135 53,Tyresö,Tyresö,0,2025,0,2014,,,Ny kandidat
Guiden Konsult i Uppsala AB,5595362731,Gröngatan 19 b,754 36,Uppsala,Uppsala,,,0,2025,,,Ny kandidat
Grönvik Management and Development AB,5568021587,"c/o RODRET AB, Drottninggatan 61 4tr",111 21,Stockholm,Stockholm,0,2025,0,2010,,,Ny kandidat
Growmatcher AB,5592667876,Skogsängsvägen 71,135 55,Tyresö,Tyresö,0,2025,0,2020,,,Ny kandidat
Grow Today AB,5593636300,Solvägen 13,183 52,Täby,Täby,0,2025,0,2022,,,Ny kandidat
Grow People Sverige AB,5591086250,Häggatan 12 c,186 48,Vallentuna,Vallentuna,0,2025,1-4,2017,,,Ny kandidat
Greater Heights AB,5567251243,Lövuddsvägen 7,185 95,Vaxholm,Vaxholm,0,2025,0,2007,,,Ny kandidat
Great Capabilites AB,5593219206,Fäbodvägen 29,132 35,Saltsjö-Boo,Nacka,0,2025,0,2021,,,Ny kandidat
Grahn Human Capital AB,5590623988,Stegerholmsvägen 20,421 67,Västra Frölunda,Göteborg,0,2024,0,2016,,,Ny kandidat
Goveteran support AB,5593469694,Bergsvägen 5,181 31,Lidingö,Lidingö,0,2024,5-9,2021,,,Ny kandidat
Globegård AB,5568054638,Sankt Eriksgatan 17,112 39,Stockholm,Stockholm,0,2025,0,2010,,,Ny kandidat
Glada Tuppen i Karlstad AB,5592960974,Torsviksvägen 19,663 44,Hammarö,Hammarö,0,2025,0,2021,,,Ny kandidat
Gigleer Holding AB,5592586282,Lilla Brogatan 19,503 35,Borås,Borås,0,2024,0,2020,,,Ny kandidat
Gigleer AB,5593389421,Högbergsgatan 35,116 20,Stockholm,Stockholm,0,2025,0,2021,,,Ny kandidat
Gardesta Fusion Graphics AB,5590124425,Poppelgatan 17,733 37,Sala,Sala,0,2025,1,2015,,,Ny kandidat
GOTOPOTENTIALS AB,5569318222,Drottninggatan 72 b Lgh 1601,252 21,Helsingborg,Helsingborg,0,2025,0,2013,,,Ny kandidat
Gammelmyren AB,5595530428,Trunnerup 1518,274 62,Rydsgård,Skurup,,,0,2025,,,Ny kandidat
GaZtronaut Europe AB,5592111826,Box 123,335 03,Hestra,Gislaved,0,2025,0,2019,,,Ny kandidat
GWL Solutions AB,5592643414,Brunnsgatan 6,413 12,Göteborg,Göteborg,0,2025,0,2020,,,Ny kandidat
FöräldraMentorer Sverige AB,5595816314,Odengatan 102 2 Tr.,113 22,Stockholm,Stockholm,,,1-4,2026,,,Ny kandidat
Futura Innovation Holding AB,5590046123,Sankt Eriksgatan 93,113 32,Stockholm,Stockholm,0,2025,0,2015,,,Ny kandidat
Fuse People AB,5592984180,Furugatan 19,753 24,Uppsala,Uppsala,0,2025,0,2021,,,Ny kandidat
Full Bemanning Sverige AB,5593935355,Norra Ågatan 2,416 49,Göteborg,Göteborg,0,2024,0,2022,,,Ny kandidat
Frösunda Omsorg Arbetsmarknad AB,5591584635,Råsundavägen 18,169 67,Solna,Solna,0,2025,0,2018,,,Ny kandidat
Frontier Residency AB,5594699380,Kungsgatan 3,111 43,Stockholm,Stockholm,0,2025,0,2024,,,Ny kandidat
Fönstermästare Umeå AB,5590123096,Idrottsvägen 1,915 31,Robertsfors,Robertsfors,0,2025,0,2015,,,Ny kandidat
Future Nordic Personal AB,5594584756,Rundgången 18,254 52,Helsingborg,Helsingborg,0,2025,0,2023,,,Ny kandidat
Frivex Rekrytering AB,5595495945,Stormbyvägen 2-4,163 55,Spånga,Stockholm,,,0,2025,,,Ny kandidat
Friday Group AB,5594112913,Kungsportsavenyen 10,411 36,Göteborg,Göteborg,0,2025,0,2022,,,Ny kandidat
Fredrik Vinstock AB,5590271812,Vendevägen 1,181 31,Lidingö,Lidingö,0,2025,1-4,2015,,,Ny kandidat
Fosie fasad o måleri AB,5569103590,Emil Påls Väg 4,218 51,Klagshamn,Malmö,0,2025,0,2012,,,Ny kandidat
Forward Recruit AB,5592488455,Gränsvägen 29,135 47,Tyresö,Tyresö,0,2025,0,2020,,,Ny kandidat
Forward Fastighetsförvaltning Aktiebolag,5569672354,"Rastavik, Överbyslingan 64-68",185 95,Vaxholm,Vaxholm,0,2025,0,2014,,,Ny kandidat
Frankliv AB,5592780315,Sandviksvägen 94,764 91,Väddö,Norrtälje,0,2025,0,2020,,,Ny kandidat
Flinta rekrytering AB,5595743690,Goalovsvägen 18,433 38,Partille,Partille,,,0,2026,,,Ny kandidat
Flinka Fingrar AB,5566592381,Tubavägen 5 b,435 41,Mölnlycke,Härryda,0,2025,0,2004,,,Ny kandidat
Flöten AB,5591005946,Gillevägen 23,371 60,Lyckeby,Karlskrona,0,2025,0,2017,,,Ny kandidat
Flexenheten AB,5590222724,Duettvägen 149,142 40,Skogås,Huddinge,0,2025,0,2015,,,Ny kandidat
FlexIQ Sweden AB,5595703355,Östra Vittusgatan 36,371 14,Karlskrona,Karlskrona,,,1-4,2026,,,Ny kandidat
Fjord Talent AB,5595012823,"c/o Alex Tang, Ulriksborgsgatan 7",112 18,Stockholm,Stockholm,0,2025,0,2024,,,Ny kandidat
Fit International AB,5569865628,"c/o JENNY MAJOR, Stenbacksvägen 8 a",136 48,Handen,Haninge,0,2026,0,2014,,,Ny kandidat
FirstBridge International AB,5593008203,Ohiogatan 4,593 41,Västervik,Västervik,0,2024,0,2021,,,Ny kandidat
Firma Levlia AB,5565235792,Björnbärsvägen 6,372 38,Ronneby,Ronneby,0,2025,0,1995,,,Ny kandidat
FinMind AB,5590952494,Svengrensgatan 28,632 27,Eskilstuna,Eskilstuna,0,2025,0,2016,,,Ny kandidat
Finek AB,5592967607,Safirgången 64,135 49,Tyresö,Tyresö,0,2024,0,2021,,,Ny kandidat
Find by Maria Benholm AB,5593120602,Lilla Grevegårdsvägen 41,426 55,Västra Frölunda,Göteborg,0,2025,0,2021,,,Ny kandidat
FemHire AB,5594431875,Hagaplan 4,113 68,Stockholm,Stockholm,0,2025,0,2023,,,Ny kandidat
Fastmatch Solutions AB,5594898701,Lokförargatan 24,722 33,Västerås,Västerås,0,2025,0,2024,,,Ny kandidat
Farmartjänst i Roslagen AB,5595746156,Bergshamra Byväg 53,761 11,Bergshamra,Norrtälje,,,0,2026,,,Ny kandidat
Farmartjänst Ullared-Varberg AB,5590970132,Järngatan 2,432 32,Varberg,Varberg,0,2025,0,2017,,,Ny kandidat
Fanny Mörk AB,5595571786,Norrgårdsvägen 14 c,163 51,Spånga,Stockholm,,,1-4,2025,,,Ny kandidat
FRECO AB,5593513848,Fredriksbergsvägen 1 b,521 47,Falköping,Falköping,0,2025,0,2021,,,Ny kandidat
FKW AB,5595590828,Sjövägen 2,182 33,Danderyd,Danderyd,,,0,2025,,,Ny kandidat
Extrahand Sverige AB,5595909895,Limhamnsgårdens Allé 26,216 31,Limhamn,Malmö,,,0,2026,,,Ny kandidat
FHF Service AB,5569616443,Nils Holgerssons Väg 1,231 38,Trelleborg,Trelleborg,0,2024,0,2014,,,Ny kandidat
F.Z.M Investing AB,5594764143,Färnebogatan 4 b,682 32,Filipstad,Filipstad,0,2025,1,2024,,,Ny kandidat
F.Luna Holding AB,5590235114,Symfonivägen 9 d,903 64,Umeå,Umeå,0,2025,0,2015,,,Ny kandidat
Extraknäck AB,5591733752,Råstensgatan 2 Bv,172 70,Sundbyberg,Sundbyberg,0,2025,0,2018,,,Ny kandidat
Exekutive assistans Stockholm AB,5594075862,"c/o RICARDO CHAVEZ TAIPE, Sankt Paulsgatan 22 a",118 48,Stockholm,Stockholm,0,2024,0,2022,,,Ny kandidat
Executive Search Research AB,5592087604,Ringvägen 100 Vån 9,118 60,Stockholm,Stockholm,0,2024,0,2019,,,Ny kandidat
Executive Partners Scandinavia AB,5567291553,Landsvägen 57,172 65,Sundbyberg,Sundbyberg,0,2025,0,2007,,,Ny kandidat
Estatement Kompetens Sverige AB,5593627283,Vattentornsvägen 20,181 56,Lidingö,Lidingö,0,2025,0,2022,,,Ny kandidat
Esplund executive search AB,5594422197,Kungsgatan 56 a,702 24,Örebro,Örebro,0,2025,0,2023,,,Ny kandidat
Ermis Athlites Management AB,5595111989,Furuvägen 23,393 51,Kalmar,Kalmar,,,0,2024,,,Ny kandidat
Equita Talent Partner AB,5595413963,Vaksalagatan 2,753 20,Uppsala,Uppsala,,,0,2025,,,Ny kandidat
"Empower ""I"" Work AB",5592655822,"c/o Servando Bolag AB, Box 5814",102 48,Stockholm,Stockholm,0,2025,0,2020,,,Ny kandidat
Employiq Consulting AB,5594775180,Knärotsvägen 10,806 33,Gävle,Gävle,0,2025,0,2024,,,Ny kandidat
Employed in Svea AB,5592685449,"c/o Hessam Aghaei, Glasmästaregatan 26",412 62,Göteborg,Göteborg,0,2025,0,2020,,,Ny kandidat
Employant AB,5595405647,Ljusterögatan 8 b,257 34,Rydebäck,Helsingborg,,,1-4,2025,,,Ny kandidat
EmploAI AB,5595389940,Borgaregatan 2,256 54,Ramlösa,Helsingborg,,,1-4,2025,,,Ny kandidat
Embrew AB,5595567818,Eldaregatan 5 b,413 15,Göteborg,Göteborg,,,1-4,2025,,,Ny kandidat
Elit konsult göteborg AB,5594888942,Höstvädersgatan 17,418 33,Göteborg,Göteborg,0,2025,0,2024,,,Ny kandidat
Elisabeth Falk Sverige AB,5568322563,Katarina Västra Kyrkogata 6 a,116 25,Stockholm,Stockholm,0,2025,1,2010,,,Ny kandidat
Eligo AB,5568195845,Kungsportsavenyen 37,411 36,Göteborg,Göteborg,0,2025,0,2010,,,Ny kandidat
Elevra AB,5595456194,Norrtullsgatan 67,113 45,Stockholm,Stockholm,,,0,2025,,,Ny kandidat
Elemental Bygg AB,5595777235,Hökbursvägen 40,147 42,Tumba,Botkyrka,,,1-4,2026,,,Ny kandidat
Elegantia AB,5594379876,Repslagaregatan 19,582 22,Linköping,Linköping,0,2025,0,2023,,,Ny kandidat
Eira Technology AB,5595797217,Döbelnsgatan 53 3 Tr,113 52,Stockholm,Stockholm,,,1-4,2026,,,Ny kandidat
Effix AB,5595278721,Norrlandsgatan 36 d,752 29,Uppsala,Uppsala,0,2025,1,2025,,,Ny kandidat
Ekonomi- och företagssupport i Söderhamn AB,5567151815,Stocksätter 3872,821 95,Bollnäs,Bollnäs,0,2025,0,2006,,,Ny kandidat
Ekodiagnostik Sverige AB,5594865924,Fågelsångsgatan 29,265 35,Åstorp,Åstorp,0,2026,0,2024,,,Ny kandidat
Ekentass AB,5569610503,Hallagärde Ekedal 110,385 95,Torsås,Torsås,0,2024,0,2014,,,Ny kandidat
Effectima Kompetens AB,5595269217,"c/o Effectima Nacka AB, Box 1224",131 28,Nacka Strand,Nacka,,,0,2025,,,Ny kandidat
Edin Consulting AB,5592353329,Stensjöberg 30,431 36,Mölndal,Mölndal,0,2025,0,2020,,,Ny kandidat
ETK Group AB,5594335076,Hägerstensvägen 276,129 38,Hägersten,Stockholm,0,2025,0,2023,,,Ny kandidat
EBT Booking Agency AB,5591462121,Hammardalsslingan 1,141 36,Huddinge,Huddinge,0,2025,0,2018,,,Ny kandidat
E.P.M Jobbcenter AB,5593027146,Trondheimsgatan 34,164 30,Kista,Stockholm,0,2025,0,2021,,,Ny kandidat
E.M Bygg AB,5590799390,Valldammsgatan 22 Lgh 1401,231 51,Trelleborg,Trelleborg,0,2024,0,2016,,,Ny kandidat
EJFA AB,5590067152,Dackevägen 33 2 Tr,177 34,Järfälla,Järfälla,0,2025,0,2015,,,Ny kandidat
EH-ES consulting AB,5590760038,Kulladalsgatan 28 b,215 64,Malmö,Malmö,0,2025,0,2016,,,Ny kandidat
EGH bemanning AB,5594718495,Storgatan 2 h,647 30,Mariefred,Strängnäs,0,2025,0,2024,,,Ny kandidat
Duktiga myran AB,5595304725,Enegatan 14,576 93,Rörvik,Sävsjö,,,1-4,2025,,,Ny kandidat
Dteam Group AB,5567557102,Söderby Gårds Väg 69 Hus 24,144 51,Rönninge,Salem,0,2025,0,2008,,,Ny kandidat
Drivtorget Bemanning AB,5593012759,Wetterlinsgatan 11 g,521 34,Falköping,Falköping,0,2024,0,2021,,,Ny kandidat
Drink Right AB,5568541675,Västra Skagene 685,663 91,Hammarö,Hammarö,0,2024,1,2011,,,Ny kandidat
DrillReady AB,5594503848,Viala Wingenäs 4,643 92,Vingåker,Vingåker,0,2025,0,2023,,,Ny kandidat
Dream Event By I&F AB,5590825377,Stenhuggarvägen 19,818 31,Valbo,Gävle,0,2025,0,2016,,,Ny kandidat
DigitalRecruitment Gothenburg AB,5593012932,Rundbäcksgatan 4,417 23,Göteborg,Göteborg,0,2025,0,2021,,,Ny kandidat
Digital Twin Sustainable Cities AB,5591131601,Kindstugatan 11 b,111 31,Stockholm,Stockholm,0,2025,0,2017,,,Ny kandidat
Diamond People AB,5595601823,Hårds Väg 54 Lgh 1103,213 65,Malmö,Malmö,,,0,2025,,,Ny kandidat
Disheden & Co AB,5595650853,Älggårdsvägen 14,139 36,Värmdö,Värmdö,,,0,2025,,,Ny kandidat
Dentler Invest AB,5592588536,Läroverksvägen 11 a,181 42,Lidingö,Lidingö,0,2025,0,2020,,,Ny kandidat
Deverlis AB,5592104086,Hällmarksvägen 8,186 53,Vallentuna,Vallentuna,0,2025,1,2019,,,Ny kandidat
Destiny Recruitment AB,5593771362,Tallvägen 17,365 41,Hovmantorp,Lessebo,0,2025,0,2022,,,Ny kandidat
DdB Consulting AB,5595687277,Mikrofonvägen 15,126 28,Hägersten,Stockholm,,,1-4,2026,,,Ny kandidat
Delve Interim & Search AB,5595425579,Blacktjärnsgatan 11 b,416 82,Göteborg,Göteborg,,,1-4,2025,,,Ny kandidat
Delila Lindqvist AB,5590435516,Rundvägen 2,642 34,Flen,Flen,0,2024,0,2015,,,Ny kandidat
Danny Axiotis Consulting AB,5593325276,Åkeshovsvägen 10 a,168 37,Bromma,Stockholm,0,2025,0,2021,,,Ny kandidat
DTB Management AB,5592338700,Ringvägen 88 Lgh 1103,118 60,Stockholm,Stockholm,0,2025,0,2019,,,Ny kandidat
DP Lauren AB,5567846919,Kivra: 556784-6919,106 31,Stockholm,Sigtuna,0,2025,0,2009,,,Ny kandidat
DK Consulting AB,5593115750,Strålgatan 8,112 63,Stockholm,Stockholm,0,2025,1,2021,,,Ny kandidat
D2 Consulting AB,5568495443,Råsundavägen 134,169 36,Solna,Solna,0,2025,0,2011,,,Ny kandidat
D.I.T Consulting AB,5592189913,Bruksvägen 58 a,165 65,Hässelby,Stockholm,0,2025,0,2019,,,Ny kandidat
Cyber Assistant AB,5592580251,Skolgatan 15,413 02,Göteborg,Göteborg,0,2026,0,2020,,,Ny kandidat
Cruitmed AB,5592624828,Körsbärsvägen 2 b 1202,114 23,Stockholm,Stockholm,0,2025,0,2020,,,Ny kandidat
Crowd Collective Holding AB,5590691761,Gamla Tanneforsvägen 92,582 52,Linköping,Linköping,0,2024,0,2016,,,Ny kandidat
Crew Company Göteborg AB,5568054075,Åvägen 24,412 51,Göteborg,Göteborg,0,2024,0,2010,,,Ny kandidat
Cortex Stockholm AB,5593071052,Gustavslundsvägen 137,167 51,Bromma,Stockholm,0,2024,0,2021,,,Ny kandidat
Corio AB,5595478875,Jungmansgatan 12,211 11,Malmö,Malmö,,,10-19,2025,,,Ny kandidat
Corell & Partners AB,5566577796,Bertilsbergsvägen 21,181 57,Lidingö,Lidingö,0,2025,1,2004,,,Ny kandidat
Core Value Rimertz AB,5567772115,Pilgatan 17,112 23,Stockholm,Stockholm,0,2025,0,2009,,,Ny kandidat
ConnectPartners Nordic AB,5595777441,Parkgatan a,411 38,Göteborg,Göteborg,,,0,2026,,,Ny kandidat
Connect Kneg AB,5593504987,Vasagatan 10,111 20,Stockholm,Stockholm,0,2025,0,2021,,,Ny kandidat
Con Qualita AB,5592386493,"c/o Svenska Standardbolag AB, Box 292",791 27,Falun,Falun,0,2024,0,2020,,,Ny kandidat
Con Nec(x)t AB,5594359498,"c/o Karishma Prajapati, Sadelgatan 8",183 76,Täby,Täby,0,2025,0,2023,,,Ny kandidat
Competence Broker in Scandinavia AB,5569942500,Södra Järnvägsgatan 23,827 32,Ljusdal,Ljusdal,0,2025,0,2014,,,Ny kandidat
Compete Competence MR AB,5566853643,Karmansbo 54,731 15,Kolsva,Skinnskatteberg,0,2025,1,2005,,,Ny kandidat
Compefy Holding AB,5590687058,Strandgatan 7,185 32,Vaxholm,Vaxholm,0,2025,0,2016,,,Ny kandidat
Commute AB,5594850678,Tre Gruvors Väg 43,184 70,Åkersberga,Österåker,0,2025,0,2024,,,Ny kandidat
CollabConnect AB,5595225672,Smedjekullsgatan 28 a,212 24,Malmö,Malmö,,,0,2025,,,Ny kandidat
Clockwork Samhällsutveckling AB,5593045809,Holmgatan 22,791 71,Falun,Falun,0,2025,0,2021,,,Ny kandidat
Claremont Consulting AB,5592763253,Bohusgatan 15,411 39,Göteborg,Göteborg,0,2024,0,2020,,,Ny kandidat
City Consulting i Stockholm AB,5567471445,Grev Turegatan 38 4tr,114 38,Stockholm,Stockholm,0,2025,0,2007,,,Ny kandidat
Christer Johansson Rekrytering AB,5569510430,Bengt Ekehjelmgatan 7,118 54,Stockholm,Stockholm,0,2025,0,2013,,,Ny kandidat
Cherubic AB,5591638308,Eneströmsgatan 7,652 24,Karlstad,Karlstad,0,2024,0,2018,,,Ny kandidat
Charu Bemanning AB,5592520117,Splitsvägen 18,542 36,Mariestad,Mariestad,0,2024,0,2020,,,Ny kandidat
Charlotta Fransén Konsult AB,5568688336,"c/o Svenska Standardbolag AB, Box 292",791 27,Falun,Falun,0,2025,0,2011,,,Ny kandidat
Charlie AB,5595139550,Karlavägen 65,114 49,Stockholm,Stockholm,,,20-49,2025,,,Ny kandidat
ChaOla AB,5562696947,Skogsvikshöjden 18,761 98,Norrtälje,Norrtälje,0,2024,1,1985,,,Ny kandidat
Carlvik Consulting AB,5568781354,Spårsnögatan 61,226 38,Lund,Lund,0,2025,0,2011,,,Ny kandidat
Carling Consulting AB,5593580169,Ninni Kronbergs Gata 28,113 68,Stockholm,Stockholm,0,2024,0,2021,,,Ny kandidat
Catharina Bergold AB,5590313127,Hindervägen 8,176 65,Järfälla,Järfälla,0,2025,1,2015,,,Ny kandidat
Cederlundskans filmservice AB,5566985361,Lövgrensvägen 8,952 43,Töre,Kalix,0,2024,0,2006,,,Ny kandidat
Campusrekrytering AB,5595827949,Strandgatan 4 b,302 45,Halmstad,Halmstad,,,0,2026,,,Ny kandidat
Career Group Care AB,5594061409,Strandgatan 7,185 32,Vaxholm,Vaxholm,0,2025,0,2022,,,Ny kandidat
Care of empower AB,5592422066,Börringe Kyrkoväg 69-2,233 91,Svedala,Svedala,0,2024,1,2020,,,Ny kandidat
Care By Warberg AB,5594066903,Vindö Landsväg 43,139 74,Djurhamn,Värmdö,0,2025,0,2022,,,Ny kandidat
CWNET AB,5569329922,Ubbyvägen 40,762 94,Rimbo,Norrtälje,0,2025,0,2013,,,Ny kandidat
COTRUCK Aktiebolag,5565773941,Bergsboda 184,905 96,Umeå,Umeå,0,2025,0,1999,,,Ny kandidat
CEWE Search & Advisory AB,5595900860,Svängvägen 10,183 57,Täby,Täby,,,1-4,2026,,,Ny kandidat
CC Medical AB,5594212267,Askims Utsiktsväg 7,436 42,Askim,Göteborg,0,2026,1,2023,,,Ny kandidat
CB i Ulricehamn AB,5569415671,Marbäcksvägen 37,523 31,Ulricehamn,Ulricehamn,0,2025,0,2013,,,Ny kandidat
CARNATOR Industriaktiebolag,5562980705,Platåvägen 32,191 36,Sollentuna,Sollentuna,0,2025,1,1987,,,Ny kandidat
CAM Rekrytering AB,5593029159,Barbro Hörbergs Gata 1 Lgh 1201,412 49,Göteborg,Göteborg,0,2024,0,2021,,,Ny kandidat
Brillante IT AB,5594551813,Hornsbruksgatan,117 34,Stockholm,Stockholm,0,2025,0,2023,,,Ny kandidat
Buna Scholarship & Recruitment AB,5563352565,"c/o Svea Vaccin AB, Roslagsgatan 42",113 54,Stockholm,Stockholm,0,2024,0,1988,,,Ny kandidat
Bumbli Group AB,5595766105,Böttö Fyrs Väg 4,423 41,Torslanda,Göteborg,,,0,2026,,,Ny kandidat
Brålanda M&B AB,5594725920,Wernbomsvägen 9,464 62,Brålanda,Vänersborg,0,2024,0,2024,,,Ny kandidat
Bry omsorg AB,5592518574,Fnyskvägen 3,135 49,Tyresö,Tyresö,0,2025,0,2020,,,Ny kandidat
Bonli Group AB,5593922973,Sveavägen 127,113 49,Stockholm,Stockholm,0,2025,0,2022,,,Ny kandidat
Branzell Solution AB,5593310542,Grankullegatan 53,441 46,Alingsås,Alingsås,0,2025,0,2021,,,Ny kandidat
BrandNation AB,5595003228,Älggatan 10,507 32,Brämhult,Borås,,,0,2024,,,Ny kandidat
Braingap AB,5590809272,Tröskverksvägen 17,125 32,Älvsjö,Stockholm,0,2025,0,2016,,,Ny kandidat
Bracca Consulting Group AB,5593705402,Rökerigränd 3 Lgh 1212,553 22,Jönköping,Jönköping,0,2024,0,2022,,,Ny kandidat
Booshan Solutions AB,5594289422,Hyllie Vattenparksgata 11 a,215 32,Malmö,Malmö,0,2025,0,2023,,,Ny kandidat
Björn Olsson Holding AB,5590947106,Stigen 5,615 30,Valdemarsvik,Valdemarsvik,0,2025,0,2016,,,Ny kandidat
Bluewood AB,5590732540,Fågelsångsgatan 23 Lgh 1001,252 20,Helsingborg,Helsingborg,0,2025,0,2016,,,Ny kandidat
Blue Monday Invest AB,5594657982,Drabantvägen 41 g,132 47,Saltsjö-Boo,Nacka,0,2025,0,2023,,,Ny kandidat
Blu group AB,5593361172,"c/o FASTH, Aschebergsgatan 41 b",411 33,Göteborg,Göteborg,0,2025,0,2021,,,Ny kandidat
Blomdell Invest AB,5567532642,Haga Kyrkogata 26,411 23,Göteborg,Göteborg,0,2025,0,2008,,,Ny kandidat
Blinkstaff AB,5595544957,Alsjöredsvägen 6,443 72,Gråbo,Lerum,,,1-4,2025,,,Ny kandidat
Birk Recruitment & HR AB,5593004244,Boplatsringen 29,138 40,Älta,Nacka,0,2025,0,2021,,,Ny kandidat
Biophavia AB,5569590143,Helgevägen 6,182 54,Djursholm,Danderyd,0,2024,0,2014,,,Ny kandidat
Bikes and cars Gbg AB,5594205964,Beväringsgatan 11,415 24,Göteborg,Göteborg,0,2024,0,2023,,,Ny kandidat
Berra Management AB,5569448128,Ortalavägen 244,764 91,Väddö,Norrtälje,0,2025,0,2013,,,Ny kandidat
Bergslagens Jobbcenter AB,5593250045,Poppelvägen 2 a,774 34,Avesta,Avesta,0,2024,0,2021,,,Ny kandidat
Bengtsson Konsult Sverige AB,5592671589,Timjansgatan 185,754 47,Uppsala,Uppsala,0,2025,0,2020,,,Ny kandidat
Bendt Business AB,5594052986,Tjädergatan 25,426 69,Västra Frölunda,Göteborg,0,2025,0,2022,,,Ny kandidat
Behavioral Scince i Stockholm AB,5592720378,Nidarosgatan 7 Lgh 1201,164 34,Kista,Stockholm,0,2025,0,2020,,,Ny kandidat
BeatiSimus AB,5591595086,Sjöliden 28,393 51,Kalmar,Kalmar,0,2024,1,2018,,,Ny kandidat
Be Proud AB,5592455850,Dalagatan 52,113 24,Stockholm,Stockholm,0,2025,0,2020,,,Ny kandidat
BayInCo Sales & Marketing AB,5595475608,Datavägen 14 a,436 32,Askim,Göteborg,,,0,2025,,,Ny kandidat
Bastide Consulting AB,5567596449,Box 21,182 05,Djursholm,Danderyd,0,2025,0,2008,,,Ny kandidat
Bagge & Carlborg AB,5566806989,Lugna Gatan 54,802 75,Gävle,Gävle,0,2025,0,2005,,,Ny kandidat
Barbarossa Rekrytering & Bemanning AB,5594083247,Sundholmen Sundslid,516 92,Äspered,Borås,0,2025,0,2022,,,Ny kandidat
Barate AB,5594661513,Industrigatan 11,802 83,Gävle,Gävle,0,2025,0,2024,,,Ny kandidat
Banktalanger i Norden AB,5595589564,Klarabergsgatan 60,111 21,Stockholm,Stockholm,,,0,2025,,,Ny kandidat
BaatzConsulting AB,5590753819,Lilla Hovåsvägen 15,436 52,Hovås,Göteborg,0,2024,0,2016,,,Ny kandidat
BS Betong AB,5594868043,Björnstiernas Väg 36 a,176 76,Järfälla,Järfälla,0,2024,1,2024,,,Ny kandidat
BOR AB,5568512163,Uranstigen 12,587 29,Linköping,Linköping,0,2025,0,2011,,,Ny kandidat
BOKA Vårdkompetens i Norden Aktiebolag,5565798708,Pontonjärgatan 3,112 22,Stockholm,Stockholm,0,2025,0,1999,,,Ny kandidat
BL Personal AB,5591567713,Smidesvägen 2,245 34,Staffanstorp,Staffanstorp,0,2025,0,2018,,,Ny kandidat
BJH Consulting AB,5591083992,Rindögatan 10,115 36,Stockholm,Stockholm,0,2025,1,2017,,,Ny kandidat
B-DOOR AB,5592509672,Stockholmsvägen 55 d,181 32,Lidingö,Lidingö,0,2024,0,2020,,,Ny kandidat
Azinter Scandinavia AB,5569801839,"c/o Azinter, Brogatan 23",334 33,Anderstorp,Gislaved,0,2025,0,2014,,,Ny kandidat
Aynos AB,5567859706,Polhemsgatan 18,152 40,Södertälje,Södertälje,0,2025,0,2009,,,Ny kandidat
Axi Temp AB,5595171744,Apotekarevägen 30,237 32,Bjärred,Lomma,,,0,2025,,,Ny kandidat
Awexia Consulting AB,5594545641,Hovslagargatan 5 b,111 48,Stockholm,Stockholm,0,2025,0,2023,,,Ny kandidat
Avoda Baruch Company AB,5592519176,Traktorvägen 2,617 71,Kimstad,Norrköping,0,2025,0,2020,,,Ny kandidat
Avielu AB,5595611822,Rosendalsvägen 4,374 50,Asarum,Karlshamn,,,0,2025,,,Ny kandidat
Avalon Health AB,5593037483,Strandskogsvägen 17,178 41,Ekerö,Ekerö,0,2025,0,2021,,,Ny kandidat
Auto Matchning Sverige AB,5594824632,Isafjordsgatan 39 b,164 40,Kista,Stockholm,0,2025,1-4,2024,,,Ny kandidat
Avento Partners AB,5595464651,Solkraftsvägen 14 a,135 70,Stockholm,Stockholm,,,0,2025,,,Ny kandidat
Avendo AB,5594697384,"c/o AVENDO AB, Ljungheden 1",944 72,Piteå,Piteå,0,2025,0,2024,,,Ny kandidat
Auctus Försvar AB,5595292615,Thorells Gata 12,582 55,Linköping,Linköping,,,0,2025,,,Ny kandidat
Attrahera ledarskap AB,5565231916,Knapehall 34,436 39,Askim,Göteborg,0,2025,1,1995,,,Ny kandidat
Attelas AB,5568509573,Tomegapsgatan 7,223 50,Lund,Lund,0,2025,0,2011,,,Ny kandidat
Atletpoolen AB,5595548735,Gubbkärrsvägen 29 h,168 40,Bromma,Stockholm,,,1-4,2025,,,Ny kandidat
Atlas Care AB,5592435191,S:T Johannesgatan 3 l,211 46,Malmö,Malmö,0,2026,0,2020,,,Ny kandidat
Athletic Solutions i Stockholm AB,5568108723,Båtsmansvägen 29 a,192 48,Sollentuna,Sollentuna,0,2024,0,2010,,,Ny kandidat
Astar Workforce AB,5595888131,Solna Torg 3,171 45,Solna,Solna,,,1-4,2026,,,Ny kandidat
Assistor24 Nordic AB,5595583278,Ångkvarnsvägen 6,178 51,Ekerö,Ekerö,,,0,2025,,,Ny kandidat
Asqill AB,5591274534,Sätraängsvägen 106 Lgh 1101,182 37,Danderyd,Danderyd,0,2025,0,2017,,,Ny kandidat
Aspirantus AB,5591249353,Skogängsvägen 7 a,163 49,Spånga,Stockholm,0,2025,0,2017,,,Ny kandidat
Asianspower AB,5595387571,Östra Ljungby 4308,264 71,Östra Ljungby,Klippan,,,0,2025,,,Ny kandidat
Asentum AB,5594587783,Strömpilsplatsen 11,907 43,Umeå,Umeå,0,2025,1,2023,,,Ny kandidat
Aschan & Co AB,5568033731,Ekmansgatan 7,412 56,Göteborg,Göteborg,0,2025,0,2010,,,Ny kandidat
Asap IT AB,5568090590,Sellerigatan 7,754 49,Uppsala,Uppsala,0,2025,1,2010,,,Ny kandidat
Artist 1 Aktiebolag,5566636469,Norr Mälarstrand 16,112 20,Stockholm,Stockholm,0,2025,0,2004,,,Ny kandidat
Arcus Resurs AB,5590561980,Långgatan 13,541 40,Skövde,Skövde,0,2024,0,2016,,,Ny kandidat
Arc Logic AB,5594694969,Östra Hamngatan 52,411 08,Göteborg,Göteborg,0,2025,0,2024,,,Ny kandidat
Arbetspunkten Sverige AB,5591689988,Slädgatan 7 d D1103,211 75,Malmö,Malmö,0,2024,0,2018,,,Ny kandidat
Arbetspoolen Sverige AB,5591269567,Mejselvägen 44,126 38,Hägersten,Stockholm,0,2025,0,2017,,,Ny kandidat
Arbetskonsulten i Hälsingland AB,5590252374,Kopparbergsvägen 22 a,722 13,Västerås,Västerås,0,2025,0,2015,,,Ny kandidat
Arbetsfokus Sverige AB,5595562447,Industrigatan 68,261 35,Landskrona,Landskrona,,,0,2025,,,Ny kandidat
Arbetscoacherna i Väst AB,5595588350,Bäckgatan 38,432 46,Varberg,Varberg,,,0,2025,,,Ny kandidat
Annika von Sydow Rekrytering AB,5567344071,Norra Folkavi Nygård,719 91,Vintrosa,Lekeberg,0,2024,1,2007,,,Ny kandidat
Anställa Lundin och Carlberg AB,5592153224,"c/o NILS CARLBERG, Lokevägen 12 b",132 35,Saltsjö-Boo,Nacka,0,2025,0,2019,,,Ny kandidat
Anidea AB,5590503925,Vättnedalsvägen 8 a,421 59,Västra Frölunda,Göteborg,0,2025,0,2016,,,Ny kandidat
Angelique Engvall AB,5568347354,Kartvägen 6,136 65,Söderby,Haninge,0,2025,0,2010,,,Ny kandidat
André Hellström Consulting AB,5569039257,Dressyrvägen 31,857 52,Sundsvall,Sundsvall,0,2025,0,2012,,,Ny kandidat
Andersson & Hedell Rekrytering AB,5594513250,Långgatan 13,541 40,Skövde,Skövde,0,2025,0,2023,,,Ny kandidat
Anders Enström Consulting AB,5593588204,Love Almqvists Väg 8,112 53,Stockholm,Stockholm,0,2025,0,2022,,,Ny kandidat
Anatto Group AB,5567145536,Sveavägen 98,113 50,Stockholm,Stockholm,0,2025,0,2006,,,Ny kandidat
Amelias bemanning och städ AB,5595890004,Svartbyleden 57 b,961 40,Boden,Boden,,,5-9,2026,,,Ny kandidat
Alpana AB,5592655178,"c/o SAEED MOHAMMAD HORMOZY, Herrängsvägen 32 a",125 54,Älvsjö,Stockholm,0,2024,0,2020,,,Ny kandidat
Alumni Growth AB,5569577678,Kungsbron 1,111 22,Stockholm,Stockholm,0,2025,0,2014,,,Ny kandidat
Altivo kompetens AB,5595862482,Flormansgatan 10,223 54,Lund,Lund,,,0,2026,,,Ny kandidat
Almacigaträdet AB,5567996144,Sibeliusgången 46,164 72,Kista,Stockholm,0,2025,0,2010,,,Ny kandidat
Alm Karriär AB,5595420604,Rudenschöldsgatan 14 a,417 40,Göteborg,Göteborg,,,0,2025,,,Ny kandidat
Alla Bitar AB,5568479215,Järnåkravägen 5 b Lgh 1301,222 25,Lund,Lund,0,2024,0,2011,,,Ny kandidat
Algot Engström AB,5590051586,Rindögatan 23,115 58,Stockholm,Stockholm,0,2025,1,2015,,,Ny kandidat
Alfa Rekrytering AB,5566927769,Banérgatan 77,115 53,Stockholm,Stockholm,0,2025,1,2005,,,Ny kandidat
Alfa Karriär College AB,5594715657,Fyrspannsgatan 151 Lgh 1202,165 64,Hässelby,Stockholm,0,2025,0,2024,,,Ny kandidat
Alexander Hughes Sweden AB,5567149629,Stureplan 4 4tr,114 35,Stockholm,Stockholm,0,2024,0,2006,,,Ny kandidat
Aletti Rekrytering & Bemanning AB,5595876714,Värdshusvägen 10,145 50,Norsborg,Botkyrka,,,1-4,2026,,,Ny kandidat
Aktiva Jobb i Sverige AB,5592333776,Hisingsgatan 28,417 03,Göteborg,Göteborg,0,2024,0,2019,,,Ny kandidat
Aktiebolaget Söder & Co Region Öst,5568120512,Fabriksgatan 8,503 38,Borås,Borås,0,2025,0,2010,,,Ny kandidat
Aktiebolaget Orpon & Gremeljer AB,5591670012,Filmgatan 19 Lägenhets Nr: 1303,169 33,Solna,Solna,0,2024,1,2018,,,Ny kandidat
Aktiebolag JEP,5593606055,"c/o ISAK LIDSTRÖM, Tarfalavägen 1 f",981 44,Kiruna,Kiruna,0,2024,0,2022,,,Ny kandidat
Akind Horizons AB,5590427281,Gamla Tanneforsvägen 92,582 52,Linköping,Linköping,0,2024,0,2015,,,Ny kandidat
Aidem Ten AB,5592755770,"c/o Jan Pyrell Advokatbyrå, Värendsgatan 43",352 35,Växjö,Växjö,0,2023,0,2020,,,Ny kandidat
AgriPartners Scandinavia AB,5595209593,Sotaregatan 3,621 53,Visby,Gotland,,,0,2025,,,Ny kandidat
Agile Search Group AB,5593257305,Sankt Eriksgatan 48 f,112 34,Stockholm,Stockholm,0,2025,5-9,2021,,,Ny kandidat
Agila School AB,5591765424,"c/o UNITED SPACES, Götgatan 22 a",118 46,Stockholm,Stockholm,0,2023,0,2018,,,Ny kandidat
Ager Solutions AB,5594763111,Katjavägen 4,461 58,Trollhättan,Trollhättan,0,2025,0,2024,,,Ny kandidat
Agentum Rekrytering AB,5591573018,"c/o co Talent Venture Group, Box 3053",103 61,Stockholm,Stockholm,0,2024,0,2018,,,Ny kandidat
Agentia Free Agent Network AB,5568390552,Fårövägen 22 2tr,624 62,Fårösund,Gotland,0,2025,0,2011,,,Ny kandidat
Affect AB,5590726880,Marieholmsgatan 42,415 02,Göteborg,Göteborg,0,2025,0,2016,,,Ny kandidat
Adwork AB,5568875669,Slöjdgatan 9,852 34,Sundsvall,Sundsvall,0,2025,0,2012,,,Ny kandidat
Adiuvamus AB,5595647081,Johanneshovsvägen 112,120 50,Årsta,Stockholm,,,1-4,2025,,,Ny kandidat
Addly Competence AB,5594309881,Södra Fiskartorpsvägen 20,114 33,Stockholm,Stockholm,0,2025,1,2023,,,Ny kandidat
Adding People VG AB,5595404137,Brunnsgatan 20,553 17,Jönköping,Jönköping,,,5-9,2025,,,Ny kandidat
Advante Kliniken AB,5593226227,Tallmossevägen 22,433 50,Öjersjö,Partille,0,2024,0,2021,,,Ny kandidat
Acemil Holding AB,5590085089,Gyllenstiernsgatan 16,115 26,Stockholm,Stockholm,0,2025,0,2015,,,Ny kandidat
AcademNord AB,5594788860,"c/o JOHANNES HOLM, Ulrikedalsvägen 31 e Lgh 1117",224 58,Lund,Lund,0,2025,0,2024,,,Ny kandidat
Abyan Consulting AB,5593715542,Mellangården 6 Lgh 1201,586 43,Linköping,Linköping,0,2025,0,2022,,,Ny kandidat
AT onsite AB,5593265944,Box 8,146 21,Tullinge,Botkyrka,0,2025,0,2021,,,Ny kandidat
AS&B Talents AB,5590379771,Kungsgatan 41,582 18,Linköping,Linköping,0,2025,0,2015,,,Ny kandidat
AP Kraft Bemanning AB,5595646323,Wahlströms Väg 12 h,611 38,Nyköping,Nyköping,,,0,2025,,,Ny kandidat
AIM by Fischer AB,5594118936,"c/o Maria Fischer, Idrottsvägen 13",633 69,Skogstorp,Eskilstuna,0,2024,0,2022,,,Ny kandidat
AI Nordic Search AB,5565731725,Blasieholmsgatan 5 6tr,111 48,Stockholm,Stockholm,0,2025,0,1999,,,Ny kandidat
AI Executive Search Pokorny AB,5592317605,Fasanstigen 3,443 32,Lerum,Lerum,0,2025,0,2019,,,Ny kandidat
AI Executive Search Christian Persson AB,5567835912,Norrlandsgatan 20,111 43,Stockholm,Stockholm,0,2025,0,2009,,,Ny kandidat
AI Executive Search Boke AB,5592317597,Cedergatan 7,426 74,Västra Frölunda,Göteborg,0,2025,0,2019,,,Ny kandidat
AF Appelqvist Consulting AB,5590126818,Riddargatan 70,114 57,Stockholm,Stockholm,0,2025,0,2015,,,Ny kandidat
AD Human AB,5568747348,Södra Vägen 6,412 54,Göteborg,Göteborg,0,2025,0,2011,,,Ny kandidat
AARA AB,5592577406,Fiskmåsvägen 101,123 53,Farsta,Stockholm,0,2025,0,2020,,,Ny kandidat
A.M.B Consulting AB,5569912982,Högvägen 12,131 42,Nacka,Nacka,0,2025,0,2014,,,Ny kandidat
A.H.R recruitment AB,5595531871,Sågspånsgatan 2,416 80,Göteborg,Göteborg,,,0,2025,,,Ny kandidat
A.Ekela AB,5592870835,Eldsundsstråket 9 a Lgh 1203,645 35,Strängnäs,Strängnäs,0,2025,1,2020,,,Ny kandidat
A-Talent Holding Sweden AB,5593149676,Skrivaregatan 21,215 32,Malmö,Malmö,0,2025,0,2021,,,Ny kandidat
A-Talent Group Sweden AB,5592062508,Landsvägen 57 a,172 65,Sundbyberg,Sundbyberg,0,2025,0,2019,,,Ny kandidat
A&S Medical Consulting AB,5593693491,Pon 519-I Billo,106 46,Stockholm,Stockholm,0,2025,0,2022,,,Ny kandidat
280 Talent Group AB,5568644495,Strandvägen 7 a,114 56,Stockholm,Stockholm,0,2025,0,2011,,,Ny kandidat
26by20 Group AB,5592403397,Ugglegården 38,436 58,Hovås,Göteborg,0,2025,0,2020,,,Ny kandidat
1337 Sourcing Sverige AB,5594584764,Klarabergsviadukten 90 Hus c,111 64,Stockholm,Stockholm,0,2025,0,2023,,,Ny kandidat
10X People AB,5590908025,Styckjunkargatan 1,114 35,Stockholm,Stockholm,0,2025,0,2016,,,Ny kandidat
@peopleHub AB,5595410050,Bagargränd 11,128 67,Sköndal,Stockholm,,,0,2025,,,Ny kandidat
4P Consulting AB,5595531095,Slottsgatan 24,211 33,Malmö,Malmö,,,0,2025,,,Ny kandidat
.me Recruitment Partner Sweden AB,5595261701,Sickla Allé 43,131 65,Nacka,Nacka,,,0,2025,,,Ny kandidat
workbee AB,5593165656,"c/o Mikael Rönnqvist, Sandelsgatan 27",115 34,Stockholm,Stockholm,0,2025,0,2021,,,Ny kandidat
uP AB,5593276180,Filipstadsbacken 46,123 43,Farsta,Stockholm,0,2025,1-4,2021,,,Ny kandidat
Zalvi AB,5595761130,Vanadisvägen 2,113 46,Stockholm,Stockholm,,,0,2026,,,Ny kandidat
ZOY CAB Services AB,5595173468,"c/o MUHAMMAD AWAIS UR REHMAN, Box 346",116 74,Stockholm,Stockholm,,,0,2025,,,Ny kandidat
ZMIND Bemanning AB,5590537675,Sjöviksvägen 16,117 60,Stockholm,Stockholm,0,2025,0,2016,,,Ny kandidat
ZLIP Intressenter AB,5566959085,"c/o Enaco AB, Box 1201",164 28,Kista,Stockholm,0,2024,0,2006,,,Ny kandidat
Yuka AB,5595559880,Bjursätragatan 35,124 62,Bandhagen,Stockholm,,,0,2025,,,Ny kandidat
Youradvisors Nordic AB,5591712434,Alströmergatan 36,112 47,Stockholm,Stockholm,0,2024,0,2018,,,Ny kandidat
YOUMI Läkarbemanning AB,5591759906,"c/o UNITED SPACES, Götgatan 22 a",118 46,Stockholm,Stockholm,0,2023,0,2018,,,Ny kandidat
William Widlund AB,5595634147,Sysslomansgatan 11,112 41,Stockholm,Stockholm,,,0,2025,,,Ny kandidat
Wecura Care AB,5595168492,Varuvägen 9,125 30,Älvsjö,Stockholm,0,2025,0,2025,,,Ny kandidat
Work Match Arbetsmarknad Skandinavien AB,5567900765,Sveavägen 168,113 46,Stockholm,Stockholm,0,2024,0,2009,,,Ny kandidat
YARI Transport AB,5592465792,"c/o 7wise advokatbyrå, Kungsgatan 56",111 22,Stockholm,Stockholm,0,2023,0,2020,,,Ny kandidat
XenixPharma AB,5591871404,Bockfjällsvägen 7,163 43,Spånga,Stockholm,0,2024,0,2018,,,Ny kandidat
We Connect Care Sweden AB,5592652142,Sankt Eriksgatan 117,113 43,Stockholm,Stockholm,0,2024,5-9,2020,,,Ny kandidat
WalkUp Sales AB,5595367722,"c/o AKONO AB, Västberga Allé 36 a",126 30,Hägersten,Stockholm,,,0,2025,,,Ny kandidat
WEJ-G Konsult AB,5594518721,"c/o Advokatfirman Schjødt AS, Box 715",101 33,Stockholm,Stockholm,,,0,2023,,,Ny kandidat
WEASSURE Scandinavia Aktiebolag,5569598518,Ringvägen 92,118 60,Stockholm,Stockholm,0,2025,0,2014,,,Ny kandidat
WAIM AB,5591496731,Fyrverkarbacken 38,112 60,Stockholm,Stockholm,0,2026,0,2018,,,Ny kandidat
Vårdstark AB,5591680821,Båtsman Stens Väg 26 a,163 41,Spånga,Stockholm,0,2025,0,2018,,,Ny kandidat
Vårdkraft Sverige AB,5595947390,Sergelgatan 11,111 57,Stockholm,Stockholm,,,0,2026,,,Ny kandidat
Viacare Sverige AB,5590184379,Arvikagatan 31,123 43,Farsta,Stockholm,0,2025,1-4,2015,,,Ny kandidat
Vanadiskonsulterna AB,5593990723,Karlbergsvägen 7,113 27,Stockholm,Stockholm,0,2025,0,2022,,,Ny kandidat
Valora bemanning AB,5594218157,Färögatan 33,164 51,Kista,Stockholm,0,2025,1-4,2023,,,Ny kandidat
Vadar Invest AB,5568487150,Karlbergsvägen 23,113 27,Stockholm,Stockholm,0,2025,0,2011,,,Ny kandidat
UBIL Consulting AB,5592207533,Förmansvägen 25,117 59,Stockholm,Stockholm,0,2026,1,2019,,,Ny kandidat
Trädcompaniet Mälardalen AB,5594730300,Box 527,116 74,Stockholm,Stockholm,0,2026,1,2024,,,Ny kandidat
Thesslin Consulting AB,5591652549,Oskarslundsbacken 28,117 54,Stockholm,Stockholm,0,2025,0,2018,,,Ny kandidat
The Foodfather AB,5594545203,Bäckaskiftsvägen 18,122 42,Enskede,Stockholm,0,2025,1-4,2023,,,Ny kandidat
The First Impression Company Entreprenad AB,5595525741,Brunnsgatan 21,111 38,Stockholm,Stockholm,,,5-9,2025,,,Ny kandidat
TrustBee AB,5591864961,"c/o Keeada AB, Kivra: 5592451958",106 31,Stockholm,Stockholm,0,2025,0,2018,,,Ny kandidat
Texab AB,5561192989,Åsögatan 135,116 24,Stockholm,Stockholm,0,2025,0,1968,,,Ny kandidat
Terapivamio AB,5595778381,Nykvarnsvägen 5,122 64,Enskede,Stockholm,,,0,2026,,,Ny kandidat
Telefonsupporten i Stockholm AB,5594613506,Box 90227,120 23,Stockholm,Stockholm,0,2025,0,2023,,,Ny kandidat
TOPLIMO International AB,5595241307,Vårbergsvägen 75 c,127 43,Skärholmen,Stockholm,,,1-4,2025,,,Ny kandidat
Talent Pool Sweden AB,5594344896,Snödroppsgränd 37,165 74,Hässelby,Stockholm,0,2025,1,2023,,,Ny kandidat
TRIAKO AB,5592418809,Flygfältsgatan 8 d,128 31,Skarpnäck,Stockholm,0,2025,0,2020,,,Ny kandidat
Sverek Socionom AB,5590714787,Kapellgränd 3,116 25,Stockholm,Stockholm,0,2025,0,2016,,,Ny kandidat
Svenska Nordic Safety Group AB,5568114630,Russinvägen 1,123 59,Farsta,Stockholm,0,2025,0,2010,,,Ny kandidat
Svenska Access Solutions AB,5595412247,Sankt Eriksgatan 63,112 34,Stockholm,Stockholm,,,0,2025,,,Ny kandidat
Svensk Personaluthyrning AB,5569466229,Ringvägen 106,116 61,Stockholm,Stockholm,0,2025,0,2013,,,Ny kandidat
Svearoad group AB,5568656218,Stora Skuggans Väg 9 c,115 42,Stockholm,Stockholm,0,2025,0,2011,,,Ny kandidat
Svea Soft Services AB,5595398552,Forshagagatan 25 Lgh 1001,123 31,Farsta,Stockholm,,,0,2025,,,Ny kandidat
Stockholms Infrakonsult AB,5594525775,"c/o WE Advokater, Hantverkargatan 26",112 21,Stockholm,Stockholm,,,0,2023,,,Ny kandidat
Studio Cavallin AB,5594579541,"c/o Simon Cavallin, Burspråksvägen 7",121 47,Johanneshov,Stockholm,0,2024,0,2023,,,Ny kandidat
Star support AB,5591793905,Grev Turegatan 11 a,114 46,Stockholm,Stockholm,0,2025,0,2018,,,Ny kandidat
Stadskraft AB,5567431084,Fågelstavägen 52,124 33,Bandhagen,Stockholm,0,2025,1-4,2007,,,Ny kandidat
Snabbmedia Personal AB,5592925472,Tullvaktsvägen 2,115 56,Stockholm,Stockholm,0,2025,0,2020,,,Ny kandidat
Softronic Dokumentkompetens AB,5566829809,Hammarby Kaj 10 a,120 32,Stockholm,Stockholm,0,2025,0,2005,,,Ny kandidat
Skarpnäck Bilteknik AB,5594474289,Fraktflygargatan 2/18 Mekonomen Bilverkstad,128 30,Skarpnäck,Stockholm,0,2024,1-4,2023,,,Ny kandidat
Show Time Medic AB,5594356072,Eriksbergsgatan 10 1tr,114 30,Stockholm,Stockholm,0,2025,0,2023,,,Ny kandidat
Sharoz Trading AB,5569022188,"c/o MUHAMMAD AWAIS UR REHMAN, Box 346",116 74,Stockholm,Stockholm,0,2024,0,2012,,,Ny kandidat
Sevill AB,5595237529,Katarina Bangata 79,116 42,Stockholm,Stockholm,,,0,2025,,,Ny kandidat
Seven AB,5568939572,Nykroppagatan 38,123 32,Farsta,Stockholm,0,2025,0,2012,,,Ny kandidat
Serviceteamet SWEDEN AB,5594910357,Farstavägen 153,123 32,Farsta,Stockholm,,,1-4,2024,,,Ny kandidat
Sedal Bemanning AB,5594475583,"c/o ARSLAN, Oxelvägen 34 Lgh 1603",138 31,Älta,Stockholm,,,0,2023,,,Ny kandidat
Scandinavian Road Support AB,5568952534,Gimmerstavägen 10,125 71,Älvsjö,Stockholm,0,2025,1,2012,,,Ny kandidat
Sapienta AB,5594136466,Box 7337,103 90,Stockholm,Stockholm,0,2025,0,2022,,,Ny kandidat
Sanaliv Bemanning AB,5593778722,Kungsgatan 8,111 43,Stockholm,Stockholm,0,2024,0,2022,,,Ny kandidat
SV Restaurangkonsult AB,5592940653,Årstaskogs Väg 7 c,117 55,Stockholm,Stockholm,0,2025,0,2020,,,Ny kandidat
SOMAO AB,5591103501,Tensta Allé 44 5tr,163 64,Spånga,Stockholm,0,2025,0,2017,,,Ny kandidat
SABHAN AB,5594079898,Helsingörsgatan 37,164 44,Kista,Stockholm,0,2025,0,2022,,,Ny kandidat
S Clean & Bemanning 4 U AB,5590280862,Sankt Eriksgatan 66,113 20,Stockholm,Stockholm,0,2025,0,2015,,,Ny kandidat
Roleho I AB,5595059204,Karlbergsvägen 46 a,113 37,Stockholm,Stockholm,,,0,2024,,,Ny kandidat
Respons Bemanning Sverige AB,5593547663,Götgatan 59 a,116 21,Stockholm,Stockholm,0,2025,0,2021,,,Ny kandidat
Requiped AB,5593281982,Terrassvägen 9,167 52,Bromma,Stockholm,0,2025,0,2021,,,Ny kandidat
Restaurang Maestro AB,5590289822,Ringvägen 82,118 60,Stockholm,Stockholm,0,2025,0,2015,,,Ny kandidat
Rena Teknik Sverige AB,5595936187,Grimstagatan 59,162 57,Vällingby,Stockholm,,,0,2026,,,Ny kandidat
Rekpartner AB,5595474676,Sibeliusgången 24,164 77,Kista,Stockholm,,,0,2025,,,Ny kandidat
Reflekt Bemanning AB,5592991565,Götgatan 22 a,118 46,Stockholm,Stockholm,0,2024,0,2021,,,Ny kandidat
Red Dog Consulting AB,5569603680,Erik Dahlbergsgatan 19,114 31,Stockholm,Stockholm,0,2025,0,2014,,,Ny kandidat
RKD Transport & Bemanning AB,5595143248,Kanngjutargränd 1 Lgh 2006,162 57,Vällingby,Stockholm,,,20-49,2025,,,Ny kandidat
R&B Teamwork AB,5594256801,Bjursätragatan 92,124 64,Bandhagen,Stockholm,0,2025,0,2023,,,Ny kandidat
Qvikargo AB,5569139271,Odengatan 104,113 22,Stockholm,Stockholm,0,2025,0,2012,,,Ny kandidat
QuraZone Finland Ab Filial,5164089731,"c/o Certivo, Klyftvägen 11",167 33,Bromma,Stockholm,,,0,2014,,,Ny kandidat
QDV Consulting AB,5592947658,Tappvägen 29,168 78,Bromma,Stockholm,0,2024,0,2021,,,Ny kandidat
Provantum AB,5593157315,Ölmevägen 36,123 32,Farsta,Stockholm,0,2025,0,2021,,,Ny kandidat
Prometheus Bemanning AB,5594250903,Holbergsgatan 179,168 45,Bromma,Stockholm,0,2025,0,2023,,,Ny kandidat
Prokansa AB,5568975808,"c/o Wassberg, Johan Skyttes Väg 202",125 34,Älvsjö,Stockholm,0,2025,0,2012,,,Ny kandidat
Proffs Bygg Mälardalen AB,5592617194,Box 7720,103 95,Stockholm,Stockholm,0,2024,0,2020,,,Ny kandidat
Priman Build AB,5595593657,Kungsbro Strand 29,112 26,Stockholm,Stockholm,,,1-4,2025,,,Ny kandidat
Prefabvision AB,5593715120,"c/o PREFABVISION BEMANNING AB, Hammarby Allé 15 a",120 32,Stockholm,Stockholm,,,0,2022,,,Ny kandidat
PortPro AB,5566966247,Boktryckarvägen 40,129 33,Hägersten,Stockholm,0,2025,0,2006,,,Ny kandidat
Poolia Solutions AB,5565588141,Vasagatan 7,111 20,Stockholm,Stockholm,0,2024,1-4,1998,,,Ny kandidat
Pokayoke Drift AB,5595268557,Warfvinges Väg 29,112 51,Stockholm,Stockholm,0,2025,0,2025,,,Ny kandidat
Pharma Team Sweden AB,5591243943,Lupinvägen 1 a,165 59,Hässelby,Stockholm,0,2025,0,2017,,,Ny kandidat
Perper Stockholm AB,5565556221,Skedviksvägen 50,120 54,Årsta,Stockholm,0,2024,0,1998,,,Ny kandidat
Perlborg Event Crew AB,5590338702,Sandalmakarbacken 13,126 39,Hägersten,Stockholm,0,2024,0,2015,,,Ny kandidat
Peak Vitality Ventures AB,5593524571,Fyrskeppsvägen 65,121 54,Johanneshov,Stockholm,0,2024,0,2021,,,Ny kandidat
Paloma matcafé och catering AB,5595689240,Rålambsvägen 72,112 56,Stockholm,Stockholm,,,1-4,2026,,,Ny kandidat
"Oy Doratone Ab, Finland Filial",5164046517,Kungsholmstorg 13 a,112 21,Stockholm,Stockholm,,,0,2008,,,Ny kandidat
Oskars bemanning AB,5595046862,"c/o Flood Herslow Holme Advokatbyrå AB, Box 7615",103 94,Stockholm,Stockholm,,,0,2024,,,Ny kandidat
Orient Konsult AB,5592819584,Hjällbybacken 20,163 70,Spånga,Stockholm,0,2024,0,2020,,,Ny kandidat
OY DORATONE AB,5020632757,Kungsholmstorg 13 a 6tr,112 21,Stockholm,Stockholm,,,0,2005,,,Ny kandidat
OS02 Måleri & Fastighetsservice AB,5569636078,Zinkens Väg 59,117 41,Stockholm,Stockholm,0,2025,1,2014,,,Ny kandidat
Nordvan AB,5595799098,Olshammarsgatan 17,124 75,Bandhagen,Stockholm,,,1-4,2026,,,Ny kandidat
Nursehouse Consulting AB,5569094823,Gyllenstiernsgatan 14,115 26,Stockholm,Stockholm,0,2025,0,2012,,,Ny kandidat
Nova Nexus Bemanning AB,5595758565,Sotingeplan 30,163 61,Spånga,Stockholm,,,1-4,2026,,,Ny kandidat
Nothing to see here AB,5595786483,Pär Lagerkvists Gata 2,112 15,Stockholm,Stockholm,,,1-4,2026,,,Ny kandidat
Nordiqe AB,5593145377,Trondheimsgatan 5 Lgh 1105,164 32,Kista,Stockholm,0,2025,0,2021,,,Ny kandidat
Nordic Sales Development AB,5593403727,Kaggeholmsvägen 29,122 60,Enskede,Stockholm,0,2024,0,2021,,,Ny kandidat
NordFönster & Dörr Service AB,5595759811,Vita Liljans Väg 81 Lgh 1202,127 60,Skärholmen,Stockholm,,,0,2026,,,Ny kandidat
Nord Vess AB,5595763268,Krossgatan 25,162 50,Vällingby,Stockholm,,,10-19,2026,,,Ny kandidat
Nexgen Solutions AB,5590779913,Surbrunnsgatan 34 a Lgh 1301,113 48,Stockholm,Stockholm,0,2025,0,2016,,,Ny kandidat
Nepo Bemanning AB,5595623900,"c/o Riskornet AB, Box 7438",103 91,Stockholm,Stockholm,,,5-9,2025,,,Ny kandidat
NaMi Personaluthyrning AB,5592650260,Helgestavägen 72,125 41,Älvsjö,Stockholm,0,2025,0,2020,,,Ny kandidat
NPP Holding AB,5595547067,Bergsundsgatan 5,117 37,Stockholm,Stockholm,,,0,2025,,,Ny kandidat
N&J entreprenad AB,5595851444,Skäftingebacken 30 Lgh 1203,163 67,Spånga,Stockholm,,,1-4,2026,,,Ny kandidat
Mykos Rental AB,5592709249,Stensätravägen 9,127 39,Skärholmen,Stockholm,0,2025,0,2020,,,Ny kandidat
Mycket & Mera AMA AB,5590821681,Arkitektvägen 36,168 32,Bromma,Stockholm,0,2024,0,2016,,,Ny kandidat
Momental AB,5592789282,Norrtullsgatan 30 Lgh 1503,113 45,Stockholm,Stockholm,0,2025,0,2020,,,Ny kandidat
Meduration AB,5590193131,Ringvägen 50 b,118 67,Stockholm,Stockholm,0,2024,0,2015,,,Ny kandidat
Medrelief Sverige AB,5591052526,Oslogatan 26,164 31,Kista,Stockholm,0,2024,0,2017,,,Ny kandidat
Medcura Holding AB,5569588741,Sturegatan 56,114 36,Stockholm,Stockholm,0,2024,0,2014,,,Ny kandidat
MedTalent AB,5568497605,Grev Turegatan 8 b,114 46,Stockholm,Stockholm,0,2025,0,2011,,,Ny kandidat
Mayo Enterprises AB,5594123456,Nekvägen 29 Lgh 1008,163 57,Spånga,Stockholm,0,2023,0,2022,,,Ny kandidat
Mildén Maskin och Entreprenad AB,5595808675,Halmstadsvägen 55,121 53,Johanneshov,Stockholm,,,1-4,2026,,,Ny kandidat
Mercil Group AB,5595198978,Drakenbergsgatan 55,117 41,Stockholm,Stockholm,,,0,2025,,,Ny kandidat
Manymore AB,5593981599,Postfack 2177,116 74,Stockholm,Stockholm,0,2025,0,2022,,,Ny kandidat
Mandem AB,5592033087,Lilla Bantorget 1,111 23,Stockholm,Stockholm,0,2024,0,2019,,,Ny kandidat
Mamsen Barnmorskemottagning AB,5592700164,Nordkapsgatan 11,164 36,Kista,Stockholm,0,2025,0,2020,,,Ny kandidat
Maandag Nordic AB,5594825522,Birger Jarlsgatan 57,113 56,Stockholm,Stockholm,0,2024,3,2024,,,Ny kandidat
MM.O Service AB,5592343072,"c/o Wåhlin Advokater AB, Nybrogatan 39",114 39,Stockholm,Stockholm,0,2023,0,2019,,,Ny kandidat
MA Linked AB,5595812032,Murarvägen 12,168 33,Bromma,Stockholm,,,1-4,2026,,,Ny kandidat
M & M SKHLM Invest AB,5595064238,Bredholmsgatan 4,127 48,Skärholmen,Stockholm,0,2026,0,2024,,,Ny kandidat
Lukas Sandelin AB,5593745556,Humlegårdsgatan 19 b,114 46,Stockholm,Stockholm,0,2025,1,2022,,,Ny kandidat
Lord Nelson Holding AB,5590569439,"c/o Kristoffer Tinglöf, Wivalliusgatan 21",112 60,Stockholm,Stockholm,0,2024,0,2016,,,Ny kandidat
Logiway Bygglogistik AB,5594105040,"c/o Advokatfirman Fylgia, Box 55555",102 04,Stockholm,Stockholm,0,2024,0,2022,,,Ny kandidat
Linkio AB,5591225502,Avestagatan 14 Lgh 1301,163 50,Spånga,Stockholm,0,2025,0,2017,,,Ny kandidat
Lepastel AB,5563656726,Box 24224,104 51,Stockholm,Stockholm,0,2025,0,1989,,,Ny kandidat
Linde Ek AB,5591659981,Erstagatan 1 b,116 28,Stockholm,Stockholm,0,2026,0,2018,,,Ny kandidat
Limogroup Sweden Bemanning AB,5595568089,Ormängsgatan 49,165 56,Hässelby,Stockholm,,,0,2025,,,Ny kandidat
Libra Care AB,5591148886,Kapellgränd 3,116 25,Stockholm,Stockholm,0,2025,1-4,2017,,,Ny kandidat
Lagom AB,5593878696,Mailbox 310,111 73,Stockholm,Stockholm,0,2025,0,2022,,,Ny kandidat
LT Vårdbolag AB,5594822602,Langelandsgatan 43,164 43,Kista,Stockholm,0,2025,0,2024,,,Ny kandidat
Latino Lounge AB,5568434178,Svartviksslingan 56,168 37,Bromma,Stockholm,0,2025,0,2011,,,Ny kandidat
Larstorp Invest AB,5590908470,Sjöviksbacken 14,117 54,Stockholm,Stockholm,0,2025,0,2016,,,Ny kandidat
Kungården Aktivitet AB,5567755334,"c/o YAMAN, Inteckningsvägen 8",129 31,Hägersten,Stockholm,0,2025,1,2009,,,Ny kandidat
Kungsholmens IT AB,5595493528,Fleminggatan 22 c,112 32,Stockholm,Stockholm,,,1-4,2025,,,Ny kandidat
Kraftio AB,5594534884,Johan Skyttes Väg 203,125 34,Älvsjö,Stockholm,0,2025,0,2023,,,Ny kandidat
Key People AB,5566733548,Västra Järnvägsgatan 15 11tr,111 64,Stockholm,Stockholm,0,2024,1,2004,,,Ny kandidat
KOCKBO laget AB,5590642707,Stenhuggarvägen 22,167 54,Bromma,Stockholm,0,2025,0,2016,,,Ny kandidat
KANDA Group AB,5594403452,"c/o Quick Office, Telefonvägen 30",126 26,Hägersten,Stockholm,0,2024,0,2023,,,Ny kandidat
Joursec AB,5594406513,Bäverdammsgränd 11 Lgh 1201,124 63,Bandhagen,Stockholm,0,2025,0,2023,,,Ny kandidat
JOTK Projekt AB,5591514194,"c/o Advokatfirman Fylgia KB, Box 55555",102 04,Stockholm,Stockholm,0,2022,0,2018,,,Ny kandidat
Ivalo AB,5593359069,Sibeliusgången 20,164 77,Kista,Stockholm,0,2024,0,2021,,,Ny kandidat
Inter Resource AB,5568614902,Spånga Torg 9,163 51,Spånga,Stockholm,0,2024,1-4,2011,,,Ny kandidat
Integrationskraft för Sverige AB,5592234529,Stora Kvinns Väg 66,125 59,Älvsjö,Stockholm,0,2024,0,2019,,,Ny kandidat
Inhouse International AB,5567186225,Blasieholmsgatan 4 a,111 48,Stockholm,Stockholm,0,2025,0,2006,,,Ny kandidat
Ingvaldsson Hälso och sjukvårdstjänst AB,5591277099,Sibeliusgången 36 1 Tr,164 72,Kista,Stockholm,0,2025,1,2017,,,Ny kandidat
IEB konsult AB,5591367148,Östermalmsgatan 68 e 3tr,114 50,Stockholm,Stockholm,0,2025,0,2017,,,Ny kandidat
Hälsokontroll Sverige AB,5595452151,Saltholmsgränd 8 Lgh 1001,164 46,Kista,Stockholm,,,0,2025,,,Ny kandidat
Hägerstens Bemanning AB,5591610471,Box 8257,163 08,Spånga,Stockholm,0,2025,0,2018,,,Ny kandidat
Hug bear AB,5591084180,Hagagatan 4,113 48,Stockholm,Stockholm,0,2025,1-4,2017,,,Ny kandidat
Hotell & Restaurang Bemanning Sverige AB,5569063695,Tellusgången 19 1tr,126 26,Hägersten,Stockholm,0,2024,0,2012,,,Ny kandidat
Homazo Stockholm AB,5568977473,Flygfältsgatan 1,128 30,Skarpnäck,Stockholm,0,2015,0,2012,,,Ny kandidat
Herrskapet Event AB,5590612213,"c/o KUND-ID FSX1243, Fe 301",105 69,Stockholm,Stockholm,0,2025,0,2016,,,Ny kandidat
HeadChefs 24 AB,5594983313,Odengatan 72,113 22,Stockholm,Stockholm,,,0,2024,,,Ny kandidat
Head Agent Tech Nordics AB,5593249419,Brahegatan 10,114 37,Stockholm,Stockholm,0,2025,0,2021,,,Ny kandidat
Hasanah AB,5592775000,Ekholmsvägen 202 1tr,127 51,Skärholmen,Stockholm,0,2024,0,2020,,,Ny kandidat
Happy People in the Morning Holding AB,5566805247,Plantskolevägen 11,122 38,Enskede,Stockholm,0,2025,2,2005,,,Ny kandidat
Hansson Consulting Media Group AB,5594738550,Regeringsgatan 87,111 39,Stockholm,Stockholm,,,0,2024,,,Ny kandidat
Handan Uludag AB,5593922403,Sonja Kovalevskys Gata 11,113 65,Stockholm,Stockholm,0,2025,1-4,2022,,,Ny kandidat
HS El Kallaf All Service AB,5593373870,Skogsslingan 37,127 41,Skärholmen,Stockholm,0,2025,0,2021,,,Ny kandidat
HFH Holding AB,5569796765,Valhallavägen 155,115 31,Stockholm,Stockholm,0,2025,0,2014,,,Ny kandidat
HCRS Sweden AB,5593211021,"c/o Ahmed Fekri, Stävholmsgränd 23",127 49,Skärholmen,Stockholm,0,2025,0,2021,,,Ny kandidat
HAD Med on Call AB,5569708968,Sjöviksvägen 23,117 60,Stockholm,Stockholm,0,2025,0,2014,,,Ny kandidat
Gündüz Harman AB,5590821731,Konsumentvägen 9,125 30,Älvsjö,Stockholm,0,2025,0,2016,,,Ny kandidat
Goat Island AB,5565804225,Dalgränd 50,121 30,Enskededalen,Stockholm,0,2025,0,2000,,,Ny kandidat
GoBro Röntgen AB,5594296161,Piltgränd 7 b,163 54,Spånga,Stockholm,0,2025,0,2023,,,Ny kandidat
GlintIT AB,5595437111,Sandviksvägen 30,165 65,Hässelby,Stockholm,,,1-4,2025,,,Ny kandidat
Giggle AB,5590992433,Karlbergsvägen 9,113 27,Stockholm,Stockholm,0,2025,0,2017,,,Ny kandidat
Geo & James Consulting AB,5594282633,Gjörwellsgatan 47,112 60,Stockholm,Stockholm,0,2025,0,2023,,,Ny kandidat
Gustav Orrevad AB,5594617929,Samaritgränd 9,118 53,Stockholm,Stockholm,0,2025,0,2023,,,Ny kandidat
Grimstapojkarnas Bemanning AB,5592946882,Ormängsgatan 63 a,165 56,Hässelby,Stockholm,0,2024,0,2021,,,Ny kandidat
Gazella HR AB,5595343046,Västra Järnvägsgatan 23,111 64,Stockholm,Stockholm,0,2025,0,2025,,,Ny kandidat
GaiaMed AB,5593434938,Solberga Hagväg 7,125 44,Älvsjö,Stockholm,0,2025,0,2021,,,Ny kandidat
GSK Bemanning AB,5595647909,Konsumentvägen 9,125 30,Älvsjö,Stockholm,,,10-19,2025,,,Ny kandidat
GE Familjestöd Stockholm AB,5592677263,Jaktgatan 27,115 45,Stockholm,Stockholm,0,2025,0,2020,,,Ny kandidat
Fru Kuisma AB,5592467855,Prästgårdsgränd 13,125 44,Älvsjö,Stockholm,0,2024,0,2020,,,Ny kandidat
Fresh Consulting AB,5568853088,Klyftvägen 1,167 33,Bromma,Stockholm,0,2025,0,2012,,,Ny kandidat
Fourmitech AB,5594938291,Crn 118-Z Billo,106 46,Stockholm,Stockholm,,,0,2024,,,Ny kandidat
FlexiNova AB,5568243447,Förrådsgränd 7,162 50,Vällingby,Stockholm,0,2025,1-4,2010,,,Ny kandidat
Fleming elit Nursing AB,5593776445,"c/o Walthon Advokater, Box 5137",102 43,Stockholm,Stockholm,0,2025,0,2022,,,Ny kandidat
Finero Sverige AB,5595690198,Karlavägen 64,114 49,Stockholm,Stockholm,,,0,2026,,,Ny kandidat
Fernquist & Co AB,5569334336,Frejgatan 91,113 26,Stockholm,Stockholm,0,2025,0,2013,,,Ny kandidat
Famcare AB,5590714936,Svarvargatan 18,112 49,Stockholm,Stockholm,0,2024,0,2016,,,Ny kandidat
FSL Entreprenad AB,5595764837,Fsl Entreprenad Ab Box 426,116 74,Stockholm,Stockholm,,,1-4,2026,,,Ny kandidat
FABRI GLOBAL AB,5594216664,"c/o LINDSKOG MALMSTRÖM ADVOKATBYRÅ, Box 27707",115 91,Stockholm,Stockholm,,,0,2023,,,Ny kandidat
Etana Bemanning AB,5567581672,Vitalisvägen 3,112 55,Stockholm,Stockholm,0,2025,1-4,2008,,,Ny kandidat
Estetiska Institutet Stockholm AB,5592569874,Kungstensgatan 2,114 25,Stockholm,Stockholm,0,2025,0,2020,,,Ny kandidat
Epsilon Solutions AB,5595421560,Box 5385,102 49,Stockholm,Stockholm,,,1-4,2025,,,Ny kandidat
Enfermeras unidas AB,5594225921,"c/o Charca Torres, Vällingbyvägen 81",162 63,Vällingby,Stockholm,0,2025,0,2023,,,Ny kandidat
Embera AB,5595775312,Södermannagatan 34,116 40,Stockholm,Stockholm,,,0,2026,,,Ny kandidat
Elmi Solutions AB,5595350884,Skogängsvägen 13 b,163 49,Spånga,Stockholm,0,2025,0,2025,,,Ny kandidat
EliteStaff Connect AB,5594715764,Stångholmsbacken 65,127 40,Skärholmen,Stockholm,,,0,2024,,,Ny kandidat
El Amrani förvaltning AB,5567949499,Bredängs Allé 4 Bv,127 32,Skärholmen,Stockholm,0,2025,1-4,2009,,,Ny kandidat
EP Utveckling AB,5595205500,Medelpadsgatan 2,162 53,Vällingby,Stockholm,,,0,2025,,,Ny kandidat
EL-Katpro AB,5595295352,"c/o ViRedo, Box 55642",102 14,Stockholm,Stockholm,0,2025,0,2025,,,Ny kandidat
EAST Management AB (publ),5590877980,Stureplan 13,111 45,Stockholm,Stockholm,0,2025,0,2016,,,Ny kandidat
E.N Creations AB,5595001420,Tångvägen 38,126 42,Hägersten,Stockholm,0,2025,1-4,2024,,,Ny kandidat
Du och Jag AB,5595731307,Smedshagsvägen 14 Lgh 1104,165 73,Hässelby,Stockholm,,,0,2026,,,Ny kandidat
Desk Doubler AB,5561706432,Kommendörsgatan 30,114 48,Stockholm,Stockholm,0,2025,0,1972,,,Ny kandidat
Dempliou AB,5595437244,Smedjevägen 1 Lgh 1001,167 32,Bromma,Stockholm,,,1-4,2025,,,Ny kandidat
Delta Bemanning AB,5595873547,Box 2910,116 74,Stockholm,Stockholm,,,1-4,2026,,,Ny kandidat
Delluna AB,5594749078,Nordmarksvägen 17 b,123 72,Farsta,Stockholm,0,2025,0,2024,,,Ny kandidat
DIN-DIN Club Holding AB,5593288482,"c/o DIN-DIN Club City AB, Mailbox 3343",112 73,Stockholm,Stockholm,0,2025,1-4,2021,,,Ny kandidat
DAMEX Bemanning AB,5592576812,Gulddragargränd 6,162 58,Vällingby,Stockholm,0,2025,0,2020,,,Ny kandidat
Competence Partner Stockholm AB,5593563785,Linnégatan 90 Nb,115 23,Stockholm,Stockholm,0,2025,0,2021,,,Ny kandidat
CareMarket Nordic Life Sciences Aktiebolag,5595685438,Upplandsgatan 6,111 23,Stockholm,Stockholm,,,0,2026,,,Ny kandidat
Care AF Forselles AB,5594136581,Beckombergavägen 220,168 61,Bromma,Stockholm,0,2025,0,2022,,,Ny kandidat
Capsensa AB,5591262570,Rorgängargatan 28,120 70,Stockholm,Stockholm,0,2025,0,2017,,,Ny kandidat
CTRL Transport AB,5594931296,Torshamnsgatan 27,164 40,Kista,Stockholm,0,2025,0,2024,,,Ny kandidat
ByggExpertise Sverige AB,5569662231,"c/o The Works Sweden AB, Medborgarplatsen 25",118 72,Stockholm,Stockholm,0,2023,0,2014,,,Ny kandidat
Bukowina Flytt AB,5595759647,Hypoteksvägen 43,129 30,Hägersten,Stockholm,,,5-9,2026,,,Ny kandidat
Boson & Bemanning AB,5568169394,Box 6282,102 34,Stockholm,Stockholm,0,2024,0,2010,,,Ny kandidat
Blå Bemanning & Rekrytering AB,5595848499,Virkesvägen 5 e,120 78,Stockholm,Stockholm,,,10-19,2026,,,Ny kandidat
Bimo el-installation och service AB,5594026725,Eksätravägen 514,127 38,Skärholmen,Stockholm,0,2025,0,2022,,,Ny kandidat
Big Swing Agency AB,5590784152,Mailbox 606,114 11,Stockholm,Stockholm,0,2025,0,2016,,,Ny kandidat
Baran Group AB,5594956996,Köpenhamnsgatan 16,164 42,Kista,Stockholm,,,0,2024,,,Ny kandidat
Aviona Care AB,5590655758,Linnégatan 77,114 60,Stockholm,Stockholm,0,2025,1-4,2016,,,Ny kandidat
Aurovia AB,5595534404,"c/o Ella Lindgren, Box 468",116 74,Stockholm,Stockholm,,,1-4,2025,,,Ny kandidat
Anna Trovik Consulting AB,5590096524,Runtunavägen 32,125 40,Älvsjö,Stockholm,0,2025,1,2015,,,Ny kandidat
Alexandra de la Cruz AB,5591027262,Finngrundsvägen 5,121 32,Enskededalen,Stockholm,0,2024,0,2017,,,Ny kandidat
Aldelia Sweden AB,5595593699,Grev Turegatan 30,114 38,Stockholm,Stockholm,,,1-4,2025,,,Ny kandidat
AlandIT AB,5590992748,Bondegatan 69,116 34,Stockholm,Stockholm,0,2024,0,2017,,,Ny kandidat
Allo Event AB,5595476549,Bjursätragatan 77,124 63,Bandhagen,Stockholm,,,1-4,2025,,,Ny kandidat
Advokatfirman Sandart AB,5566917687,Norrlandsgatan 20,111 43,Stockholm,Stockholm,0,2025,28,2005,,,Ny kandidat
Acore AB,5592473077,Flöjelgatan 8,167 65,Bromma,Stockholm,0,2025,1,2020,,,Ny kandidat
AS Tjänst AB,5595733535,Grimstagatan 72 Lgh 1102,162 56,Vällingby,Stockholm,,,0,2026,,,Ny kandidat
ALJ Group AB,5595455881,Folkungagatan 61,116 22,Stockholm,Stockholm,,,0,2025,,,Ny kandidat
AK Human Resources AB,5593997827,"c/o MARIKA VON KÜHN, AK HUMAN, Box 341 Resources Ab",116 74,Stockholm,Stockholm,0,2024,1,2022,,,Ny kandidat
AA Euro Sweden AB,5590900824,Riddargatan 12 a 5tr,114 35,Stockholm,Stockholm,0,2024,0,2016,,,Ny kandidat
Ågesta resource AB,5590013008,Vilan 19,148 95,Muskö,Haninge,0,2025,0,2015,,,Ny kandidat
Zyntra Finans AB,5595472217,Box 98,135 22,Tyresö,Tyresö,0,2025,0,2025,,,Ny kandidat
Zeus bemanning AB,5595475384,Ursviksvägen 127 c,174 46,Sundbyberg,Sundbyberg,,,0,2025,,,Ny kandidat
iConverksamheterna utveckling AB,5595467290,Lostigen 4,170 75,Solna,Solna,,,0,2025,,,Ny kandidat
Zeldar AB,5569238016,Venngarn 407,193 38,Sigtuna,Sigtuna,0,2025,0,2013,,,Ny kandidat
YoHoo AB,5591904528,Sikgatan 16 Lgh 1101,133 44,Saltsjöbaden,Nacka,0,2024,0,2019,,,Ny kandidat
YADO Holding AB,5590966338,"c/o Kullberg, Vinthundsgatan 34",174 41,Sundbyberg,Sundbyberg,0,2025,0,2017,,,Ny kandidat
Xllenta Global People AB,5595622225,Winborgs Väg 19,131 60,Nacka,Nacka,,,10-19,2025,,,Ny kandidat
Xllenta Frontdesk Services AB,5595622217,Winborgs Väg 19,131 60,Nacka,Nacka,,,20-49,2025,,,Ny kandidat
XIFAL Service Aktiebolag,5569771404,Toppstigen 5,149 51,Nynäshamn,Nynäshamn,0,2025,2,2014,,,Ny kandidat
Workforce One AB,5569640898,Snapphanevägen 104,177 54,Järfälla,Järfälla,0,2025,0,2014,,,Ny kandidat
Workforce Bemanning Sverige AB,5567009708,Neptunusvägen 6,761 64,Norrtälje,Norrtälje,0,2025,0,2006,,,Ny kandidat
Wilfred Holding AB,5569105843,Grottestigen 3,182 68,Djursholm,Danderyd,0,2025,0,2012,,,Ny kandidat
White Orkid Aktiebolag,5565996922,"c/o Företagssupport i Solna AB, Box 7018",170 07,Solna,Solna,0,2025,0,2001,,,Ny kandidat
Whamboo Game Lab AB,5569530974,Fruviks Gårds Väg 19,139 34,Värmdö,Värmdö,0,2025,0,2013,,,Ny kandidat
Wersa Medical AB,5591917629,Ebba Bååts Torg 11 Lgh 1501,141 51,Huddinge,Huddinge,0,2025,1,2019,,,Ny kandidat
Wedeko Bemanning AB,5591832208,Näckrosvägen 38 Lgh 1001,169 37,Solna,Solna,0,2025,0,2018,,,Ny kandidat
Wcare Nurse AB,5591634869,Vallavägen 127 3 Tr Lgh 0066,136 41,Handen,Haninge,0,2024,0,2018,,,Ny kandidat
Wandi Capital AB,5593602872,Sågstuvägen 1 m,141 49,Huddinge,Huddinge,0,2024,0,2022,,,Ny kandidat
Wana Holding AB,5591984785,Gustav Adolfsvägen 13,141 32,Huddinge,Huddinge,0,2025,0,2019,,,Ny kandidat
Wan Jie Restuarang i Sollentuna AB,5590298377,Bergsvägen 5 Lgh 1101,148 30,Ösmo,Nynäshamn,0,2024,0,2015,,,Ny kandidat
Vårdgruppen Stockholm AB,5594741570,Odenvägen 3,194 63,Upplands Väsby,Upplands Väsby,0,2025,0,2024,,,Ny kandidat
Väddö Consulting AB,5567258933,Videvägen 13,764 30,Väddö,Norrtälje,0,2025,1,2007,,,Ny kandidat
Valleyman Invest AB,5567875215,Blokakärrsvägen 6,762 98,Edsbro,Norrtälje,0,2025,1,2009,,,Ny kandidat
Velora AB,5595416719,Blockstensvägen 124 Lgh 1003,137 65,Jordbro,Haninge,,,1-4,2025,,,Ny kandidat
VSTM Bilservice souvenirer AB,5594041948,"c/o FEDAA ALSHIKH, Dåntorpsvägen 33 Hj",136 50,Jordbro,Haninge,0,2023,0,2022,,,Ny kandidat
V Expert AB,5594398082,Kikarvägen 8,175 46,Järfälla,Järfälla,0,2024,1-4,2023,,,Ny kandidat
Uppland's Bemanning AB,5594854761,"c/o Cristian Dobrescu, Blåviolstigen 2 c",197 34,Bro,Upplands-Bro,0,2025,0,2024,,,Ny kandidat
UB Bemanning AB,5590582176,Aspnäsvägen 10,181 43,Lidingö,Lidingö,0,2024,0,2016,,,Ny kandidat
Tvättia Bemanning AB,5595386888,Parmvägen 10 a,187 53,Täby,Täby,,,10-19,2025,,,Ny kandidat
Ulfsberger konsult AB,5594722299,Stora Benhamra 25 b,186 97,Brottby,Vallentuna,0,2026,0,2024,,,Ny kandidat
Toppnivå Service Stockholm AB,5594942210,Skogshemsvägen 8,141 41,Huddinge,Huddinge,0,2025,0,2024,,,Ny kandidat
Tongkath Konsulter AB,5593389629,Rönningevägen 55 Lgh 1001,144 64,Rönninge,Salem,0,2025,0,2021,,,Ny kandidat
The Motion Sweden AB,5568626492,Näverstigen 19,147 52,Tumba,Botkyrka,0,2025,1-4,2011,,,Ny kandidat
Termino C 15512 AB,5595416131,"c/o Citadellet Likvidationer AB, Strandgatan 7",185 32,Vaxholm,Vaxholm,,,0,2025,,,Ny kandidat
Telda Consulting AB,5594580085,Ottarvägen 14,179 75,Skå,Ekerö,0,2025,0,2023,,,Ny kandidat
Tanno Trading AB,5593193930,Knalleborgsvägen 10 a,178 35,Ekerö,Ekerö,0,2025,0,2021,,,Ny kandidat
Tandvård i Solna AB,5569969545,"c/o Ivanova, Abborrvägen 16",134 63,Ingarö,Värmdö,0,2023,0,2014,,,Ny kandidat
TT Multum in parvo AB,5569929770,"c/o U.A.D, Värmdövägen 120",131 56,Nacka,Nacka,0,2023,0,2014,,,Ny kandidat
TINLAB AB,5591705974,Antennvägen 12 b,135 48,Tyresö,Tyresö,0,2025,0,2018,,,Ny kandidat
Södertörns Entreprenad AB,5569809691,Gärdsviksvägen 11,184 95,Ljusterö,Österåker,0,2024,0,2014,,,Ny kandidat
Särnmark Rehab Aktiebolag,5565702742,Box 1393,171 27,Solna,Solna,0,2025,0,1999,,,Ny kandidat
Syster Lollo AB,5594072794,Soltorpsvägen 38,147 32,Tumba,Botkyrka,0,2025,1,2022,,,Ny kandidat
Swedtrac Bemanning AB,5591797062,Växlarevägen 25,170 63,Solna,Solna,0,2024,10-19,2018,,,Ny kandidat
Swedish E-Commerce Group AB,5594215575,Stora Björnens Gata 51,136 64,Haninge,Haninge,0,2025,0,2023,,,Ny kandidat
Sweden Ride AB,5594557554,Södra Jordbrovägen 31,137 65,Jordbro,Haninge,0,2025,1-4,2023,,,Ny kandidat
Städ Trend Services AB,5593623647,Porsvägen 384,192 48,Sollentuna,Sollentuna,0,2025,0,2022,,,Ny kandidat
Submit Yrkesbemanning AB,5568459233,Fannys Väg 3,131 54,Nacka,Nacka,0,2025,1-4,2011,,,Ny kandidat
Spengs Consulting AB,5593327892,Polluxvägen 3,141 44,Huddinge,Huddinge,0,2025,0,2021,,,Ny kandidat
Stegjärnet AB,5594818659,Tornvägen 14,183 52,Täby,Täby,0,2025,1-4,2024,,,Ny kandidat
Somerset & Partners AB,5590900048,Strandstigen 3,181 50,Lidingö,Lidingö,0,2025,0,2016,,,Ny kandidat
Socialpoolen Sverige AB,5590638150,Drottning Kristinas Esplanad 63,170 67,Solna,Solna,0,2025,0,2016,,,Ny kandidat
SmartJobb i Norden AB,5568458698,Runristarvägen 1,186 50,Vallentuna,Vallentuna,0,2025,0,2011,,,Ny kandidat
Singö Camping AB,5593615601,Ekbacksvägen 16,764 57,Grisslehamn,Norrtälje,0,2025,0,2022,,,Ny kandidat
Sindahl Holding AB,5591037121,"c/o Joakim Sindahl, Kvarnholmsvägen 86",131 31,Nacka,Nacka,0,2025,0,2017,,,Ny kandidat
Skolswishen AB,5590842547,Skäcklingevägen 265,147 55,Tumba,Botkyrka,0,2025,0,2016,,,Ny kandidat
Skarin Bemanning AB,5595321646,Algatan 14,169 32,Solna,Solna,,,1-4,2025,,,Ny kandidat
Silms AB,5566692900,Sikgatan 2,133 44,Saltsjöbaden,Nacka,0,2025,0,2004,,,Ny kandidat
Signal och Banbyggarna i Dalarna AB,5567085484,Englundavägen 7 5tr,171 41,Solna,Solna,0,2025,0,2006,,,Ny kandidat
Sharp Fitness Stockholm AB,5592712532,Knutbyvägen 19 a,761 63,Norrtälje,Norrtälje,0,2025,0,2020,,,Ny kandidat
Serverd Bygg & bemanning AB,5595571802,Ålsta Allé 2,177 72,Järfälla,Järfälla,,,0,2025,,,Ny kandidat
Selective Assignments Sweden AB,5568150824,Tranvägen 67,141 72,Segeltorp,Huddinge,0,2025,0,2010,,,Ny kandidat
Scanfos Care AB,5567372577,Kvarnvägen 14,192 51,Sollentuna,Sollentuna,0,2024,0,2007,,,Ny kandidat
Sasio AB,5594785684,Mårdvägen 40136 45 Handen,136 45,Handen,Haninge,0,2024,0,2024,,,Ny kandidat
Sara Essehorn & Fysioterapeuter AB,5592599301,Krigsstigen 8,182 73,Stocksund,Danderyd,0,2025,0,2020,,,Ny kandidat
SWEDSTAFF SVERIGE AB,5595698118,Barkarbyvägen 30 c,177 45,Järfälla,Järfälla,,,1-4,2026,,,Ny kandidat
SVEDPOL MEDIC AB,5595662262,Backluravägen 17 b,149 43,Nynäshamn,Nynäshamn,,,0,2026,,,Ny kandidat
STIGMANSLID PROJEKT & BYGGLEDNING AB,5567788079,Smärgelvägen 9 a,142 50,Skogås,Huddinge,0,2025,0,2009,,,Ny kandidat
SBMK AB,5595462176,Hägerneholmsvägen 8 c,187 60,Täby,Täby,,,1-4,2025,,,Ny kandidat
SAS Crew Services AB,5560638255,Frösundaviks Allé 1,169 70,Solna,Solna,0,2025,0,1956,,,Ny kandidat
SAFE- familjevård AB,5591111777,Järnvägsgatan 36,131 54,Nacka,Nacka,0,2024,0,2017,,,Ny kandidat
S&S Crew AB,5595583955,Fina Svenséns Gata 47,152 59,Södertälje,Södertälje,,,0,2025,,,Ny kandidat
S&P SpecialistNurses AB,5592933500,Dagsverkarvägen 22,197 36,Bro,Upplands-Bro,0,2025,0,2020,,,Ny kandidat
Rx Solutions AB,5595551119,Forvägen 11 Lgh 1002,145 51,Norsborg,Botkyrka,,,1-4,2025,,,Ny kandidat
Rospiggen Vård & Alltjänst AB,5590891783,Viltstigen 7,762 61,Rimbo,Norrtälje,0,2025,0,2016,,,Ny kandidat
Roslagens famn AB,5591193981,Hantverkaregatan 11,761 30,Norrtälje,Norrtälje,0,2025,0,2017,,,Ny kandidat
Ripro Bemanning AB,5593040081,Galgbacksvägen 14 b,186 30,Vallentuna,Vallentuna,0,2024,0,2021,,,Ny kandidat
Red Swan AB,5568270564,Wiboms Väg 2,171 60,Solna,Solna,0,2025,0,2010,,,Ny kandidat
Raseng AB,5595654335,Kungsängsvägen 7,184 53,Åkersberga,Österåker,,,1-4,2025,,,Ny kandidat
RESTAURANGEN I ÅMÅL Aktiebolag,5590156062,Kvarnhagsvägen 169,145 60,Norsborg,Botkyrka,0,2025,0,2015,,,Ny kandidat
R.R. Rythén AB,5595719401,Ljuskärrsvägen 89,133 31,Saltsjöbaden,Nacka,,,0,2026,,,Ny kandidat
Quantu AB,5590366422,Stenvallavägen 14,186 34,Vallentuna,Vallentuna,0,2025,1,2015,,,Ny kandidat
Quality Meet AB,5594178849,Trollsländevägen 5 b,147 35,Tumba,Botkyrka,0,2025,0,2023,,,Ny kandidat
QualiCare Sweden AB,5567796312,Patron Lars Väg 5,141 69,Huddinge,Huddinge,0,2024,1,2009,,,Ny kandidat
Prio Teknik AB,5590469150,Orrstigen 36,144 44,Rönninge,Salem,0,2025,1,2016,,,Ny kandidat
Pluseffekt AB,5565979076,Granbacken 4,141 31,Huddinge,Huddinge,0,2025,0,2000,,,Ny kandidat
Pircasa I Sverige AB,5569520298,Dagsländevägen 11,194 32,Upplands Väsby,Upplands Väsby,0,2025,0,2013,,,Ny kandidat
Pi transport tjänster AB,5593041105,Västra Vägen 7 c Lgh 1703,169 61,Solna,Solna,0,2025,0,2021,,,Ny kandidat
PharmaLink AB,5595515031,Forskningsringen 77,174 61,Sundbyberg,Sundbyberg,,,0,2025,,,Ny kandidat
PharmX AB,5595152157,Klockar Malms Väg 30 Lgh 1002,182 34,Danderyd,Danderyd,,,0,2025,,,Ny kandidat
Pahmall AB,5592753262,Vegavägen 30 b,136 49,Vega,Haninge,0,2025,1,2020,,,Ny kandidat
Pafina Resources AB,5592765860,Box 1152,131 26,Nacka Strand,Nacka,0,2025,0,2020,,,Ny kandidat
PL Parkering AB,5594415522,Effektvägen 14,196 37,Kungsängen,Upplands-Bro,0,2024,0,2023,,,Ny kandidat
Officium AB,5591529986,Karlhovsvägen 31,151 37,Södertälje,Södertälje,0,2025,0,2018,,,Ny kandidat
Obiat academics AB,5594174111,Södra Jordbrovägen 145,137 63,Jordbro,Haninge,0,2025,0,2023,,,Ny kandidat
Nursehelp i Täby AB,5591703151,Pinnmovägen 9,187 50,Täby,Täby,0,2025,0,2018,,,Ny kandidat
"Nurse Competence, Stockholm AB",5591843759,Sormenvägen 124,186 30,Vallentuna,Vallentuna,0,2025,0,2018,,,Ny kandidat
Nurse & Murse Staffing AB,5565531554,Lyktvägen 2,194 34,Upplands Väsby,Upplands Väsby,0,2025,0,1998,,,Ny kandidat
Norrby Crew AB,5593112633,Mellanbergsvägen 35,135 45,Tyresö,Tyresö,0,2024,0,2021,,,Ny kandidat
Nordpsyk AB,5591128995,Anders Lundströms Gata 24,169 73,Solna,Solna,0,2025,0,2017,,,Ny kandidat
Nordic Work Scandinavian AB,5591841142,Tröskvägen 3,175 52,Järfälla,Järfälla,0,2025,20-49,2018,,,Ny kandidat
Nordic Epic Solution AB,5593046559,Björkängsvägen 30,760 21,Vätö,Norrtälje,0,2025,0,2021,,,Ny kandidat
Nadorcott Demo & Event AB,5592458672,"c/o ANNA WELANDER, Iris Väg 8 Lgh 1102",136 36,Handen,Haninge,0,2025,0,2020,,,Ny kandidat
NM Omsorg AB,5591902415,Nobelvägen 16,191 34,Sollentuna,Sollentuna,0,2025,0,2019,,,Ny kandidat
NCN Bemanning AB,5595532762,Hammarvägen 62,177 35,Järfälla,Järfälla,,,0,2025,,,Ny kandidat
Nackagruppen i Sverige AB,5590469267,Tibastvägen 19,138 35,Älta,Nacka,0,2025,0,2016,,,Ny kandidat
Munkholmen Invest AB,5592377229,Myntvägen 1,193 40,Sigtuna,Sigtuna,0,2025,1,2020,,,Ny kandidat
MultiFix Nordic AB,5593885667,Lötsjövägen 4,174 52,Sundbyberg,Sundbyberg,0,2024,1-4,2022,,,Ny kandidat
Mirabell AB,5569629701,Serenadvägen 30 3tr,131 40,Nacka,Nacka,0,2025,0,2014,,,Ny kandidat
Mir Jet Services AB,5593264103,Hjälmvägen 9,175 68,Järfälla,Järfälla,0,2024,0,2021,,,Ny kandidat
Mikimber AB,5592720923,Krusbärsgatan 14,138 31,Älta,Nacka,0,2024,0,2020,,,Ny kandidat
Midgård Logistik AB,5569454944,Skälbyvägen 2 a,194 51,Upplands Väsby,Upplands Väsby,0,2025,0,2013,,,Ny kandidat
MarreTeam AB,5594674938,Sjöbacken 7,148 93,Landfjärden,Nynäshamn,0,2024,0,2024,,,Ny kandidat
Markol Bemanning AB,5594681628,"c/o MARKOL BEMANNING AB, Hammarkvarnsvägen 5 Lgh 1003",179 75,Skå,Ekerö,,,0,2024,,,Ny kandidat
Manant AB,5569776429,"c/o Myrman, Eklundshovsvägen 35",146 37,Tullinge,Botkyrka,0,2024,0,2014,,,Ny kandidat
Medicinsk Sekreterarbemanning i Sverige AB,5569484123,"c/o Paula Jonsson, Auravägen 13",182 60,Djursholm,Danderyd,0,2025,0,2013,,,Ny kandidat
Med-Rad Global Bemanning AB,5591618821,Klintvägen 13,141 71,Segeltorp,Huddinge,0,2025,0,2018,,,Ny kandidat
MEAs bemanning AB,5595035956,"c/o Lehouidj, Ursvik Allé 18",174 66,Sundbyberg,Sundbyberg,,,0,2024,,,Ny kandidat
MPM Group AB,5592487572,Hagalundsgatan 46,169 64,Solna,Solna,0,2025,0,2020,,,Ny kandidat
MIMOLI AB,5591255426,Breda Vägen 54,182 49,Enebyberg,Danderyd,0,2024,0,2017,,,Ny kandidat
MIJ Group AB,5593330292,Tallgrindsvägen 4,155 91,Nykvarn,Nykvarn,0,2025,0,2021,,,Ny kandidat
MA Personaluthyrning AB,5594228388,Götavägen 158,187 63,Täby,Täby,0,2025,0,2023,,,Ny kandidat
LuEk AB,5595534669,Svavelsövägen 29,184 94,Åkersberga,Österåker,,,0,2025,,,Ny kandidat
Loyal Care AB,5569210643,Molnstigen 19,192 65,Sollentuna,Sollentuna,0,2025,0,2013,,,Ny kandidat
M&T Kompetens AB,5590833728,Vintergatan 4,172 69,Sundbyberg,Sundbyberg,0,2024,0,2016,,,Ny kandidat
Lindströmskans AB,5594681297,Kungsgatan 22 a,761 44,Norrtälje,Norrtälje,0,2025,0,2024,,,Ny kandidat
Ledarpoolen RC AB,5569059552,Rödbosundsvägen 35,184 60,Åkersberga,Österåker,0,2025,0,2012,,,Ny kandidat
Le Petit Prince AB,5593910218,Lagmansbacken 9,145 56,Norsborg,Botkyrka,0,2025,0,2022,,,Ny kandidat
LG Direkt AB,5593606303,Skyttbrinksvägen 27 Lokal 20,147 39,Tumba,Botkyrka,0,2023,0,2022,,,Ny kandidat
Korkyl Holding AB,5569110280,Garns-Gillberga 17,186 97,Brottby,Vallentuna,0,2025,1,2012,,,Ny kandidat
Konexpert AB,5593360133,Lännavägen 6 c,141 63,Huddinge,Huddinge,0,2025,0,2021,,,Ny kandidat
Klini fastighetsservice Sverige AB,5595556084,Minervavägen 8 e,191 50,Sollentuna,Sollentuna,,,0,2025,,,Ny kandidat
Karib Sweden AB,5592607831,Hovslagarvägen 6,151 62,Södertälje,Södertälje,0,2025,0,2020,,,Ny kandidat
KjeBer Transport AB,5591005714,Tuvvägen 21,136 39,Handen,Haninge,0,2024,0,2017,,,Ny kandidat
Kirsis CrewOnCall AB,5595889782,Månadsvägen 81 Lgh 305,177 42,Järfälla,Järfälla,,,1-4,2026,,,Ny kandidat
Kimsan Sweden AB,5592589583,Fagerängsvägen 33 b,141 37,Huddinge,Huddinge,0,2025,0,2020,,,Ny kandidat
KIMLO CARE AB,5592691348,Skolgången 2,174 52,Sundbyberg,Sundbyberg,0,2025,1,2020,,,Ny kandidat
KERA Invest AB,5591293344,Björkängsvägen 15,152 52,Södertälje,Södertälje,0,2024,0,2017,,,Ny kandidat
K.E Healthcare AB,5569029894,Verdandivägen 5,131 46,Nacka,Nacka,0,2025,0,2012,,,Ny kandidat
JumpOn AB,5569400558,"c/o Sixten Sundberg, Kryssarvägen 16",183 58,Täby,Täby,0,2025,0,2013,,,Ny kandidat
Jansson Mark & Anläggning AB,5591268403,Kvarntorp 15,153 92,Hölö,Södertälje,0,2025,0,2017,,,Ny kandidat
JV Invest AB,5568580640,Nämndemannavägen 58,145 57,Norsborg,Botkyrka,0,2025,0,2011,,,Ny kandidat
JD PRO AB,5592745086,Östra Finnbodavägen 13 b,131 73,Nacka,Nacka,0,2024,0,2020,,,Ny kandidat
JC Engelberg AB,5595909069,Finnboda Kajväg 4 b,131 72,Nacka,Nacka,,,0,2026,,,Ny kandidat
JAMK Movement AB,5595501312,Flugsvampsvägen 5,141 60,Huddinge,Huddinge,,,1-4,2025,,,Ny kandidat
Izol Holding AB,5568494479,Hagalundsgatan 11,169 65,Solna,Solna,0,2025,1,2011,,,Ny kandidat
Islah AB,5592307994,Tegelbrukets Väg 31,195 59,Märsta,Sigtuna,0,2025,0,2019,,,Ny kandidat
Intensia Sweden AB,5593614802,Järva Skjutbaneväg 62,170 62,Solna,Solna,0,2024,0,2022,,,Ny kandidat
In The Circle INTC AB,5592472301,Ulriksdalsvägen 1 b,762 51,Rimbo,Norrtälje,0,2025,0,2020,,,Ny kandidat
IMG ENTREPRENAD AB,5594952292,"c/o Box 4028, Landsvägen 77",172 65,Sundbyberg,Sundbyberg,,,0,2024,,,Ny kandidat
Hummeltorp Konsult AB,5567529903,Jakobsbergsvägen 6,147 92,Grödinge,Botkyrka,0,2025,0,2008,,,Ny kandidat
Huddinge Personaluthyrning AB,5594919267,Lännavägen 64 a,141 46,Huddinge,Huddinge,0,2025,0,2024,,,Ny kandidat
Hoss Flytt AB,5595716704,Terapivägen 18 e Lgh 1303,141 56,Huddinge,Huddinge,,,1-4,2026,,,Ny kandidat
Horap Förmedling och Consulting AB,5592306749,"c/o Roland Apel, Dgtlpost Services Ab, Agavägen 52a",181 55,Lidingö,Lidingö,0,2023,0,2019,,,Ny kandidat
Helsing Consulting Aktiebolag,5595556639,Sjödalsvägen 17,141 47,Huddinge,Huddinge,,,0,2025,,,Ny kandidat
Honey Sweets Bemanning AB,5569209116,Wedavägen 6 c,152 42,Södertälje,Södertälje,0,2025,0,2013,,,Ny kandidat
Holmberg Capital AB,5592357874,Askvägen 2,184 43,Åkersberga,Österåker,0,2024,0,2020,,,Ny kandidat
Hildurmatilda AB,5590680939,Nobelbergsgatan 11 Lgh 1001,131 55,Nacka,Nacka,0,2025,1,2016,,,Ny kandidat
Henriksson Borhani AB,5568750540,Sätunavägen 23 d,195 46,Märsta,Sigtuna,0,2025,1,2011,,,Ny kandidat
Hasselgrens Service AB,5593838534,Hasselvägen 11,132 51,Saltsjö-Boo,Nacka,0,2025,0,2022,,,Ny kandidat
Hamim Systems AB,5592707680,Flygkårsvägen 49 Lgh 1303,183 62,Täby,Täby,0,2025,0,2020,,,Ny kandidat
HSF Mekanik AB,5590687850,"c/o HSF Gruppen AB, Box 2960",187 29,Täby,Täby,0,2025,0,2016,,,Ny kandidat
HR Firman Sundbyberg AB,5568460884,Rissnestigen 6,172 37,Sundbyberg,Sundbyberg,0,2025,1,2011,,,Ny kandidat
H5D AB,5595264622,Hovnorsbacken 14,139 72,Djurhamn,Värmdö,,,1-4,2025,,,Ny kandidat
Gåspennan & Dockmoran AB,5565873907,Älmsta Gård,153 95,Järna,Södertälje,0,2025,0,2000,,,Ny kandidat
Gutierrez Care Solutions AB,5594433251,Hägernäsvägen 5,183 66,Täby,Täby,0,2025,0,2023,,,Ny kandidat
Grand Entreservice & Event AB,5595792200,"c/o Grand Bevakning AB, Box 1238",131 28,Nacka Strand,Nacka,,,10-19,2026,,,Ny kandidat
Glide AB,5595700989,Grönvretsvägen 37 a,177 40,Järfälla,Järfälla,,,1-4,2026,,,Ny kandidat
Gigage AB,5592418080,Allfartsvägen 7,135 55,Tyresö,Tyresö,0,2026,0,2020,,,Ny kandidat
Gibbs of Sweden AB,5595857680,Silverskattsvägen 90,184 44,Åkersberga,Österåker,,,1-4,2026,,,Ny kandidat
Gerhardssons konsulttjänst AB,5591351514,Stensövägen 10,138 30,Älta,Nacka,0,2025,0,2017,,,Ny kandidat
GALU MED AB,5590153648,"c/o Österåkersdoktorn Allmänläkarmottagning, Hackstavägen 22",184 31,Åkersberga,Österåker,0,2025,0,2015,,,Ny kandidat
Förgylla vård och omsorg AB,5591017818,Fribordsgränd 14,136 55,Vega,Haninge,0,2024,1-4,2017,,,Ny kandidat
Fund Consulting Sverige AB,5591481865,Trollskogsvägen 13,141 92,Huddinge,Huddinge,0,2025,0,2018,,,Ny kandidat
Fribergs Ställningar AB,5569871626,"c/o Giuliano Demetri, Parkvägen 27",136 38,Handen,Haninge,0,2024,0,2014,,,Ny kandidat
Fre & Ma Consulting AB,5594563206,Hagbyvägen 8,184 44,Åkersberga,Österåker,0,2025,0,2023,,,Ny kandidat
Four Leaf Consulting AB,5595523175,Ullbergsvägen 92,135 67,Tyresö,Tyresö,,,0,2025,,,Ny kandidat
Florence care AB,5594818311,Frihetsvägen 2 c,177 53,Järfälla,Järfälla,0,2025,0,2024,,,Ny kandidat
Flexikon AB,5595470872,Majeldsvägen 4,174 50,Sundbyberg,Sundbyberg,,,5-9,2025,,,Ny kandidat
Flexihire AB,5594504937,Postängsvägen 152,145 52,Norsborg,Botkyrka,0,2025,0,2023,,,Ny kandidat
Flexibel affärsutveckling i Stockholm AB,5567404842,"c/o EBRAHIM DAGHIGH, Norra Bondevägen 27",142 65,Trångsund,Huddinge,0,2025,0,2007,,,Ny kandidat
FlexResurs AB,5595186072,Rådsvägen 11,141 63,Huddinge,Huddinge,,,0,2025,,,Ny kandidat
Fiskaruddarna AB,5590370937,Stora Nygatan 3,193 30,Sigtuna,Sigtuna,0,2025,0,2015,,,Ny kandidat
Filo Group AB,5594705781,Bidevindsgränd 8,136 55,Vega,Haninge,0,2025,1-4,2024,,,Ny kandidat
Fellenius Event AB,5595587634,Lingonbackarna 38,142 64,Trångsund,Huddinge,,,0,2025,,,Ny kandidat
Famma Konsultning AB,5595366120,Artemisvägen 12,762 61,Rimbo,Norrtälje,,,1-4,2025,,,Ny kandidat
FEDGOR BYGG AB,5592782584,"c/o Peter Törngren Advokat AB, Kristinedalsvägen 54",131 46,Nacka,Nacka,0,2023,0,2020,,,Ny kandidat
FAH Engineering AB,5567392179,Ryttarvägen 1,187 69,Täby,Täby,0,2025,1,2007,,,Ny kandidat
Exclamation AB,5568805757,Golfvägen 23,181 29,Lidingö,Lidingö,0,2025,1,2012,,,Ny kandidat
Evolencia HR Aktiebolag,5595446443,Sävsångarvägen 66,138 37,Älta,Nacka,,,1-4,2025,,,Ny kandidat
Eternally Event AB,5569726093,"c/o Thomas Persson, Beckasinvägen 43 a",131 44,Nacka,Nacka,0,2024,0,2014,,,Ny kandidat
Estir Service AB,5595674630,Särimnervägen 4,194 62,Upplands Väsby,Upplands Väsby,,,0,2026,,,Ny kandidat
Emiwa Care Aktiebolag,5565868600,Bremervägen 2,139 60,Värmdö,Värmdö,0,2025,0,2000,,,Ny kandidat
Ellingsen & Nielsen AB,5567696306,Tulevägen 5,182 63,Djursholm,Danderyd,0,2025,1,2008,,,Ny kandidat
Elite Matcharen Sweden AB,5595521278,Klubbvägen 3,182 57,Danderyd,Danderyd,,,0,2025,,,Ny kandidat
Elan IT Resource AB,5565947552,Evenemangsgatan 21 5tr,169 79,Solna,Solna,0,2024,0,2000,,,Ny kandidat
Ekokardiografi i Stockholm Aktiebolag,5590582721,Trollvägen 14,191 63,Sollentuna,Sollentuna,0,2025,0,2016,,,Ny kandidat
Education Sweden AB,5593297129,Snapphanevägen 154,177 55,Järfälla,Järfälla,0,2025,0,2021,,,Ny kandidat
Edström bemanning AB,5594719493,Vasavägen 83,177 32,Järfälla,Järfälla,0,2025,0,2024,,,Ny kandidat
Eclair Management & Invest AB,5595538868,Stadsängsgatan 2 Lgh Nummer 1401,193 37,Sigtuna,Sigtuna,,,0,2025,,,Ny kandidat
EIFH AB,5592240179,Vendelsövägen 74,136 67,Vendelsö,Haninge,0,2025,0,2019,,,Ny kandidat
Dexter Consulting AB,5568148539,Skuggvägen 11 b,135 52,Tyresö,Tyresö,0,2025,10-19,2010,,,Ny kandidat
Dara & Yousef Invest AB,5595568931,Mörbylund 13 b 2tr,182 30,Danderyd,Danderyd,,,0,2025,,,Ny kandidat
Damera Vård Bemanning AB,5595788638,Tornérvägen 29,177 30,Järfälla,Järfälla,,,0,2026,,,Ny kandidat
DLM Logistics AB,5593705808,Rådsvägen 4 a,141 63,Huddinge,Huddinge,0,2024,0,2022,,,Ny kandidat
Cordulce AB,5590016340,Östervägen 17,181 65,Lidingö,Lidingö,0,2025,0,2015,,,Ny kandidat
Christian Skarp Service AB,5568450000,Edsvägen 3,141 47,Huddinge,Huddinge,0,2025,1,2011,,,Ny kandidat
ChiliSol AB,5595363580,Valfiskens Gata 781,136 39,Handen,Haninge,,,1-4,2025,,,Ny kandidat
Cefrab Personal AB,5594059148,Aspviks Alléväg 16,134 38,Gustavsberg,Värmdö,0,2025,0,2022,,,Ny kandidat
Carmira Förvaltning AB,5569132235,Granskogsvägen 19,760 15,Gräddö,Norrtälje,0,2024,0,2012,,,Ny kandidat
CN Dialog och Utveckling AB,5569685968,Sigynvägen 6,182 64,Djursholm,Danderyd,0,2025,0,2014,,,Ny kandidat
CJ Sverige AB,5567232193,Wedavägen 22,152 42,Södertälje,Södertälje,0,2025,0,2007,,,Ny kandidat
C.E Security AB,5593987851,Renlavsgången 1,135 35,Tyresö,Tyresö,0,2025,0,2022,,,Ny kandidat
Bäcklins Mat & Event AB,5593598500,Mossgatan 8,193 32,Sigtuna,Sigtuna,0,2025,1-4,2022,,,Ny kandidat
Bror & Bror AB,5592836380,Kadettvägen 14,132 47,Saltsjö-Boo,Nacka,0,2025,0,2020,,,Ny kandidat
Bravo Dental AB,5595874651,Gustav Iii:S Boulevard 121,169 74,Solna,Solna,,,0,2026,,,Ny kandidat
Brandvakterna Sverige AB,5595804559,Erik Dahlbergs Väg 42 b,152 70,Södertälje,Södertälje,,,1-4,2026,,,Ny kandidat
Bemanna Nordic AB,5595894915,Pyramidvägen 7,169 56,Solna,Solna,,,0,2026,,,Ny kandidat
Back up Sverige AB,5593908030,Södergatan 5 d,195 34,Märsta,Sigtuna,0,2025,0,2022,,,Ny kandidat
BOKAS Allservice AB,5593837551,Stig Lindbergs Gata 17 b,134 52,Gustavsberg,Värmdö,0,2024,1,2022,,,Ny kandidat
ArreX Bemanning AB,5595424267,Rånasvägen 3 h,762 61,Rimbo,Norrtälje,,,0,2025,,,Ny kandidat
Ardas Group AB,5595556357,Björnvägen 30,137 31,Västerhaninge,Haninge,,,1-4,2025,,,Ny kandidat
Apricot Assistans AB,5594734278,Solbrinken 24,132 51,Saltsjö-Boo,Nacka,0,2025,0,2024,,,Ny kandidat
Anahita Medical AB,5567786313,Sommarvägen 15 b,132 43,Saltsjö-Boo,Nacka,0,2025,0,2009,,,Ny kandidat
Always Logistik AB,5594942590,Timmermansstigen 40,144 33,Rönninge,Salem,,,0,2024,,,Ny kandidat
Alve consulting AB,5594350778,Stensövägen 18,138 30,Älta,Nacka,0,2024,0,2023,,,Ny kandidat
Alton & Jones AB,5590285572,Glömstavägen 74,141 69,Huddinge,Huddinge,0,2025,0,2015,,,Ny kandidat
Amel medical service AB,5593679706,Göran Perssons Väg 29,171 55,Solna,Solna,0,2025,1,2022,,,Ny kandidat
Always There Bemanning AB,5593892440,Nordkapsvägen 9 Lgh 1102,136 57,Vega,Haninge,0,2024,0,2022,,,Ny kandidat
Aktiebolaget Kattbjörn,5569546079,Risvägen 10,132 50,Saltsjö-Boo,Nacka,0,2025,0,2013,,,Ny kandidat
Aiance AB,5594985037,Evenemangsgatan 18,169 56,Solna,Solna,0,2025,1,2024,,,Ny kandidat
Acudea AB,5592474729,Bällstaågatan 18,177 45,Järfälla,Järfälla,0,2025,0,2020,,,Ny kandidat
Ace Events Group AB,5594807603,Poseidons Gränd 11,136 46,Handen,Haninge,0,2025,0,2024,,,Ny kandidat
AR Aleta AB,5590447578,Hamngatan 15 b Lgh 1302,172 66,Sundbyberg,Sundbyberg,0,2025,0,2015,,,Ny kandidat
AT Yes Chef Restaurant Two AB,5594808122,"c/o HENRIK MATTSSON, Södra Långgatan 25 0041",169 59,Solna,Solna,0,2024,0,2024,,,Ny kandidat
ALCO EKONOMI AB,5593826372,Sjöängsvägen 17,192 72,Sollentuna,Sollentuna,0,2025,0,2022,,,Ny kandidat
AK vårdkonsult AB,5595539676,Blåeldsvägen 117,175 60,Järfälla,Järfälla,,,1-4,2025,,,Ny kandidat
AB Vikariekällan,5590310719,Gräshoppsstigen 4,153 36,Järna,Södertälje,0,2025,1,2015,,,Ny kandidat
AB 1960 Larsson,5592631666,David Adrians Väg 1,194 91,Upplands Väsby,Upplands Väsby,0,2024,0,2020,,,Ny kandidat
AARON CARE AB,5594311895,Torsvikssvängen 5,181 34,Lidingö,Lidingö,0,2024,0,2023,,,Ny kandidat
A & H Logistic AB,5595159988,Södra Jordbrovägen 181,137 62,Jordbro,Haninge,0,2025,0,2025,,,Ny kandidat
0xAC mjukvaru och konsulttjänster AB,5594474602,Dansbanevägen 14,123 52,Farsta,Huddinge,0,2024,0,2023,,,Ny kandidat
Zesto i Göteborg AB,5593665010,Bärby Bygdegårdsväg 13,423 73,Säve,Göteborg,0,2024,0,2022,,,Ny kandidat
ZD Prime AB,5595801746,Södra Ligården 62,425 30,Hisings Kärra,Göteborg,,,0,2026,,,Ny kandidat
Åbolands Lantbruk AB,5595593434,Stora Åboland 14,455 96,Hedekas,Munkedal,,,0,2025,,,Ny kandidat
tre T Golv i Trestad AB,5567699425,"c/o Kristina Thyberg, Lovisebergsgatan 14",462 31,Vänersborg,Vänersborg,0,2026,0,2008,,,Ny kandidat
daggerboard Sweden AB,5594180118,Hanö Fyrs Väg 7,423 40,Torslanda,Göteborg,0,2024,0,2023,,,Ny kandidat
Zwampen Holding AB,5569946865,Hjälmarevägen 2,444 31,Stenungsund,Stenungsund,0,2025,0,2014,,,Ny kandidat
Zipora Invest AB,5566452537,Fredriksbergsvägen 103,549 62,Skövde,Skövde,0,2025,0,2003,,,Ny kandidat
YH Bemanning AB,5595088906,Mindpark Mölndalsbro 7,431 30,Mölndal,Mölndal,,,1-4,2024,,,Ny kandidat
Weisbrod Group AB,5593888604,Åsens Väg 11,437 92,Lindome,Mölndal,0,2025,0,2022,,,Ny kandidat
WLG - Workforce Logistik Group AB,5595556944,Styrgången 6,417 64,Göteborg,Göteborg,,,1-4,2025,,,Ny kandidat
Vårdpersonalen Sverige Aktiebolag,5591336564,Fråstorpsvägen 13 b,444 91,Stenungsund,Stenungsund,0,2024,0,2017,,,Ny kandidat
Vårdhjälpen HC AB,5592672793,"c/o KONGAHÄLLAGATAN 80A, Ångaren Ediths Gata 4",417 61,Göteborg,Göteborg,0,2025,0,2020,,,Ny kandidat
Wallströms Allservice AB,5595867531,Vallgatan 9,541 71,Timmersdala,Skövde,,,1-4,2026,,,Ny kandidat
Vargön RekryteringsPartner AB,5569365355,Vargön 111 a,468 30,Vargön,Vänersborg,0,2025,0,2013,,,Ny kandidat
Valåsen Vård & Omsorg AB,5566167531,Valåsgatan 29,412 74,Göteborg,Göteborg,0,2025,0,2001,,,Ny kandidat
Trandin AB,5594321456,Stora Bratteborg,514 92,Uddebo,Tranemo,0,2025,0,2023,,,Ny kandidat
Trygg Dialog KBW AB,5595440438,Kungsportsavenyen 22,411 36,Göteborg,Göteborg,,,1-4,2025,,,Ny kandidat
Truly Indian Restaurants International AB,5567571459,Pettersbergsvägen 3,461 53,Trollhättan,Trollhättan,0,2025,0,2008,,,Ny kandidat
Tranpenad Driftpartner Sverige AB,5565897559,Bäckstensgatan 9,431 49,Mölndal,Mölndal,0,2024,0,2000,,,Ny kandidat
Tony's Alltjänst AB,5592439458,Centrumvägen 21,521 70,Åsarp,Falköping,0,2024,0,2020,,,Ny kandidat
The Bear Hive AB,5591549240,Ekskogsliden 11,424 56,Gunnilse,Göteborg,0,2025,0,2018,,,Ny kandidat
Teddy Events AB,5595676056,Fiskebäcks Hamn 34,426 58,Västra Frölunda,Göteborg,,,0,2026,,,Ny kandidat
TeamR Servicepartner Goth AB,5595134080,Von Utfallsgatan 22,415 05,Göteborg,Göteborg,0,2025,1-4,2024,,,Ny kandidat
Tildas Bemanning AB,5594875576,Herkulesgatan 7,417 04,Göteborg,Göteborg,0,2025,0,2024,,,Ny kandidat
Tandvårdspoolen Sverige AB,5594825712,Kvillegatan 15 Lgh 1404,417 08,Göteborg,Göteborg,0,2024,0,2024,,,Ny kandidat
TPP Industrialservice AB,5569901373,Norumsvägen 8 a,417 46,Göteborg,Göteborg,0,2024,0,2014,,,Ny kandidat
TO-Red Aktiebolag,5562393164,Rönnängs Brygga 42 Lgh 1101,471 41,Rönnäng,Tjörn,0,2025,0,1984,,,Ny kandidat
Swedish Plate AB,5567212864,Nordgårdsgatan 7,412 85,Göteborg,Göteborg,0,2025,0,2007,,,Ny kandidat
Swedish Medstaff AB,5594684424,Kalendervägen 91 Lgh 1103,415 37,Göteborg,Göteborg,0,2024,0,2024,,,Ny kandidat
Svenska Vaktcentralen Konsult AB,5595378273,Stålverksgatan 4 b,417 07,Göteborg,Göteborg,,,0,2025,,,Ny kandidat
Studebaker AB,5566376082,Rotevägen 20,433 69,Sävedalen,Partille,0,2025,0,2002,,,Ny kandidat
Strömstad Mekaniska AB,5595048348,Skolvägen 3,452 60,Skee,Strömstad,,,0,2024,,,Ny kandidat
Strandkullen Consulting AB,5595404327,Nygatan 5,441 30,Alingsås,Alingsås,,,1-4,2025,,,Ny kandidat
Strand & Sjösten konsult AB,5591273106,Näsets Vinkelväg 8,421 66,Västra Frölunda,Göteborg,0,2025,0,2017,,,Ny kandidat
Solida konsulter Sverige AB,5595369595,Arrendegatan 119,441 56,Alingsås,Alingsås,,,1-4,2025,,,Ny kandidat
Solhem Care AB,5594546706,Övre Solhemsgatan 5,666 31,Bengtsfors,Bengtsfors,0,2025,0,2023,,,Ny kandidat
Slutplattan HAMLO 123148 AB,5567212575,"c/o Bolagsstiftarna AB, Box 12086",402 41,Göteborg,Göteborg,0,2025,0,2007,,,Ny kandidat
Skoog Solutions AB,5592990229,Hasslösagatan 9,531 39,Lidköping,Lidköping,0,2025,0,2021,,,Ny kandidat
Skogsvila AB,5590368634,Olofsred Furuberg,511 98,Hyssna,Mark,0,2025,0,2015,,,Ny kandidat
Silverbeach AB,5567042782,Sjöstugan,531 74,Källby,Götene,0,2026,2,2006,,,Ny kandidat
Sikandar AB,5595337808,Lilla Regementsvägen 10,415 27,Göteborg,Göteborg,0,2025,0,2025,,,Ny kandidat
Skamann AB,5592725328,Tiarp Södra Nolgården,522 94,Tidaholm,Tidaholm,0,2025,0,2020,,,Ny kandidat
Sinica Holding AB,5590387709,Stensjöberg 27,431 36,Mölndal,Mölndal,0,2025,0,2015,,,Ny kandidat
Sahal Konsult AB,5593658940,Myrvägen 21,449 43,Nol,Ale,0,2024,0,2022,,,Ny kandidat
Scandinaval Personnel AB,5569268369,Bultgatan 40 b,442 40,Kungälv,Kungälv,0,2024,0,2013,,,Ny kandidat
Sara EB AB,5591837041,Våglängdsgatan 12,421 33,Västra Frölunda,Göteborg,0,2025,1,2018,,,Ny kandidat
Sanomnis Aktiebolag,5593840720,Skillnadsgatan 40,461 53,Trollhättan,Trollhättan,0,2024,1,2022,,,Ny kandidat
Scen & Evenemang Bemanning GBG AB,5595247742,Skrymegatan 23,504 47,Borås,Borås,,,1-4,2025,,,Ny kandidat
SVEDON AB,5595716027,Saffransgatan 64 Lgh 1202,424 42,Angered,Göteborg,,,1-4,2026,,,Ny kandidat
SVANOVA AB,5568582182,Bassåsvägen 19,436 55,Hovås,Göteborg,0,2025,1,2011,,,Ny kandidat
STO Maskintjänst AB,5594396607,Krogane 510,473 94,Henån,Orust,0,2025,0,2023,,,Ny kandidat
SB Företagssäkerhet AB,5566527338,Centralgatan,546 72,Mölltorp,Karlsborg,0,2025,1,2003,,,Ny kandidat
S3 Sverige AB,5594851676,Box 2057,442 50,Ytterby,Kungälv,0,2024,0,2024,,,Ny kandidat
Resursen RagnaRike AB,5590921069,Karlsrovägen 1,456 62,Hunnebostrand,Sotenäs,0,2025,0,2016,,,Ny kandidat
Ranweg Transport AB,5566294665,Torstensonsgatan 5,503 42,Borås,Borås,0,2025,0,2002,,,Ny kandidat
Ramkin Förvaltning AB,5569388910,Lovisebergsgatan 14,462 31,Vänersborg,Vänersborg,0,2026,1-4,2013,,,Ny kandidat
ROD Transport AB,5568333792,Box 100,511 10,Fritsla,Mark,0,2025,0,2010,,,Ny kandidat
RH transport AB,5595382630,Nebulosagatan 12,415 63,Göteborg,Göteborg,,,1-4,2025,,,Ny kandidat
Q Support AB,5569059958,Restadvägen 77,462 54,Vänersborg,Vänersborg,0,2025,1,2012,,,Ny kandidat
Psi Consulting AB,5568601982,Väverivägen 3,435 39,Mölnlycke,Härryda,0,2024,0,2011,,,Ny kandidat
Primajonna AB,5591283725,Glasmästaregatan 33,412 62,Göteborg,Göteborg,0,2025,0,2017,,,Ny kandidat
Power Krafter AB,5595457945,Opalgatan 9 Lgh 1102,421 62,Västra Frölunda,Göteborg,,,1-4,2025,,,Ny kandidat
Perspolis AB,5595774786,Doktor Saléns Gata 14,413 22,Göteborg,Göteborg,,,1-4,2026,,,Ny kandidat
PePe Consulting AB,5595907071,Tallkottevägen 9,461 73,Trollhättan,Trollhättan,,,0,2026,,,Ny kandidat
Pastrim Konsult AB,5568242043,Norregårdsvägen 4,541 34,Skövde,Skövde,0,2025,0,2010,,,Ny kandidat
PAL vård support AB,5592527385,Margretelundsgatan 17 a,531 38,Lidköping,Lidköping,0,2025,0,2020,,,Ny kandidat
P.C Service & Säkerhet AB,5595127381,Ebbe Lieberathsgatan 25,412 83,Göteborg,Göteborg,,,0,2024,,,Ny kandidat
Orust JTF AB,5595403360,Töllås 401,473 91,Henån,Orust,,,0,2025,,,Ny kandidat
PS Pharma AB,5592645252,Ljungslättsgatan 7 b Lgn 1103,416 82,Göteborg,Göteborg,0,2024,0,2020,,,Ny kandidat
Ora Bemanning AB,5569016719,Kulvertkonstens Väg 5 Lgh 1201,422 60,Hisings Backa,Göteborg,0,2024,0,2012,,,Ny kandidat
Omsorgspoolen Sverige AB,5591776595,Datavägen 14 a,436 32,Askim,Göteborg,0,2026,0,2018,,,Ny kandidat
Offcoast AB,5567575583,Gruvevägen 4,471 50,Bleket,Tjörn,0,2025,0,2008,,,Ny kandidat
Odin Security AB,5595630608,Burhultsvägen 36 c,443 73,Gråbo,Lerum,,,1-4,2025,,,Ny kandidat
ONE Staff AB,5594297573,Värmlandsgatan 17,413 28,Göteborg,Göteborg,0,2025,0,2023,,,Ny kandidat
OJ Personal AB,5567196893,Enerbacken 2,456 94,Hunnebostrand,Sotenäs,0,2025,0,2007,,,Ny kandidat
Ny Resursbemanning Göteborg AB,5591928899,"c/o Marica Hall, Plockerotegatan 329",422 57,Hisings Backa,Göteborg,0,2025,0,2019,,,Ny kandidat
Nurse Kate AB,5593444036,Fornkullevägen 4,458 30,Färgelanda,Färgelanda,0,2025,0,2021,,,Ny kandidat
Norum service och bemanning AB,5569746422,Vallmovägen 4,444 45,Stenungsund,Stenungsund,0,2025,0,2014,,,Ny kandidat
Nordiska kompetens konsulter och utbildning AB,5594380197,Skolspåret 33,424 31,Angered,Göteborg,0,2025,0,2023,,,Ny kandidat
Nordic Prestige Collective AB,5595777516,Distansgatan 27,421 72,Västra Frölunda,Göteborg,,,1-4,2026,,,Ny kandidat
Nordic Personalkraft AB,5595746511,Gamla Björlandavägen 137 a,417 16,Göteborg,Göteborg,,,0,2026,,,Ny kandidat
NRK Service AB,5595630988,Ambjöntorp Frälsegården 1,447 91,Vårgårda,Vårgårda,,,0,2025,,,Ny kandidat
Navinee's AB,5591434096,Gategårdsvägen 31,443 73,Gråbo,Lerum,0,2025,0,2018,,,Ny kandidat
Mopperock Produktion AB,5595344523,Espås Torpväg 32,437 34,Lindome,Mölndal,,,1-4,2025,,,Ny kandidat
MoFiVi Resurs AB,5595753400,Nedre Avelsås 104 Grovare,523 99,Hökerum,Ulricehamn,,,1-4,2026,,,Ny kandidat
Moa Nyköping AB,5566565445,Katrinebergsgatan 8,431 61,Mölndal,Mölndal,0,2024,0,2004,,,Ny kandidat
Migol AB,5595549261,"c/o Glada Kocken Göteborg HB, Box 234",423 23,Torslanda,Göteborg,,,1-4,2025,,,Ny kandidat
Matthias Nevlund AB,5593575128,Bruksgatan 54,414 49,Göteborg,Göteborg,0,2024,0,2021,,,Ny kandidat
Majab AB,5568810492,Prilyckegatan 81,425 32,Hisings Kärra,Göteborg,0,2025,0,2012,,,Ny kandidat
MOENS SALUTOGENA TJÄNSTER AB,5593184434,Norra Fiskebäcksvägen 294,426 58,Västra Frölunda,Göteborg,0,2025,1,2021,,,Ny kandidat
MK Property & Service AB,5595403162,Theres Svenssons Gata 15,417 55,Göteborg,Göteborg,,,0,2025,,,Ny kandidat
MW Service AB,5591092258,Långströmsgatan 38 a Lgh 1102,418 70,Göteborg,Göteborg,0,2025,0,2017,,,Ny kandidat
MHJ Interim och Hälsa AB,5595030510,Ryssbergsvägen 13,451 77,Uddevalla,Uddevalla,,,1-4,2024,,,Ny kandidat
Lorini Consulting AB,5592781743,Järntrådsvägen 9,433 30,Partille,Partille,0,2024,0,2020,,,Ny kandidat
Logilisch AB,5595910778,Kinnegatan 2 b,531 32,Lidköping,Lidköping,,,1-4,2026,,,Ny kandidat
Lyftverket AB,5595782235,Eketrägatan 2 c,418 73,Göteborg,Göteborg,,,0,2026,,,Ny kandidat
Lundarnas Consulting AB,5568958986,Hammarsgatan 1 c,662 31,Åmål,Åmål,0,2025,1-4,2012,,,Ny kandidat
Leva Extraliv AB,5595677146,"c/o Leva LSS, Box 5243",402 24,Göteborg,Göteborg,,,10-19,2026,,,Ny kandidat
Lann Tjänst AB,5591001242,Buatjärnsvägen 38,438 92,Härryda,Härryda,0,2025,1,2017,,,Ny kandidat
Lembro Byggmontage AB,5566790506,Svetsarvägen 3,511 71,Fritsla,Mark,0,2025,0,2005,,,Ny kandidat
Leaducate AB,5569158123,Bredene Korsgården 1,520 43,Åsarp,Falköping,0,2025,0,2012,,,Ny kandidat
LSTC Consulting AB,5595533679,Bokskogsvägen 8,522 93,Tidaholm,Tidaholm,,,0,2025,,,Ny kandidat
LOFI Fastigheter AB,5567568950,Johanneberg 15,467 92,Grästorp,Grästorp,0,2025,0,2008,,,Ny kandidat
LOFEN AB,5564333820,Nygatan 18,447 30,Vårgårda,Vårgårda,0,2024,1-4,1991,,,Ny kandidat
LM-Gruppen Uddevalla AB,5569995946,Vesslevägen 6 b,451 54,Uddevalla,Uddevalla,0,2025,0,2015,,,Ny kandidat
Kärrebergs Entreprenad AB,5595440750,Bråten 234,472 91,Stillingsön,Orust,,,1-4,2025,,,Ny kandidat
Ks100 AB,5595698993,Trålvägen 5,475 45,Fotö,Öckerö,,,1-4,2026,,,Ny kandidat
Krus Bemanning AB,5591991970,"c/o Magnus Krus, Olstorpsvägen 153",443 70,Gråbo,Lerum,0,2025,0,2019,,,Ny kandidat
Kronos Bemanning AB,5568200124,Hulda Mellgrens Gata 2 3tr,421 32,Västra Frölunda,Göteborg,0,2025,0,2010,,,Ny kandidat
LBT Skara AB,5595766113,Malmgatan 8 a,532 31,Skara,Skara,,,1-4,2026,,,Ny kandidat
Konsultexperten i Sverige AB,5591875728,Valbo-Ryr 20,455 92,Munkedal,Munkedal,0,2025,1,2018,,,Ny kandidat
Konsul AB,5595817429,Trädgårdsgatan 20 Lgh 1204,521 46,Falköping,Falköping,,,1-4,2026,,,Ny kandidat
Komzuhtnezzehim AB,5567956460,"c/o Liliana Gustafson, Kaprifolvägen 36",453 36,Lysekil,Lysekil,0,2024,0,2009,,,Ny kandidat
Klingetorp's Maskin AB,5595482620,Österäng Stora Klingetorp 4,533 97,Götene,Götene,,,1-4,2025,,,Ny kandidat
KiBiBo AB,5593690935,Doktor Belfrages Gata 2,413 22,Göteborg,Göteborg,0,2025,0,2022,,,Ny kandidat
KM Nordic staff AB,5595511519,Klevåsvägen 3,451 55,Uddevalla,Uddevalla,,,5-9,2025,,,Ny kandidat
Karlsson Finans i Åmål AB,5590445887,Trapetsgatan 7,662 36,Åmål,Åmål,0,2025,0,2015,,,Ny kandidat
Kapandes F&B Consultants AB,5595305698,Kungsporten 5,461 31,Trollhättan,Trollhättan,,,0,2025,,,Ny kandidat
KCSB Nordic Care AB,5592709371,Ebbe Lieberathsgatan 22 f,412 61,Göteborg,Göteborg,0,2025,1-4,2020,,,Ny kandidat
KAPA Holding AB,5568160401,Fabriksgatan 4,531 60,Lidköping,Lidköping,0,2025,0,2010,,,Ny kandidat
Järphagens Allservice AB,5595342840,Järphagen 1,548 93,Lyrestad,Mariestad,,,1-4,2025,,,Ny kandidat
Janne Hammo AB,5590375928,Lidegårdsvägen 9,433 30,Partille,Partille,0,2025,0,2015,,,Ny kandidat
Jacolis AB,5569531931,Hjortmossegatan 121,461 51,Trollhättan,Trollhättan,0,2025,0,2013,,,Ny kandidat
JaMo Konsult AB,5590743638,Skogshyddegatan 45,506 31,Borås,Borås,0,2024,0,2016,,,Ny kandidat
JINBO AB,5561600551,Slånbärsvägen 5,442 42,Kungälv,Kungälv,0,2024,0,1972,,,Ny kandidat
JD Bengtsson Invest AB,5591855332,Lilla Sundskogsvägen 5,451 90,Uddevalla,Uddevalla,0,2025,0,2018,,,Ny kandidat
JW Fastighetsförmedling AB,5593101263,Vittrornas Väg 32,446 34,Älvängen,Ale,0,2025,0,2021,,,Ny kandidat
Investeria AB,5569791121,"c/o Regus, Lilla Bommen 6",411 04,Göteborg,Göteborg,0,2025,0,2014,,,Ny kandidat
Home Team AB,5591021240,Älvornas Väg 63,446 34,Älvängen,Ale,0,2024,0,2017,,,Ny kandidat
Holmens EntreprenadService AB,5595795567,Västgötagatan 2,441 43,Alingsås,Alingsås,,,1-4,2026,,,Ny kandidat
Henry & Co. AB,5593226888,Ringögatan 10,417 07,Göteborg,Göteborg,0,2025,1,2021,,,Ny kandidat
Helivia 2025 AB,5595397513,Kristinehöjdsgatan 17,412 82,Göteborg,Göteborg,,,1-4,2025,,,Ny kandidat
H&K Bhutia AB,5592651060,Carnegiegatan 15 a,414 52,Göteborg,Göteborg,0,2025,0,2020,,,Ny kandidat
Göteborgs Drivkraft AB,5594177254,Stomvägen 20 b,449 30,Nödinge,Ale,0,2025,0,2023,,,Ny kandidat
Göteborgs Byggbemanning AB,5595113233,Hvitfeldtsgatan 8,411 20,Göteborg,Göteborg,0,2025,0,2024,,,Ny kandidat
Göksen restaurang AB,5592860695,Torggatan 8,503 30,Borås,Borås,0,2025,1,2020,,,Ny kandidat
Gibson Invest AB,5591858195,Vinkelgatan 8,463 33,Lilla Edet,Lilla Edet,0,2025,0,2018,,,Ny kandidat
GeO Pålen AB,5567750814,Allmag 279,472 92,Stillingsön,Orust,0,2025,0,2009,,,Ny kandidat
Gbg:s montage & bemanning AB,5566373311,Box 125,435 23,Mölnlycke,Härryda,0,2024,0,2003,,,Ny kandidat
GOTLY AB,5595756189,Solståndsgatan 8,415 36,Göteborg,Göteborg,,,0,2026,,,Ny kandidat
GOTEBYGG AB,5595782151,Folketshusvägen 14 a,449 42,Nol,Ale,,,0,2026,,,Ny kandidat
GH Allservice AB,5595604843,Baldersgatan 2 b Lgh 1502,411 02,Göteborg,Göteborg,,,0,2025,,,Ny kandidat
GBG Group AB,5592242704,"c/o Advokatfirman Wåhlin, Östra Hamngatan 5",411 10,Göteborg,Göteborg,0,2023,0,2019,,,Ny kandidat
Frölunda Buss AB,5595631564,Markurellgatan 2,422 52,Hisings Backa,Göteborg,,,5-9,2025,,,Ny kandidat
Frännarpsgården Ulricehamn AB,5594901927,Djäknevägen 15,523 33,Ulricehamn,Ulricehamn,0,2025,0,2024,,,Ny kandidat
Flexval Bemanning AB,5595466987,Blomstergatan 2,411 04,Göteborg,Göteborg,,,20-49,2025,,,Ny kandidat
Flexo Bemanning AB,5566671797,August Barks Gata 25 b,421 32,Västra Frölunda,Göteborg,0,2024,1-4,2004,,,Ny kandidat
Fcs Transport AB,5595833459,Kalendervägen 18,415 34,Göteborg,Göteborg,,,1-4,2026,,,Ny kandidat
Fasse Bemanning AB,5569442238,Danska Vägen 131,521 31,Falköping,Falköping,0,2024,20-49,2013,,,Ny kandidat
FWB Enterprise AB,5568080765,Forsa Företagscenter,517 91,Bollebygd,Borås,0,2025,1,2010,,,Ny kandidat
F.G.S.T AB,5594648346,Sörtorpavägen 66,438 94,Härryda,Härryda,0,2025,0,2023,,,Ny kandidat
Erik Jakobsson Aktiebolag,5595743336,Övre Djupedalsgatan 11 c,413 06,Göteborg,Göteborg,,,0,2026,,,Ny kandidat
Ekebacken Psykologbyrå AB,5595097725,Sävare Helde 4,531 91,Vinninga,Lidköping,,,0,2024,,,Ny kandidat
EMLIN Entreprenad AB,5595775239,Aspebohl 100,464 63,Brålanda,Vänersborg,,,1-4,2026,,,Ny kandidat
EATB AB,5593294282,Box 11,451 15,Uddevalla,Uddevalla,0,2025,0,2021,,,Ny kandidat
Doctob AB,5568430341,Skårby Mosse 942,442 93,Kareby,Kungälv,0,2025,1-4,2011,,,Ny kandidat
Diversio i Sverige AB,5566510102,Bigatan 9,531 75,Järpås,Lidköping,0,2025,0,2003,,,Ny kandidat
Delta Crew AB,5595134668,A r Lorents Gata 43 b,414 51,Göteborg,Göteborg,0,2025,0,2024,,,Ny kandidat
DUCIT Kraft AB,5591435101,Knut Håkansons Väg 1,515 70,Rydboholm,Borås,0,2025,0,2018,,,Ny kandidat
DPM AB,5595349324,Karlebygatan 2 b,521 45,Falköping,Falköping,0,2025,0,2025,,,Ny kandidat
DOER Bemanning AB,5591542690,Solbergsvägen 3,433 60,Sävedalen,Partille,0,2025,1,2018,,,Ny kandidat
DNKP Personal AB,5569229288,Stora Torget 8,532 30,Skara,Skara,0,2025,0,2013,,,Ny kandidat
Cureon AB,5569196966,Borstbindaregatan 1,417 22,Göteborg,Göteborg,0,2024,1-4,2013,,,Ny kandidat
Cukgala AB,5594015363,Brahegatan 2 c,415 14,Göteborg,Göteborg,0,2025,0,2022,,,Ny kandidat
Corestone Consulting AB,5593836280,Kungsportsavenyen 18,411 36,Göteborg,Göteborg,0,2025,0,2022,,,Ny kandidat
Consopio AB,5591981310,Ryttarstigen 39 b,436 56,Hovås,Göteborg,0,2024,0,2019,,,Ny kandidat
Conforce AB,5595370148,Ringögatan 14 b,417 07,Göteborg,Göteborg,,,20-49,2025,,,Ny kandidat
Claes Fast Invest AB,5569575813,Iglabranten 9 b,424 70,Olofstorp,Göteborg,0,2025,0,2014,,,Ny kandidat
Christoffer Gyllensvärd AB,5595837088,Hedegatan 25,512 54,Svenljunga,Svenljunga,,,1-4,2026,,,Ny kandidat
Cherry Consulting AB,5595689885,Räntmästaregatan 4 a,416 58,Göteborg,Göteborg,,,0,2026,,,Ny kandidat
Ceramic Pro Automotive Sweden AB,5594500257,Gruvgatan 33,421 30,Västra Frölunda,Göteborg,0,2024,0,2023,,,Ny kandidat
Christian Lund Bygg i Göteborg AB,5565965315,Knuts Väg 1,446 41,Skepplanda,Ale,0,2025,0,2000,,,Ny kandidat
CEkman AB,5591785729,Skogstorp 106,444 93,Spekeröd,Stenungsund,0,2025,0,2018,,,Ny kandidat
Byggbemanning i väst BIV AB,5594032947,Hovås Sandkulleväg 2,436 50,Hovås,Göteborg,0,2025,0,2022,,,Ny kandidat
Benvia Bemanning AB,5595790089,Solstrålegatan 26,418 43,Göteborg,Göteborg,,,0,2026,,,Ny kandidat
Bene Esse AB,5594186677,Övre Jordalavägen 17,441 73,Sollebrunn,Alingsås,0,2025,0,2023,,,Ny kandidat
Bemanningsföretaget VårdExtra i Sverige AB,5565690145,Östra Hamngatan 50 b,411 09,Göteborg,Göteborg,0,2025,1,1999,,,Ny kandidat
Bear & Fox AB,5591649842,Kärrlyckegatan 29 a,418 78,Göteborg,Göteborg,0,2025,0,2018,,,Ny kandidat
BPOM Holding AB,5594961525,Ränningvägen 4,451 70,Uddevalla,Uddevalla,0,2025,0,2024,,,Ny kandidat
BEV Crew i Göteborg AB,5569731515,Förtroligheten 55,412 70,Göteborg,Göteborg,0,2025,0,2014,,,Ny kandidat
B&S Entreprenad AB,5595484071,Ekvägen 9,523 94,Tvärred,Ulricehamn,,,0,2025,,,Ny kandidat
Azaya Holding AB,5568259740,Tredje Långgatan 4,413 04,Göteborg,Göteborg,0,2024,0,2010,,,Ny kandidat
Axilla AB,5592794654,Meteorgatan 10,415 63,Göteborg,Göteborg,0,2025,0,2020,,,Ny kandidat
Attica Care AB,5595560466,Runslingan 47,423 47,Torslanda,Göteborg,,,0,2025,,,Ny kandidat
Arino Konsult AB,5568904584,Högsätersgatan 5,412 65,Göteborg,Göteborg,0,2025,0,2012,,,Ny kandidat
AquaTeam AB,5595457739,Hamngatan 4,542 37,Mariestad,Mariestad,,,0,2025,,,Ny kandidat
Anna Vård och Hälsa AB,5593688889,Apelgatan 15,426 79,Västra Frölunda,Göteborg,0,2025,0,2022,,,Ny kandidat
Akustikgruppen i Sverige AB,5563998979,Göteborgsvägen 10 b,504 35,Borås,Borås,0,2024,1,1990,,,Ny kandidat
Aktiebolaget Palatset,5562213883,Silvandersgatan 18,412 73,Göteborg,Göteborg,0,2025,3,1982,,,Ny kandidat
Agneta Glennsten Läkarpraktik AB,5568451503,Stampgatan 54 b,411 01,Göteborg,Göteborg,0,2025,0,2011,,,Ny kandidat
Adin Models AB,5595166595,Nordenskiöldsgatan 19,413 09,Göteborg,Göteborg,0,2025,0,2025,,,Ny kandidat
Adelström AB,5590070289,Fredrika Bremersgatan 3,412 67,Göteborg,Göteborg,0,2025,0,2015,,,Ny kandidat
AR Grävtjänst AB,5569159667,Bokvägen 9,472 95,Varekil,Orust,0,2025,1-4,2012,,,Ny kandidat
AL-Ställningar AB,5594848771,Marieholmsgatan 118,415 02,Göteborg,Göteborg,0,2025,0,2024,,,Ny kandidat
AL Bemanning AB,5595039859,Marklandsgatan 9,414 77,Göteborg,Göteborg,0,2025,1-4,2024,,,Ny kandidat
AEYE Holding AB,5592921273,Lona Knapes Gata 5,421 32,Västra Frölunda,Göteborg,0,2024,0,2020,,,Ny kandidat
ASAKS Konsulttjänster AB,5595483784,Anneslätt 12,456 91,Kungshamn,Sotenäs,,,0,2025,,,Ny kandidat
ARVEXA AB,5595619668,Söbben 607,473 91,Henån,Orust,,,1-4,2025,,,Ny kandidat
AB benktson Johan,5569197600,"c/o BENKTSON, Kungsgatan 19 b",503 33,Borås,Borås,0,2025,0,2013,,,Ny kandidat
AB Thum & Smaell,5590415823,Briggvägen 4,475 40,Hönö,Öckerö,0,2025,0,2015,,,Ny kandidat
85 Alliance Partners AB,5594350513,Ekonomivägen 4 Plan 3,436 33,Askim,Göteborg,0,2025,0,2023,,,Ny kandidat
Åkerström Care AB,5593423006,Nils Anderssons Gata 7,218 37,Bunkeflostrand,Malmö,0,2025,0,2021,,,Ny kandidat
Äppelrikevägens Silvhöjd AB,5595921106,Äppelrikevägen 9,277 35,Kivik,Simrishamn,,,1-4,2026,,,Ny kandidat
workfind Bemanning Sverige AB,5595106146,Järnvägsgatan 35,252 18,Helsingborg,Helsingborg,,,1-4,2024,,,Ny kandidat
gerorehab AB,5567132823,Yrvädersgatan 204,254 73,Ödåkra,Helsingborg,0,2025,2,2006,,,Ny kandidat
Widerbergs Alltjänst AB,5595830463,Joel Anders Ängaväg 6,272 94,Simrishamn,Simrishamn,,,1-4,2026,,,Ny kandidat
ZEW Kristina Larsson AB,5595739177,Södergatan 10,274 61,Rydsgård,Skurup,,,0,2026,,,Ny kandidat
Walkecare AB,5594581778,Kung Oskars Väg 13,222 35,Lund,Lund,0,2025,0,2023,,,Ny kandidat
Untimate AB,5595656967,Ramels Väg 135,213 69,Malmö,Malmö,,,5-9,2025,,,Ny kandidat
Triangelmäklaren AB,5566905799,Lilla Bangårdsgatan 1,291 32,Kristianstad,Kristianstad,0,2025,0,2005,,,Ny kandidat
The Grand works AB,5595776930,Linåkersvägen 1,238 36,Oxie,Malmö,,,1-4,2026,,,Ny kandidat
Tore Gustafsson Restaurangkonsult AB,5595716092,Grönbyvägen 199-0,231 72,Anderslöv,Trelleborg,,,1-4,2026,,,Ny kandidat
Team Ett personal och montage i Sverige AB,5591711998,Diabasgatan 12,254 68,Helsingborg,Helsingborg,0,2025,0,2018,,,Ny kandidat
TB:s Maskin & Fastigheter AB,5591850564,Fågelbärsgränden 35,253 75,Helsingborg,Helsingborg,0,2024,0,2018,,,Ny kandidat
Södra Möinge Jordbruks AB,5592233745,Hällebäck 7260,268 74,Billeberga,Svalöv,0,2024,0,2019,,,Ny kandidat
Sälj- & Marknadspersonal i Sverige AB,5568201593,"c/o Fredrik Forslund, Vikingavägen 8",237 31,Bjärred,Lomma,0,2025,0,2010,,,Ny kandidat
SÅN AB,5593657900,"c/o Nils Hansson, Rödhakevägen 89",274 33,Skurup,Skurup,0,2025,0,2022,,,Ny kandidat
Syster Jon AB,5595372797,Industrigatan 8 k,212 51,Malmö,Malmö,,,1-4,2025,,,Ny kandidat
Syrran från Hven AB,5591100580,Skönadalvägen 9,246 51,Löddeköpinge,Kävlinge,0,2025,0,2017,,,Ny kandidat
Sydlots AB,5563052223,Hedentorpsvägen 9,291 62,Kristianstad,Kristianstad,0,2025,0,1987,,,Ny kandidat
Svensson's Restauranger AB,5591053599,"c/o ADVOKATAKTIEBOLAGET JANSSON &, Drottninggatan 1 Partners",252 21,Helsingborg,Helsingborg,0,2023,0,2017,,,Ny kandidat
Svenska Resurser AB,5593075855,Helsingborgsvägen 627,262 96,Ängelholm,Ängelholm,0,2024,0,2021,,,Ny kandidat
StridAx Allfix AB,5592538762,Knut Den Stores Torg 1 b,222 21,Lund,Lund,0,2025,0,2020,,,Ny kandidat
Stinta Consulting AB,5592602519,Farhultsvägen 160,263 95,Farhult,Höganäs,0,2024,0,2020,,,Ny kandidat
Somayas Konsult AB,5569872822,"c/o Soumia Taimour, Botildenborgsvägen 12",213 62,Malmö,Malmö,0,2025,0,2014,,,Ny kandidat
Socionomtjänsten Bemanning Lars Andersson AB,5569797839,Örja Byväg 17 a,261 51,Landskrona,Landskrona,0,2025,0,2014,,,Ny kandidat
Sisu Konsult AB,5590026604,Box 2,239 21,Skanör,Vellinge,0,2025,0,2015,,,Ny kandidat
SilkCare AB,5594061714,Albinsrogatan 3 b,214 67,Malmö,Malmö,0,2025,0,2022,,,Ny kandidat
Sige Trade AB,5594238932,Skaldbacksvägen 1,291 92,Kristianstad,Kristianstad,0,2025,0,2023,,,Ny kandidat
Service 79 AB,5595303263,Linnekullavägen 57,298 91,Tollarp,Kristianstad,,,0,2025,,,Ny kandidat
SecureTag AB,5593795585,Nils Kaggs Gata 7 d,254 54,Helsingborg,Helsingborg,0,2024,0,2022,,,Ny kandidat
SVEUNOR AB,5590108451,Långebrogatan 54,291 59,Kristianstad,Kristianstad,0,2025,0,2015,,,Ny kandidat
Sandby Autoservice Personal AB,5595178251,Skattebergavägen 1,247 34,Södra Sandby,Lund,,,0,2025,,,Ny kandidat
SIA EURA AB,5020834676,Landskronavägen 38,261 73,Häljarp,Landskrona,,,0,2020,,,Ny kandidat
S1A Consulting AB,5595008797,Augustenborgsgatan 7 b,214 47,Malmö,Malmö,,,0,2024,,,Ny kandidat
Roxy Konsult AB,5563993905,Nedre Långvinkelsgatan 49,252 34,Helsingborg,Helsingborg,0,2025,0,1990,,,Ny kandidat
Returbilen i Sverige AB,5565658589,Vinkelgatan 2,211 24,Malmö,Malmö,0,2025,0,1999,,,Ny kandidat
Resursforum Sverige organisation AB,5568757172,Klostergatan 4,211 47,Malmö,Malmö,0,2024,0,2011,,,Ny kandidat
Resursforum Sverige Bemanning AB,5590482625,Klostergatan 4,211 47,Malmö,Malmö,0,2024,0,2016,,,Ny kandidat
Resurs Golf Norden AB,5569129520,Basketbollsvägen 1,238 42,Oxie,Malmö,0,2024,0,2012,,,Ny kandidat
Rekryteringskonsult AZ AB,5594575887,Dalhemsvägen 7,254 65,Helsingborg,Helsingborg,0,2024,0,2023,,,Ny kandidat
Rasmus Jönssons Transport AB,5593146516,Lökarödsvägen 593,297 95,Degeberga,Kristianstad,0,2025,1-4,2021,,,Ny kandidat
RZM Bemanning AB,5593036543,"c/o Bolagspartner Avveckling, Box 1067",221 04,Lund,Lund,0,2025,0,2021,,,Ny kandidat
ROSEFORS ENTREPRENAD & KONSULT AB,5591853386,"c/o Advokatbyrån Gulliksson AB, Box 4171",203 13,Malmö,Malmö,0,2023,0,2018,,,Ny kandidat
Prokonsult Skåne AB,5591113989,Stenskeppsvägen 25 b,291 49,Kristianstad,Kristianstad,0,2024,0,2017,,,Ny kandidat
Projektuthyrning Holmbytorp AB,5569659922,Slimmingevägen 266,275 64,Blentarp,Sjöbo,0,2025,0,2014,,,Ny kandidat
Prime to Eternity AB,5592718919,Gladiolvägen 1,291 50,Kristianstad,Kristianstad,0,2025,0,2020,,,Ny kandidat
Polymathic AB,5593902991,Bokhållaregatan 33,211 56,Malmö,Malmö,0,2025,0,2022,,,Ny kandidat
Pernet Fixar AB,5594904194,Botilla Backes Väg 3,261 61,Landskrona,Landskrona,,,0,2024,,,Ny kandidat
Orli AB,5590842869,Mansdalavägen 152,291 92,Kristianstad,Kristianstad,0,2024,0,2016,,,Ny kandidat
Ordna Personal Syd AB,5566828561,"c/o Kristina Miolin, Mantalskroken 4",226 47,Lund,Lund,0,2024,0,2005,,,Ny kandidat
Oderljunga Gård AB,5592139025,"c/o Emil Johansson, Torraröd 4955",264 54,Ljungbyhed,Klippan,0,2024,0,2019,,,Ny kandidat
OJ Industrier AB,5569210072,Bengt Lidners Gata 5,254 30,Helsingborg,Helsingborg,0,2025,1,2013,,,Ny kandidat
Nordic Vårdgruppen AB,5595805275,Sunnanväg 18 h,222 26,Lund,Lund,,,1-4,2026,,,Ny kandidat
Nordic Prime Solutions AB,5593496499,Löftesgatan 6,214 58,Malmö,Malmö,0,2025,0,2021,,,Ny kandidat
Nordic Marketeers Sweden AB,5566680434,Humlegatan 4,211 27,Malmö,Malmö,0,2024,1-4,2004,,,Ny kandidat
Nordic Hire AB,5595627752,Riggaregatan 53,211 13,Malmö,Malmö,,,10-19,2025,,,Ny kandidat
Nordic FirePlace AB,5590824297,Planteringsgatan 7,265 36,Åstorp,Åstorp,0,2024,0,2016,,,Ny kandidat
NordCrew AB,5595709535,Thomsons Väg 30 a,213 72,Malmö,Malmö,,,1-4,2026,,,Ny kandidat
Nicklas Paimensalo AB,5595317222,Färgerigatan 4,289 33,Knislinge,Östra Göinge,,,0,2025,,,Ny kandidat
Newerton Holding AB,5567328512,Östra Varvsgatan 4,211 75,Malmö,Malmö,0,2024,0,2007,,,Ny kandidat
Naos AB,5590309133,Sankt Johannesgatan 1 e ( Post Box 2301 ),211 46,Malmö,Malmö,0,2025,0,2015,,,Ny kandidat
Månsson est 2023 AB,5594546862,Blåklintsvägen 26,283 43,Osby,Osby,,,0,2023,,,Ny kandidat
Meneris Group AB,5569376444,Baltzarsgatan 14 e,211 36,Malmö,Malmö,0,2025,0,2013,,,Ny kandidat
MediZone Sweden AB,5590005194,"c/o Bolagspartner avveckling, Box 1067",221 04,Lund,Lund,0,2025,0,2015,,,Ny kandidat
Marid Healthcare AB,5593938417,Rapsvägen 87,232 38,Arlöv,Burlöv,0,2025,0,2022,,,Ny kandidat
MaToll Consulting AB,5591735377,"c/o Bolagspartner avveckling, Box 1067",221 04,Lund,Lund,0,2025,0,2018,,,Ny kandidat
MT Industri service AB,5595006486,Åkermans Väg 7 c,241 38,Eslöv,Eslöv,,,0,2024,,,Ny kandidat
MERYEM Med AB,5568902414,Orkestervägen 11 e,224 72,Lund,Lund,0,2025,0,2012,,,Ny kandidat
MEJ Olofsson Holding AB,5594964305,Amorosavägen 2 a,269 37,Båstad,Båstad,,,1-4,2024,,,Ny kandidat
ME-konsult i Åhus AB,5595324939,Pistagegatan 2,296 35,Åhus,Kristianstad,0,2025,0,2025,,,Ny kandidat
MBH Karlskrona AB,5594272824,"c/o Bolagspartner avveckling, Box 1067",221 04,Lund,Lund,0,2025,0,2023,,,Ny kandidat
M Ohlsson invest AB,5593640112,Annedalsvägen 27,291 63,Kristianstad,Kristianstad,0,2025,0,2022,,,Ny kandidat
M Hultenheim Sverige AB,5569385593,"c/o MADELEINE HULTENHEIM BONDESSON, Hillerödsvägen 12 b",217 47,Malmö,Malmö,0,2025,0,2013,,,Ny kandidat
LövestadBygg & Hälsa AB,5595375063,Lövestad Byaväg 22,275 71,Lövestad,Sjöbo,,,1-4,2025,,,Ny kandidat
Lundberg Enterprise AB,5592559651,Norra Ringvägen 38,269 40,Båstad,Båstad,0,2025,0,2020,,,Ny kandidat
Luana Partners AB,5566353347,Markaskälsvägen 25,226 47,Lund,Lund,0,2024,0,2002,,,Ny kandidat
LoJaM AB,5590636485,Kaveldunsvägen 56-7,246 51,Löddeköpinge,Kävlinge,0,2025,0,2016,,,Ny kandidat
Ljungstaden Holding AB,5590095062,Box 1057,262 21,Ängelholm,Ängelholm,0,2025,1,2015,,,Ny kandidat
Ledholmens uthyrning AB,5594674896,Ledholmsvägen 50,247 72,Genarp,Lund,,,0,2024,,,Ny kandidat
LINN0901 AB,5592623606,Amiralsgatan 18,211 55,Malmö,Malmö,0,2024,1,2020,,,Ny kandidat
LINDQ AB,5569534059,Gamla Borrebackevägen 27,218 74,Tygelsjö,Malmö,0,2025,0,2013,,,Ny kandidat
LEYGAB AB,5591454011,Bertrandsgatan 3 a,212 14,Malmö,Malmö,0,2025,5-9,2018,,,Ny kandidat
LAWA Resurs AB,5595757823,Betesvägen 68,263 54,Lerberget,Höganäs,,,0,2026,,,Ny kandidat
Kompea AB,5592603970,Boklundevägen 10,298 93,Huaröd,Kristianstad,0,2024,1,2020,,,Ny kandidat
Klinisknutrition i sjukvården Skåne AB,5591676795,Bures Gata 17 b,215 33,Malmö,Malmö,0,2024,0,2018,,,Ny kandidat
Kaya Services AB,5591679609,Spångatan 27 a,211 53,Malmö,Malmö,0,2024,0,2018,,,Ny kandidat
Kasia Olszewska AB,5569078727,Båtbyggaregatan 112,216 42,Limhamn,Malmö,0,2025,0,2012,,,Ny kandidat
Joakim Magnusson AB,5567249759,Värbyängen 19,233 65,Bara,Svedala,0,2025,1-4,2007,,,Ny kandidat
Jobbify AB,5594696949,Lappsvarvsgränd 7,233 75,Klågerup,Svedala,0,2025,0,2024,,,Ny kandidat
Jobbie Bemanning AB,5595207191,Sundstorget 2,252 21,Helsingborg,Helsingborg,0,2025,1-4,2025,,,Ny kandidat
Ingela Eknäs AB,5592365976,Nolles Väg 31,271 76,Löderup,Ystad,0,2024,0,2020,,,Ny kandidat
I.S.A FLOW AB,5595710582,Hyllie Allé 3 a,215 34,Malmö,Malmö,,,0,2026,,,Ny kandidat
Höörs Sjukvårdskonsult AB,5593082596,Svangatan 14,243 31,Höör,Höör,0,2025,1,2021,,,Ny kandidat
Hårgalleriet Limhamn AB,5593491847,Järnvägsgatan 28,216 14,Limhamn,Malmö,0,2024,0,2021,,,Ny kandidat
Håkans Bilteknik i Veberöd AB,5591591499,Rågvägen 2,274 61,Rydsgård,Skurup,0,2025,0,2018,,,Ny kandidat
Hyllie Service AB,5595606707,Hyllie Allé 9 c 1404,215 34,Malmö,Malmö,,,1-4,2025,,,Ny kandidat
Holmgården Consulting AB,5595355537,Holmgårdsgatan 7,217 74,Malmö,Malmö,,,0,2025,,,Ny kandidat
Helrent i Sverige AB,5592579196,Åhusvägen 88,291 76,Rinkaby,Kristianstad,0,2024,5-9,2020,,,Ny kandidat
Head2Rent AB,5594005596,Skånegatan 15,267 33,Bjuv,Bjuv,0,2025,0,2022,,,Ny kandidat
Hartdez Bemanning AB,5594935859,Beckasinvägen 19,274 33,Skurup,Skurup,,,0,2024,,,Ny kandidat
HUGOBOLAGET AB,5592486285,"c/o Provisell, Box 20",263 03,Viken,Höganäs,0,2025,0,2020,,,Ny kandidat
HRV Group Sweden AB,5569919961,Trädgårdsgatan 9 2 Vån,252 24,Helsingborg,Helsingborg,0,2025,0,2014,,,Ny kandidat
H. Koch AB,5595430397,Nyslättsvägen 16,264 36,Klippan,Klippan,,,1-4,2025,,,Ny kandidat
Göteborg Logistik & Montage AB,5593011462,Vintergatan 10,275 33,Sjöbo,Sjöbo,0,2024,0,2021,,,Ny kandidat
Grön Vittra AB,5595675835,Åttavägen 425-33 Lilla Markie,231 73,Anderslöv,Trelleborg,,,0,2026,,,Ny kandidat
Green & White Invest AB,5594172529,Duvstigen 23,284 37,Perstorp,Perstorp,0,2025,0,2023,,,Ny kandidat
Grand car Care Sweden AB,5594755380,Lundavägen 19,212 18,Malmö,Malmö,0,2025,20-49,2024,,,Ny kandidat
Globala Bygg Gruppen i Stockholm AB,5564287265,Vildrosgatan 91,254 59,Helsingborg,Helsingborg,0,2025,0,1991,,,Ny kandidat
G&G GROUP AB,5591786917,"c/o G&G Group AB, Stridsvagnsvägen 14",291 39,Kristianstad,Kristianstad,0,2025,0,2018,,,Ny kandidat
G Lund Medical AB,5591467047,Östanväg 91,216 19,Malmö,Malmö,0,2025,0,2018,,,Ny kandidat
Fnada Aktiebolag,5595511840,Plutogatan 38,254 73,Ödåkra,Helsingborg,,,0,2025,,,Ny kandidat
FLM Bemanning AB,5593740946,Ringgatan 15,212 12,Malmö,Malmö,0,2025,0,2022,,,Ny kandidat
Excellent Work Sweden AB,5592659303,Bysmedsgatan 7,216 23,Malmö,Malmö,0,2024,0,2020,,,Ny kandidat
Estranged AB,5565880688,Lotskajen 9,216 42,Limhamn,Malmö,0,2025,100-199,2000,,,Ny kandidat
Equity et Bonus Aktiebolag,5566856588,Käringtandsvägen 6 a,231 75,Beddingestrand,Trelleborg,0,2025,0,2005,,,Ny kandidat
Emptiro Infrastruktur AB,5569183774,Kamaxelgatan 11 1tr,212 41,Malmö,Malmö,0,2025,0,2013,,,Ny kandidat
Elixir AB,5594168246,Ängdalavägen 28,217 47,Malmö,Malmö,0,2025,0,2023,,,Ny kandidat
Ekebacken Drift AB,5595137372,Vinslöv 1063,288 90,Vinslöv,Hässleholm,0,2025,20-49,2025,,,Ny kandidat
Eixample AB,5569258154,Storgatan 112 d,262 33,Ängelholm,Ängelholm,0,2025,0,2013,,,Ny kandidat
Easy Employ Sweden AB,5594788340,Ystadvägen 22 b,214 30,Malmö,Malmö,,,0,2024,,,Ny kandidat
ETF AB,5595410639,Hässleholmsvägen 94,286 35,Örkelljunga,Örkelljunga,,,1-4,2025,,,Ny kandidat
ES El i Skåne AB,5567000913,Rundelsgatan 16 0001,273 34,Tomelilla,Tomelilla,0,2025,1,2006,,,Ny kandidat
Duplexa AB,5595732495,Ligustergatan 30,213 62,Malmö,Malmö,,,0,2026,,,Ny kandidat
Dinhan AB,5569946923,Lärkvägen 1,241 38,Eslöv,Eslöv,0,2025,0,2014,,,Ny kandidat
David Karvemo AB,5593349599,Köpenhamnsvägen 22 a Lgh 1003,217 43,Malmö,Malmö,0,2025,1-4,2021,,,Ny kandidat
Dadai AB,5595077347,Nobelvägen 147 c 1004,212 15,Malmö,Malmö,0,2025,1-4,2024,,,Ny kandidat
DAMONI Rental Healthcare AB,5594324757,Ängslyckevägen 10,273 95,Onslunda,Tomelilla,0,2025,1,2023,,,Ny kandidat
Cuidaesthetica AB,5593992828,Sadelmakebyn 3 d Lgh 1104,218 40,Bunkeflostrand,Malmö,0,2025,1,2022,,,Ny kandidat
Cormar/rox.läkarkonsult AB,5591620082,Fleningevägen 229,254 77,Fleninge,Helsingborg,0,2025,0,2018,,,Ny kandidat
Comprehensivus AB,5591569784,"c/o Advokatfirman Lindahl HB, Studentgatan 6",211 38,Malmö,Malmö,0,2023,0,2018,,,Ny kandidat
Chinose AB,5593924714,Karl x Gustavs Gata 85,254 40,Helsingborg,Helsingborg,0,2025,0,2022,,,Ny kandidat
Certus Rail AB,5591229520,Bankgatan 22,233 31,Svedala,Svedala,0,2024,0,2017,,,Ny kandidat
CAI AGENCY AB,5590362843,Mangårdsgatan 61,256 67,Helsingborg,Helsingborg,0,2025,0,2015,,,Ny kandidat
C & R Consult AB,5595451443,Agronomvägen 26,261 75,Asmundtorp,Landskrona,,,0,2025,,,Ny kandidat
Buskeröd Bemannings AB,5592939861,Brandstorpsvägen 223,263 91,Höganäs,Höganäs,0,2025,0,2020,,,Ny kandidat
Bonina Aktiebolag,5591344899,Kullagatan 37 Lgh 1109,252 20,Helsingborg,Helsingborg,0,2025,0,2017,,,Ny kandidat
Bayan Care AB,5590702469,Revärgatan 5,254 23,Helsingborg,Helsingborg,0,2025,0,2016,,,Ny kandidat
BasicHealth Lund AB,5569290231,Banergränden 1,226 48,Lund,Lund,0,2025,1,2013,,,Ny kandidat
BUDGET BOKFÖRING I MALMÖ Aktiebolag,5563331205,Trollenäsgatan 18,217 73,Malmö,Malmö,0,2025,0,1988,,,Ny kandidat
BOST bemanning AB,5593132284,Klittergatan 4,252 30,Helsingborg,Helsingborg,0,2024,0,2021,,,Ny kandidat
Assistansgruppen ASS-gruppen AB,5565285656,Liarumsvägen 548,298 92,Tollarp,Kristianstad,0,2025,0,1996,,,Ny kandidat
Alla Jobb Egenanställning i Skandinavien AB,5594665084,Ledebursgatan 3,211 55,Malmö,Malmö,0,2025,1-4,2024,,,Ny kandidat
All One Consulting AB,5595884775,Norra Skolgatan 2 a,264 33,Klippan,Klippan,,,1-4,2026,,,Ny kandidat
Ambient bygg och målning AB,5595682971,Slussgårdens Mittgränd 6,231 65,Trelleborg,Trelleborg,,,0,2026,,,Ny kandidat
Agnes Skarelid AB,5593436404,Lilla Varvsgatan 29 a,211 76,Malmö,Malmö,0,2025,0,2021,,,Ny kandidat
Adrian Wallenholm Holding AB,5568584840,Ljunghedsvägen 20,263 75,Nyhamnsläge,Höganäs,0,2025,0,2011,,,Ny kandidat
Adensia Consulting Sweden AB,5592151509,Hammarbacksvägen 25,238 36,Oxie,Malmö,0,2024,1-4,2019,,,Ny kandidat
Acomenda AB,5594342528,Skogshejdevägen 75-43,271 95,Ystad,Ystad,0,2025,0,2023,,,Ny kandidat
AZ-VVS Rörservice AB,5595444059,Santessons Väg 1,232 61,Arlöv,Burlöv,,,0,2025,,,Ny kandidat
AND Taxi AB,5594027137,Andesitgatan 9 i,254 68,Helsingborg,Helsingborg,0,2023,0,2022,,,Ny kandidat
AMG LOGISTIK AB,5594462904,Gärdesvägen 69,281 41,Hässleholm,Hässleholm,,,0,2023,,,Ny kandidat
AIMEI AB,5595849950,Tornfalksgatan 8 a,215 60,Malmö,Malmö,,,1-4,2026,,,Ny kandidat
ACG Consulting AB,5592512726,Västervång 28,247 34,Södra Sandby,Lund,0,2025,0,2020,,,Ny kandidat
AB simpler4u,5591495444,Kaptensgatan 24 b,252 70,Råå,Helsingborg,0,2025,1-4,2018,,,Ny kandidat
AB WAHLIHR,5569881005,Katslösa 1313,274 62,Rydsgård,Skurup,0,2025,1,2014,,,Ny kandidat
4 Söner & Co AB,5567946610,Strandridarevägen 9,266 55,Vejbystrand,Ängelholm,0,2025,0,2009,,,Ny kandidat
AA Skåne Bemanning AB,5592658370,Annerovägen 2 b,254 62,Helsingborg,Helsingborg,0,2025,0,2020,,,Ny kandidat
A One Bemanning och Rekrytering AB,5595057687,Segedalsvägen 9,232 91,Arlöv,Burlöv,,,50-99,2024,,,Ny kandidat
Vårdtjänst Sverige AB,5592781917,Tycklinge Gård 208,592 94,Vadstena,Vadstena,0,2025,1,2020,,,Ny kandidat
Vikens Entreprenad i Sverige AB,5564000973,Mossebogatan 16 b,615 95,Valdemarsvik,Valdemarsvik,0,2025,0,1990,,,Ny kandidat
Yobby AB,5592587009,"c/o David Webling, Södra Fredberga 6",591 92,Motala,Motala,0,2025,0,2020,,,Ny kandidat
Trångön AB,5568813207,Sontorp 111,612 74,Grytgöl,Finspång,0,2025,0,2012,,,Ny kandidat
Theovik AB,5569094500,Nybblegatan 37,583 72,Vikingstad,Linköping,0,2025,1,2012,,,Ny kandidat
Svensk Litiumbatteriretur AB,5592746068,"c/o Sånart Boxholm AB, Anderstorpsvägen 16",595 72,Boxholm,Boxholm,0,2025,0,2020,,,Ny kandidat
Sweorice AB,5594322090,Rågången 4,586 43,Linköping,Linköping,0,2023,0,2023,,,Ny kandidat
Soner Entreprenad AB,5593159766,Nionde Sjögränd 2 b,591 62,Motala,Motala,0,2025,0,2021,,,Ny kandidat
Slätmon Uthyrning AB,5591406763,Importgatan 48 Bv,602 28,Norrköping,Norrköping,0,2025,0,2017,,,Ny kandidat
Shimons AB,5591867360,Hörngatan 18 d Lgh 1201,602 34,Norrköping,Norrköping,0,2025,1-4,2018,,,Ny kandidat
Scandinavia Consult AB,5595323238,Eldslukargränd 1,596 34,Skänninge,Mjölby,0,2025,0,2025,,,Ny kandidat
RosaLex Casting & Staff AB,5595382283,Viby Vägstorp 1,595 97,Mantorp,Mjölby,,,0,2025,,,Ny kandidat
SKR Tjänster AB,5595732818,Ödegårdsgatan 40,587 24,Linköping,Linköping,,,0,2026,,,Ny kandidat
Projektkonsult i Norrköping AB,5592912298,Fjärilsgatan 55,603 61,Norrköping,Norrköping,0,2025,0,2020,,,Ny kandidat
Polloptimum AB,5593367989,Lötgatan 25,603 37,Norrköping,Norrköping,0,2025,1-4,2021,,,Ny kandidat
Pensionärsbyrån i Linköping AB,5590862842,Flemma Björkliden 1,585 78,Vreta Kloster,Linköping,0,2025,1-4,2016,,,Ny kandidat
Nordisk Elitbemanning AB,5595380493,Grånestad 4,605 93,Norrköping,Norrköping,,,1-4,2025,,,Ny kandidat
Nordic Precision Städ AB,5595278234,Östra Promenaden 21 a Lgh 1102,602 43,Norrköping,Norrköping,0,2025,0,2025,,,Ny kandidat
Medi Q i Östergötland AB,5562365972,Trädgårdsgatan 33 c,602 42,Norrköping,Norrköping,0,2025,1,1983,,,Ny kandidat
Marvin & Grace AB,5567318588,"c/o Mikael Bönnemark, Alkärrsgatan 44",603 80,Norrköping,Norrköping,0,2025,0,2007,,,Ny kandidat
M Kärnkompetens AB,5595760181,Luntgatan 8 c Lgh 1102,602 47,Norrköping,Norrköping,,,10-19,2026,,,Ny kandidat
LrJa Förvaltning AB,5591861371,Fornåsa Skrikstad 131,591 79,Fornåsa,Motala,0,2025,0,2018,,,Ny kandidat
Leijon Säkerhet AB,5595576769,Kanongatan 28,587 52,Linköping,Linköping,,,0,2025,,,Ny kandidat
LYEL AB,5567621908,Vickerkullavägen 2,591 45,Motala,Motala,0,2024,0,2008,,,Ny kandidat
Keja Invest AB,5593548000,Skeda Ängstugan,585 97,Linköping,Linköping,0,2025,0,2021,,,Ny kandidat
KJN Helikopterflyg AB,5592565039,Björkliden 107,586 65,Linköping,Linköping,0,2025,0,2020,,,Ny kandidat
Johannes Tan AB,5595757963,Cirkusstigen 17,603 83,Norrköping,Norrköping,,,1-4,2026,,,Ny kandidat
Jobcom Väg AB,5595148890,S:T Larsgatan 25,582 24,Linköping,Linköping,,,1-4,2025,,,Ny kandidat
Jimmy Masoud AB,5595257626,Sanduddevägen 11,617 34,Skärblacka,Norrköping,,,0,2025,,,Ny kandidat
Jannerstad Consulting AB,5593869190,Kvarnfallsvägen 39,585 97,Linköping,Linköping,0,2025,0,2022,,,Ny kandidat
JB Maskin & Transport AB,5595792457,Källgatan 7 b,597 40,Åtvidaberg,Åtvidaberg,,,1-4,2026,,,Ny kandidat
J&A Entreprenad AB,5595371138,Gullborg Gård 4,605 94,Norrköping,Norrköping,,,1-4,2025,,,Ny kandidat
Irebrings Entreprenad AB,5590735063,Bårstad 106,592 93,Borghamn,Vadstena,0,2025,0,2016,,,Ny kandidat
Hillestrand Consulting AB,5567608715,Brobyvägen 1 b,614 34,Söderköping,Söderköping,0,2025,0,2008,,,Ny kandidat
Health Bridge AB,5592544984,Gamla Rådstugugatan 3,602 24,Norrköping,Norrköping,0,2025,0,2020,,,Ny kandidat
HeBe Konsult AB,5594879651,Alpstigen 3,589 37,Linköping,Linköping,0,2025,0,2024,,,Ny kandidat
Haziel AB,5593929333,Enebygatan 35 b,602 18,Norrköping,Norrköping,0,2025,0,2022,,,Ny kandidat
Gilmark & Partner Aktiebolag,5565117404,Tråstad Mellangården 520,591 93,Motala,Motala,0,2025,0,1995,,,Ny kandidat
Gigant Partner AB,5594426958,Gotthemsgatan 24,603 80,Norrköping,Norrköping,0,2024,0,2023,,,Ny kandidat
Gamla Ledberget AB,5568509052,Gamla Ledbergsvägen 6,586 62,Linköping,Linköping,0,2025,0,2011,,,Ny kandidat
GV Health AB,5594444639,Annagatan 8,582 13,Linköping,Linköping,0,2025,0,2023,,,Ny kandidat
Företagskonsult i Svärtinge AB,5592815798,Utsiktsvägen 3,605 70,Svärtinge,Norrköping,0,2025,0,2020,,,Ny kandidat
Fyrtek Förvaltning AB,5590571518,Idögatan 49,582 78,Linköping,Linköping,0,2025,0,2016,,,Ny kandidat
Fam GEF AB,5566329164,Platensgatan 14,582 20,Linköping,Linköping,0,2025,0,2002,,,Ny kandidat
FAMA Group AB,5595755223,Styrmansgatan 32 Lgh 1501,602 26,Norrköping,Norrköping,,,1-4,2026,,,Ny kandidat
Erlandsgården Konsult AB,5592279862,"c/o Marie Elwing Tegnebo, Tegneby 1",599 93,Ödeshög,Ödeshög,0,2025,0,2019,,,Ny kandidat
Dr. Issa AB,5593311086,Stjerneldsvägen 11,603 65,Norrköping,Norrköping,0,2025,0,2021,,,Ny kandidat
Do Medical AB,5592118359,Lillsjövägen 4 c,616 34,Åby,Norrköping,0,2025,0,2019,,,Ny kandidat
Claudia Gullström AB,5568998750,Hällebovägen 4,589 31,Linköping,Linköping,0,2025,0,2012,,,Ny kandidat
CitiusCare AB,5590178140,Vallmogatan 13,591 72,Motala,Motala,0,2025,0,2015,,,Ny kandidat
DS Bemanning AB,5595797084,Mathilda Jungstedts Gata 49,603 76,Norrköping,Norrköping,,,0,2026,,,Ny kandidat
DEMREC AB,5590081278,Thorell Gata 1,582 55,Linköping,Linköping,0,2025,0,2015,,,Ny kandidat
D Eriksson Entreprenad i Östergötland AB,5595712232,Ljungstorp Godegård 323,591 98,Motala,Motala,,,1-4,2026,,,Ny kandidat
Cakar & Wallmans AB,5567726574,Norra Promenaden,602 19,Norrköping,Norrköping,0,2025,0,2008,,,Ny kandidat
C Hollsten AB,5595581082,Grebo Braberg,585 95,Linköping,Åtvidaberg,,,1-4,2025,,,Ny kandidat
CT Care AB,5594417619,Örsätersvägen 1,605 91,Norrköping,Norrköping,0,2025,0,2023,,,Ny kandidat
Botrygg Bygg Göteborg AB,5592274400,Junkersgatan 1,582 35,Linköping,Linköping,0,2025,0,2019,,,Ny kandidat
Albeos AB,5592806805,Bjäsätter Fastestugan 1,585 78,Vreta Kloster,Linköping,0,2026,0,2020,,,Ny kandidat
Adelficum AB,5594194374,Kunskapslänken 122 Lgh 1101,583 27,Linköping,Linköping,0,2025,0,2023,,,Ny kandidat
Alf Care AB,5569847667,Stallgatan 4,582 54,Linköping,Linköping,0,2025,0,2014,,,Ny kandidat
Acero Med AB,5569730038,Lovabacken 1,590 45,Brokind,Linköping,0,2025,0,2014,,,Ny kandidat
Accuratio AB,5591049373,Gullvivegatan 13,591 72,Motala,Motala,0,2025,0,2017,,,Ny kandidat
Aaliya Healthcare AB,5595376889,Plöjaregatan 104 d,583 33,Linköping,Linköping,,,0,2025,,,Ny kandidat
ARAM VATTEN & BEMANNING AB,5593847477,Barrskogsvägen 1,617 71,Kimstad,Norrköping,0,2025,0,2022,,,Ny kandidat
APW Konsulter AB,5595075754,Evastigen 17,585 71,Ljungsbro,Linköping,0,2025,0,2024,,,Ny kandidat
AHG Kompetens AB,5595319137,Norra Oskarsgatan 23,582 73,Linköping,Linköping,,,1-4,2025,,,Ny kandidat
A-Staffing Nordic AB,5567589394,Kungsvägen 59,595 41,Mjölby,Mjölby,0,2024,0,2008,,,Ny kandidat
Vistrial AB,5594243817,Sofielundsgatan 3,753 23,Uppsala,Uppsala,0,2025,0,2023,,,Ny kandidat
Sundgren People & Culture Consulting AB,5595801696,S:T Göransgatan 28,753 24,Uppsala,Uppsala,,,1-4,2026,,,Ny kandidat
Solbackarnas Vårdbemanning AB,5568995111,Kvarnboda 4,741 98,Knutby,Uppsala,0,2025,1-4,2012,,,Ny kandidat
Skillsta Trädgård AB,5595261685,Skillsta 45,755 78,Vänge,Uppsala,0,2025,1,2025,,,Ny kandidat
Scandinavian Nursing Group AB,5595856476,Hjalmar Brantingsgatan 2 c,753 27,Uppsala,Uppsala,,,1-4,2026,,,Ny kandidat
SVK Uppsala AB,5568255177,Blomgatan 6 a,752 31,Uppsala,Uppsala,0,2025,0,2010,,,Ny kandidat
Pharmac AB,5569200685,Arkelogvägen 38,754 43,Uppsala,Uppsala,0,2025,0,2013,,,Ny kandidat
Pharma Rosa AB,5595388074,Herrhagsvägen 195,752 69,Uppsala,Uppsala,,,1-4,2025,,,Ny kandidat
P Lagers service AB,5595668541,Stocksjövägen 3,743 94,Skyttorp,Uppsala,,,0,2026,,,Ny kandidat
Ren Jämt i Uppsala Fastighet AB,5568185408,Grafikgatan 26,754 54,Uppsala,Uppsala,0,2025,1-4,2010,,,Ny kandidat
Nurse Hydara AB,5591529747,Dragarbrunnsgatan 11 b,753 32,Uppsala,Uppsala,0,2025,0,2018,,,Ny kandidat
Nh omsorg & estetik AB,5593698037,"c/o Nalin Haidar, Grindstugegatan 5",752 54,Uppsala,Uppsala,0,2025,0,2022,,,Ny kandidat
Morano BemanningsExperten AB,5594919507,Opalvägen 7,752 69,Uppsala,Uppsala,,,1-4,2024,,,Ny kandidat
Medialis AB,5590399027,Stationsgatan 28,753 40,Uppsala,Uppsala,0,2024,0,2015,,,Ny kandidat
Levontex AB,5594305772,Karlfeldtsgatan 2,754 21,Uppsala,Uppsala,0,2025,1-4,2023,,,Ny kandidat
Kanonbygg Mälardalen AB,5568430291,"c/o Konrad Advokater, Box 2051",750 02,Uppsala,Uppsala,0,2023,3,2011,,,Ny kandidat
JB Accipiter AB,5566356563,Trädgårdsgatan 3,753 09,Uppsala,Uppsala,0,2025,0,2002,,,Ny kandidat
J & E Bergkvist AB,5593061822,Trollbäcksvägen 10,743 82,Bälinge,Uppsala,0,2025,0,2021,,,Ny kandidat
Invoicery International Europe AB,5595033035,Dag Hammarskjölds Väg 13,752 37,Uppsala,Uppsala,0,2025,1,2024,,,Ny kandidat
Invoicery Europlus AB,5595041673,Dag Hammarskjölds Väg 13,752 37,Uppsala,Uppsala,0,2025,0,2024,,,Ny kandidat
Hej Vietnam AB,5595257808,Bäverns Gränd 15 a Lgh 1401,753 19,Uppsala,Uppsala,0,2025,0,2025,,,Ny kandidat
Heaven Care AB,5594074121,Vangsbyvägen 124,755 76,Vänge,Uppsala,0,2025,0,2022,,,Ny kandidat
HVK Advice AB,5593840886,Alsikegatan 4 b,753 23,Uppsala,Uppsala,0,2025,0,2022,,,Ny kandidat
Grönagruppen AB,5593185548,Tiundagatan 61,752 30,Uppsala,Uppsala,0,2025,0,2021,,,Ny kandidat
GB i Mälardalen AB,5592676521,Bellmansgatan 18 Lgh 110,754 26,Uppsala,Uppsala,0,2025,0,2020,,,Ny kandidat
Estemia AB,5568128044,Köpenhamnsgatan 36,752 64,Uppsala,Uppsala,0,2025,0,2010,,,Ny kandidat
Erika vård och omsorg AB,5591336143,Gunggräna 4,755 91,Uppsala,Uppsala,0,2025,0,2017,,,Ny kandidat
Empirus AB,5568608201,Geijersgatan 55,752 31,Uppsala,Uppsala,0,2025,0,2011,,,Ny kandidat
Elitea Consulting AB,5594423443,"c/o Sari Hedlund, Kryddblandargatan 43",753 41,Uppsala,Uppsala,0,2025,0,2023,,,Ny kandidat
Brilliant Values Bemanning & Affärsutveckling AB,5591276570,Vaksalagatan 28,753 31,Uppsala,Uppsala,0,2024,0,2017,,,Ny kandidat
Badrumsson AB,5569610636,Danmarks-Edebybro 1,741 76,Uppsala,Uppsala,0,2025,0,2014,,,Ny kandidat
B & B Molander AB,5591760904,Tiundagatan 61,752 30,Uppsala,Uppsala,0,2025,0,2018,,,Ny kandidat
AdaptiveCare Scandinavia AB,5595519082,Bellmansgatan 74,754 26,Uppsala,Uppsala,,,0,2025,,,Ny kandidat
Viva Veteran AB,5594819319,Gånstavägen 4,749 43,Enköping,Enköping,0,2025,1,2024,,,Ny kandidat
Villberga Solutions AB,5567965081,Drottninggatan 23 Lgh 1201,745 30,Enköping,Enköping,0,2025,0,2009,,,Ny kandidat
Vacanza AB,5590360953,Årsta 153,815 91,Tierp,Tierp,0,2025,1,2015,,,Ny kandidat
Tand och Sten AB,5592440712,Klippervägen 22 b,749 48,Enköping,Enköping,0,2025,0,2020,,,Ny kandidat
StarkStäll AB,5595844225,Plommonvägen 5,741 31,Knivsta,Knivsta,,,1-4,2026,,,Ny kandidat
Skyline Engineering and Crew AB,5595633586,Målgårdsvägen 2,741 46,Knivsta,Knivsta,,,1-4,2025,,,Ny kandidat
T.A's Mek & Maskin AB,5595282632,Fresta 113,747 91,Alunda,Östhammar,,,0,2025,,,Ny kandidat
SJT Bemanning AB,5591835144,Kurvallen 43,741 92,Knivsta,Knivsta,0,2025,0,2018,,,Ny kandidat
Nurse Assist i Norden AB,5591259212,Stenbrottsgatan 1 c,741 47,Knivsta,Knivsta,0,2025,0,2017,,,Ny kandidat
Manges Resurs AB,5569745044,Sjövägen 4,746 31,Bålsta,Håbo,0,2025,0,2014,,,Ny kandidat
MT Consulting Group AB,5595875344,Sulkyvägen 11,746 39,Bålsta,Håbo,,,0,2026,,,Ny kandidat
MGP Kompetens AB,5590819800,Västra Ringgatan 35 b,745 31,Enköping,Enköping,0,2025,0,2016,,,Ny kandidat
Km4 logistik AB,5595838292,Rombergsgatan 39,745 33,Enköping,Enköping,,,1-4,2026,,,Ny kandidat
Jomiki Invest AB,5568200439,Augustibacken 2,746 93,Bålsta,Håbo,0,2025,0,2010,,,Ny kandidat
Group 110 AB,5569351066,Kristinagatan 20,745 30,Enköping,Enköping,0,2025,1,2013,,,Ny kandidat
Backlund & Sons Holding AB,5590523048,Ekeby 21,747 92,Alunda,Östhammar,0,2025,1,2016,,,Ny kandidat
Thess4interior AB,5568921232,"c/o Timothy Gullberg, Swedenborgsgatan 30 a",554 48,Jönköping,Jönköping,0,2025,0,2012,,,Ny kandidat
T.A Consult AB,5595456772,Solstickegatan 6 Lgh 1406,553 14,Jönköping,Jönköping,,,1-4,2025,,,Ny kandidat
Solviae AB,5591572309,Östra Storgatan 6,553 21,Jönköping,Jönköping,0,2025,0,2018,,,Ny kandidat
RavSkill AB,5592998461,"c/o Amber Advokater Jönköping KB, Lantmätargränd 59",553 20,Jönköping,Jönköping,0,2022,1,2021,,,Ny kandidat
RKB Byggteknik i Jönköping AB,5590988977,Box 145,561 22,Huskvarna,Jönköping,0,2024,0,2017,,,Ny kandidat
PetriCare AB,5592916679,Ladugårdsgatan 3,562 42,Taberg,Jönköping,0,2024,0,2020,,,Ny kandidat
Hampus Jonasson AB,5590944368,Frimurargatan 6,554 54,Jönköping,Jönköping,0,2024,1,2016,,,Ny kandidat
Jobbonärspoolen AB,5595187690,Kransgatan 28,562 32,Norrahammar,Jönköping,,,0,2025,,,Ny kandidat
JBJ Konsult & Bemanning AB,5567628549,Skogsstigen 8,554 39,Jönköping,Jönköping,0,2025,1,2008,,,Ny kandidat
Emotion Staffing AB,5594978545,Transportvägen 15,556 50,Jönköping,Jönköping,,,20-49,2024,,,Ny kandidat
Duvek Advisory AB,5595811737,Dunkevägen 17,554 47,Jönköping,Jönköping,,,0,2026,,,Ny kandidat
DD EBRAHAM AB,5590377627,Rosmarinvägen 34,554 59,Jönköping,Jönköping,0,2025,0,2015,,,Ny kandidat
Båt och motor i Gränna AB,5564963071,Skiftesvägen 52,563 31,Gränna,Jönköping,0,2025,1,1994,,,Ny kandidat
Anjo Fgt AB,5594923459,Barnarpsgatan 39 g,553 30,Jönköping,Jönköping,0,2025,0,2024,,,Ny kandidat
Aditus PersonalPartner AB,5568475288,Box 145,561 22,Huskvarna,Jönköping,0,2025,0,2011,,,Ny kandidat
Acrilex Holding AB,5564712809,Bunn Fridsberg 13,563 93,Gränna,Jönköping,0,2025,0,1993,,,Ny kandidat
marmelaid AB,5568405608,Bårestorp Västergård 1,567 91,Vaggeryd,Vaggeryd,0,2024,1-4,2011,,,Ny kandidat
WoNLAB AB,5595631267,Höggatan 6 a,573 33,Tranås,Tranås,,,0,2025,,,Ny kandidat
Sign Invest AB,5569576258,Västbovägen 16 a,331 33,Värnamo,Värnamo,0,2025,0,2014,,,Ny kandidat
Sanvita Aktiebolag,5566581830,Norrgatan 3,571 78,Forserum,Nässjö,0,2025,1,2004,,,Ny kandidat
Sankt Anna Bemanning AB,5594068578,Värnamovägen 31,331 94,Värnamo,Värnamo,0,2024,0,2022,,,Ny kandidat
Rosegarden Landskrona AB,5594253741,Industrivägen 5,333 71,Bredaryd,Värnamo,0,2024,0,2023,,,Ny kandidat
QTEX AB,5590702766,Slättö Ekenäs 2,331 72,Forsheda,Värnamo,0,2024,1,2016,,,Ny kandidat
Polimedica AB,5594740150,Aprikosvägen 38,331 54,Värnamo,Värnamo,0,2024,0,2024,,,Ny kandidat
Pgren Design & Konsult AB,5569499956,Lids Skola,335 91,Gnosjö,Gnosjö,0,2024,0,2013,,,Ny kandidat
MM Personal AB,5590862255,Birkagatan 21,566 34,Habo,Habo,0,2025,0,2016,,,Ny kandidat
Kemant AB,5591575476,Ringvägen 24,333 71,Bredaryd,Värnamo,0,2024,0,2018,,,Ny kandidat
Karim Care AB,5569520975,Norra Långgatan 46,332 38,Gislaved,Gislaved,0,2025,0,2013,,,Ny kandidat
LVS Personaluthyrning AB,5591113799,"c/o LVS Bemanning, Källeruddsvägen 36",333 73,Bredaryd,Gislaved,0,2024,0,2017,,,Ny kandidat
Kjell Ericsson i Kärda AB,5569976326,Herrestad Sjöhagen 1,331 95,Värnamo,Värnamo,0,2025,0,2014,,,Ny kandidat
JP Wilhelmsson AB,5593499527,Släthult 7,578 92,Aneby,Aneby,0,2025,1,2021,,,Ny kandidat
J2B AB,5595361170,Värnamovägen 1,333 31,Smålandsstenar,Gislaved,,,5-9,2025,,,Ny kandidat
Full fart Invest AB,5592065907,Landågatan 6 a,573 40,Tranås,Tranås,0,2025,0,2019,,,Ny kandidat
Framgångsfabriken i Habo AB,5568978026,Kapellgatan 13 a,566 32,Habo,Habo,0,2025,0,2012,,,Ny kandidat
ECAJ Vårdbemanning AB,5592749849,Nöbbele Byagård 4,331 97,Värnamo,Värnamo,0,2025,1,2020,,,Ny kandidat
Drotz Drängar AB,5595371385,Vasagatan 44,573 31,Tranås,Tranås,,,1-4,2025,,,Ny kandidat
Competence Group Småland AB,5593045734,Jönköpingsvägen 15 Plan 3,331 34,Värnamo,Värnamo,0,2025,0,2021,,,Ny kandidat
Cocl Medicus Norden AB,5594535642,Götavägen 26 a,331 52,Värnamo,Värnamo,0,2025,0,2023,,,Ny kandidat
CMB GROUP AB,5593464380,Vältgatan 7 a,335 32,Gnosjö,Gnosjö,0,2025,50-99,2021,,,Ny kandidat
C.Hedström maskin & bemanning AB,5594730557,Gåröström 2,335 33,Gnosjö,Gnosjö,0,2025,1-4,2024,,,Ny kandidat
Beidegårdh Konsult AB,5593047615,Torsgatan 26,573 31,Tranås,Tranås,0,2025,1,2021,,,Ny kandidat
Andersson & Brunosson AB,5590091434,Gevelhester 10,574 93,Vetlanda,Vetlanda,0,2025,0,2015,,,Ny kandidat
Aktiv Lego Värnamo AB,5568074057,Repslagarevägen 8,331 53,Värnamo,Värnamo,0,2025,0,2010,,,Ny kandidat
Aktiebolaget Söder & Co Vetlanda,5590288105,Stortorget 4 a,574 32,Vetlanda,Vetlanda,0,2025,0,2015,,,Ny kandidat
ARMARE AB,5592518756,Stallvägen 11,331 35,Värnamo,Värnamo,0,2025,0,2020,,,Ny kandidat
ADA Resurs AB,5595853374,Queckfeldtsgatan 43,571 40,Nässjö,Nässjö,,,0,2026,,,Ny kandidat
ellutlagerservice AB,5594408600,Klarabäcksgatan 1 d,312 34,Laholm,Laholm,0,2025,0,2023,,,Ny kandidat
Workvia AB,5595379123,Kabelgatan 1,434 37,Kungsbacka,Kungsbacka,,,1-4,2025,,,Ny kandidat
WorkCenter i Sverige AB,5594531997,Motörgatan 7,302 62,Halmstad,Halmstad,0,2025,0,2023,,,Ny kandidat
Unique Consulting i Halland AB,5595732388,Västgötavägen 15 c,311 37,Falkenberg,Falkenberg,,,0,2026,,,Ny kandidat
Villshärad Fastighet AB,5567479711,Sissikevägen 19,305 64,Gullbrandstorp,Halmstad,0,2026,0,2008,,,Ny kandidat
Utmarkens Förvaltnings AB,5593353310,Bäckvägen 6,302 91,Halmstad,Halmstad,0,2024,0,2021,,,Ny kandidat
Westcoast bemanning och utbildning AB,5592048929,Julles Väg 17 b,432 65,Väröbacka,Varberg,0,2025,1,2019,,,Ny kandidat
S.F. SOLPANELER & BEMANING AB,5594434739,Skånegatan 346,432 39,Varberg,Varberg,0,2025,0,2023,,,Ny kandidat
Snabba trasor AB,5595855411,Storgatan 1,312 30,Laholm,Laholm,,,1-4,2026,,,Ny kandidat
Skånska Entreprenadgruppen AB,5595514489,Äringsvägen 28,312 45,Veinge,Laholm,,,10-19,2025,,,Ny kandidat
Skavand AB,5591646277,Braxenvägen 55,302 61,Halmstad,Halmstad,0,2025,0,2018,,,Ny kandidat
Sjööarvs Service AB,5595893107,Sjöö 1,432 77,Tvååker,Varberg,,,0,2026,,,Ny kandidat
Siw & co AB,5595201178,Storängsvägen 26,432 94,Varberg,Varberg,,,1-4,2025,,,Ny kandidat
Roger Svensson Bemanning i Våxtorp AB,5569218901,Vegavägen 16,312 72,Skummeslövsstrand,Laholm,0,2025,0,2013,,,Ny kandidat
Pauder & People Bemanning AB,5595480798,Bredgatan 2,302 50,Halmstad,Halmstad,,,20-49,2025,,,Ny kandidat
Paketfrakt i Halmstad AB,5567692321,Sadelvägen 715,302 62,Halmstad,Halmstad,0,2025,0,2008,,,Ny kandidat
RS Entreprenad i Halmstad AB,5594460643,Guldringen 14,302 59,Halmstad,Halmstad,0,2025,0,2023,,,Ny kandidat
På G AB,5567913495,Ätrafors 235,311 65,Vessigebro,Falkenberg,0,2025,1,2009,,,Ny kandidat
Mikael Fermhede AB,5592180953,"c/o M Fermhede, Sveagatan 44",432 43,Varberg,Varberg,0,2025,0,2019,,,Ny kandidat
MEVCO AB,5591449375,"c/o Katarina mlekov, Äringsvägen 48",302 53,Halmstad,Halmstad,0,2025,0,2018,,,Ny kandidat
MULL Holding AB,5591258362,Iseråsvägen 2,439 34,Onsala,Kungsbacka,0,2025,0,2017,,,Ny kandidat
LuKe Bemanning AB,5569136715,Idévägen 14,312 62,Mellbystrand,Laholm,0,2025,0,2012,,,Ny kandidat
Livsdesign 2.0 AB,5569301137,Hedvägen 27,432 35,Varberg,Varberg,0,2025,0,2013,,,Ny kandidat
LERO Holding AB,5595119511,Trollsländevägen 3,302 24,Halmstad,Halmstad,0,2025,5-9,2024,,,Ny kandidat
Katrinedals Service-Center Aktiebolag,5563389393,Brandmansvägen 5,432 99,Skällinge,Varberg,0,2025,1,1988,,,Ny kandidat
KaMaLu AB,5593373458,Victors Väg 3,312 71,Skummeslövsstrand,Laholm,0,2025,0,2021,,,Ny kandidat
KT Komplex Service AB,5591286462,Örnvallen 1,314 32,Hyltebruk,Hylte,0,2025,0,2017,,,Ny kandidat
KN Trading AB,5594154063,Vitlingvägen 15,432 74,Träslövsläge,Varberg,0,2025,1,2022,,,Ny kandidat
JT Sweden AB,5568752496,"c/o Johan Thurnäs, Kyrkvägen 17",305 60,Harplinge,Halmstad,0,2025,0,2011,,,Ny kandidat
Johans Transportservice AB,5593948762,Sammels Väg 5,311 54,Glommen,Falkenberg,0,2025,0,2022,,,Ny kandidat
IH Service AB,5591995567,Bäckvägen 6,302 91,Halmstad,Halmstad,0,2025,1-4,2019,,,Ny kandidat
Holje Consulting AB,5593138711,Klackerupsgatan 9,302 20,Halmstad,Halmstad,0,2025,0,2021,,,Ny kandidat
JK Eventfix AB,5595726729,Saturnusvägen 22,312 72,Skummeslövsstrand,Laholm,,,0,2026,,,Ny kandidat
"Hartwig, Rasmussen & Victorsson AB",5569788010,Almedalsvägen 182,439 63,Frillesås,Kungsbacka,0,2025,0,2014,,,Ny kandidat
Flying Scandinavian Doctors AB,5590695671,Krabbes Väg 9,432 52,Varberg,Varberg,0,2025,1,2016,,,Ny kandidat
Ekologus AB,5569430233,Södra Vägen 25 b,302 90,Halmstad,Halmstad,0,2025,0,2013,,,Ny kandidat
Dickson Ranch Silver Meadow AB,5592414741,Häljared 201,311 62,Ullared,Falkenberg,0,2025,0,2020,,,Ny kandidat
FINT & FIX AB,5569161911,"c/o Fint&Fix AB, Co Solhemsvägen 9",312 45,Veinge,Laholm,0,2025,0,2012,,,Ny kandidat
CompanyCare LE AB,5594637042,Piggagårdsvägen 2,302 65,Halmstad,Halmstad,0,2025,0,2023,,,Ny kandidat
Clingston Engine AB,5569509366,Box 2020,429 11,Särö,Kungsbacka,0,2025,1,2013,,,Ny kandidat
Azori Medical AB,5591152623,Trävägen 1,432 78,Tvååker,Varberg,0,2025,1-4,2017,,,Ny kandidat
Avenstam vård AB,5591934798,Gråbergsvägen 30,305 72,Steninge,Halmstad,0,2025,0,2019,,,Ny kandidat
Argemina AB,5593456485,Öringevägen 3,305 75,Getinge,Halmstad,0,2025,0,2021,,,Ny kandidat
Anrep Medical AB,5594104910,Äskatorpsvägen 129,439 74,Fjärås,Kungsbacka,0,2024,0,2022,,,Ny kandidat
Berry Man AB,5594991191,Stortorget 1,311 30,Falkenberg,Falkenberg,0,2025,0,2024,,,Ny kandidat
Benjamin Pallas AB,5569365645,Åke Tottsgatan 5,311 74,Falkenberg,Falkenberg,0,2025,1,2013,,,Ny kandidat
BLE GROUP AB,5594125535,Källebäcksvägen 12,311 64,Vessigebro,Falkenberg,0,2025,1,2022,,,Ny kandidat
Bremdahl Solutions AB,5590018940,Snäckvägen 5,432 51,Varberg,Varberg,0,2025,0,2015,,,Ny kandidat
Boban Baca Transport AB,5568626682,Stämmovägen 31,312 34,Laholm,Laholm,0,2024,0,2011,,,Ny kandidat
Bjärskulla AB,5567891196,Valinge Rygg 33,432 92,Varberg,Varberg,0,2025,1,2009,,,Ny kandidat
Anne Care AB,5593505331,Handalavägen 1,313 92,Oskarström,Halmstad,0,2025,0,2021,,,Ny kandidat
Amadhalia AB,5592541550,Rosengatan 38,434 43,Kungsbacka,Kungsbacka,0,2025,0,2020,,,Ny kandidat
Accesia Netatwork AB,5590749668,Söndrumsvägen 35,302 37,Halmstad,Halmstad,0,2025,0,2016,,,Ny kandidat
2GETHER PARTNER AB,5594265166,Nyhemsgatan 22,302 49,Halmstad,Halmstad,0,2024,1-4,2023,,,Ny kandidat
AES Hedberg AB,5592122096,Kiselgatan 41,432 56,Varberg,Varberg,0,2025,0,2019,,,Ny kandidat
AE Personal AB,5569711590,Kabelgatan 2 m,434 37,Kungsbacka,Kungsbacka,0,2025,4,2014,,,Ny kandidat
Zeitoun Group AB,5592528623,"c/o Ghassan Zeitoun, Östanlidsvägen 7",703 75,Örebro,Örebro,0,2025,0,2020,,,Ny kandidat
Yxtabacken Consulting AB,5592257082,Yxtabacken 614,705 91,Örebro,Örebro,0,2025,0,2019,,,Ny kandidat
SteBri Konsult AB,5567934632,Hagmarksgatan 31 a Lgh 1104,702 16,Örebro,Örebro,0,2025,0,2009,,,Ny kandidat
Spår Helge Aktiebolag,5595874610,Isgatan 11,702 25,Örebro,Örebro,,,1-4,2026,,,Ny kandidat
Sann Sjuksköterska Sverige AB,5593650327,Box 1408,701 14,Örebro,Örebro,0,2025,1,2022,,,Ny kandidat
Sandin Invest AB,5594305186,Nytorpsvägen 16,702 31,Örebro,Örebro,0,2025,0,2023,,,Ny kandidat
Vitviken Fastigheter AB,5594474982,Mörkviksvägen 4 b,702 29,Örebro,Örebro,0,2025,0,2023,,,Ny kandidat
VillJa Livsvariationer AB,5591730220,Seved Bååts Väg 7 b,702 28,Örebro,Örebro,0,2025,0,2018,,,Ny kandidat
Procruitment Örebro AB,5594987579,Pappersbruksallén 1 a,702 15,Örebro,Örebro,,,5-9,2024,,,Ny kandidat
Pontus Vallner AB,5595628578,Botarevägen 2,715 96,Brevens Bruk,Örebro,,,0,2025,,,Ny kandidat
Närke bemanning AB,5595560607,Älvtomtagatan 14 a,703 83,Örebro,Örebro,,,0,2025,,,Ny kandidat
Nordic Digital Marketing AB,5595123562,Sundsviksvägen 9,705 97,Glanshammar,Örebro,,,0,2024,,,Ny kandidat
Petra Åhlund AB,5568305592,Halmvägen 3,703 75,Örebro,Örebro,0,2025,0,2010,,,Ny kandidat
Olsson i Täby AB,5590003660,Täby 218,705 94,Örebro,Örebro,0,2025,0,2015,,,Ny kandidat
OFB Logistik & Bemanning AB,5595199356,Transportgatan 5,702 27,Örebro,Örebro,0,2025,0,2025,,,Ny kandidat
Markstrateg i örebro AB,5595445585,Näset 213,705 94,Örebro,Örebro,,,1-4,2025,,,Ny kandidat
MFG Group AB,5595274506,Fältspatsvägen 33,703 74,Örebro,Örebro,,,10-19,2025,,,Ny kandidat
M&F Invest AB,5595398347,Ånstagatan 6,702 32,Örebro,Örebro,,,1-4,2025,,,Ny kandidat
LEKU KONSULT AB,5594715517,Aprikosgatan 22,703 60,Örebro,Örebro,0,2025,0,2024,,,Ny kandidat
Jan A Invest AB,5568432974,Manillagatan 20,702 12,Örebro,Örebro,0,2025,0,2011,,,Ny kandidat
J & P Holmbergs Lots AB,5568635428,Pikullagatan 1,702 27,Örebro,Örebro,0,2025,0,2011,,,Ny kandidat
Involvement & Bemanning & Rekrytering i Sverige AB,5595801316,Versgatan 26 a,703 73,Örebro,Örebro,,,1-4,2026,,,Ny kandidat
Flex Hjälp AB,5567306450,Köpmangatan 5,702 10,Örebro,Örebro,0,2025,0,2007,,,Ny kandidat
Cognati Kompetens AB,5569775462,Gullhavregatan 17,703 60,Örebro,Örebro,0,2024,0,2014,,,Ny kandidat
BemiQ AB,5595773507,Nygatan 15,702 11,Örebro,Örebro,,,5-9,2026,,,Ny kandidat
AutoFix Bettorp AB,5594689126,Tornfalksgatan 147,703 49,Örebro,Örebro,0,2025,0,2024,,,Ny kandidat
Brattla Consulting AB,5591672398,Nedergårda 326,705 97,Glanshammar,Örebro,0,2025,0,2018,,,Ny kandidat
Bergdahl i Örebro AB,5590676945,Lövsångarestigen 6,703 48,Örebro,Örebro,0,2025,0,2016,,,Ny kandidat
AdWi AB,5591577316,Gryt 422,705 94,Örebro,Örebro,0,2025,0,2018,,,Ny kandidat
A&T Logistik AB,5595346569,Lars Pettra Vägen 8 b,702 31,Örebro,Örebro,0,2025,0,2025,,,Ny kandidat
1030 Partner AB,5595620971,Knagglegränd 3,703 65,Örebro,Örebro,,,1-4,2025,,,Ny kandidat
Yosur AB,5592073612,Skrågatan 5,691 34,Karlskoga,Karlskoga,0,2025,0,2019,,,Ny kandidat
Maskinlasse AB,5595657502,Norra Korsgatan 36,719 95,Vintrosa,Lekeberg,,,1-4,2025,,,Ny kandidat
Nexalor AB,5595042994,Vagersta Bäckalyckan 455,696 91,Askersund,Askersund,,,10-19,2024,,,Ny kandidat
Nordiska Personalcentrum AB,5590500798,Gamlavägen 43,692 35,Kumla,Kumla,0,2025,0,2016,,,Ny kandidat
JRY Invest & Bemanning AB,5594665423,Björnstigen 14,718 32,Frövi,Lindesberg,0,2025,0,2024,,,Ny kandidat
J92 Fastigheter AB,5568480353,Korsbergsgatan 171,694 92,Hallsberg,Hallsberg,0,2024,1,2011,,,Ny kandidat
Doktor Ruben Innovation AB,5565872610,Cederborgsvägen 7,711 31,Lindesberg,Lindesberg,0,2025,1,2000,,,Ny kandidat
B-G Nyman AB,5567274062,Diplomgatan 2,692 73,Kumla,Kumla,0,2025,0,2007,,,Ny kandidat
DL Service & Transport AB,5595772780,Björnbärsvägen 8,696 34,Askersund,Askersund,,,1-4,2026,,,Ny kandidat
ALA Transport AB,5595291567,Storgatan 46 c Lgh 1203,696 32,Askersund,Askersund,,,1-4,2025,,,Ny kandidat
A.Lund Entreprenad AB,5595622332,Rådjursstigen 16,695 31,Laxå,Laxå,,,1-4,2025,,,Ny kandidat
iMammas Panna AB,5590761416,Brunnsåkersbacken 2,645 93,Strängnäs,Strängnäs,0,2025,0,2016,,,Ny kandidat
Vistula AB,5567832042,Djulögatan 35 c Lgh 1101,641 30,Katrineholm,Katrineholm,0,2025,0,2009,,,Ny kandidat
Vikingson Burger AB,5594052523,Idrottsgatan 3,641 33,Katrineholm,Katrineholm,0,2025,0,2022,,,Ny kandidat
Vebandi Consulting AB,5565184826,Krongatan 6,632 24,Eskilstuna,Eskilstuna,0,2024,0,1995,,,Ny kandidat
Sörmland & Sörmland Shooting AB,5566084314,Lunds Gård,611 92,Nyköping,Nyköping,0,2025,0,2001,,,Ny kandidat
Sädesfältet AB,5563723211,Barksätter,641 91,Katrineholm,Katrineholm,0,2025,0,1989,,,Ny kandidat
Smartbemanning Sverige AB,5591990766,"c/o Saifadeen Aziz, Ekbacksgatan 7",633 44,Eskilstuna,Eskilstuna,0,2025,0,2019,,,Ny kandidat
Samuelsson Mek & Transport AB,5595736314,Arnö Allé 7 j,611 46,Nyköping,Nyköping,,,0,2026,,,Ny kandidat
SVEA GLANS AKTIEBOLAG,5595385047,Lista Nysätter 2,635 14,Eskilstuna,Eskilstuna,,,0,2025,,,Ny kandidat
Socionompoolen AB,5593627499,Noachsgatan 7,633 41,Eskilstuna,Eskilstuna,0,2025,0,2022,,,Ny kandidat
PMolinder AB,5594465725,Bärsta Rosenhäll 2,635 35,Stora Sundby,Eskilstuna,0,2025,0,2023,,,Ny kandidat
PA'S Bil & Montage AB,5595404251,Ringvägen 34 a,611 35,Nyköping,Nyköping,,,1-4,2025,,,Ny kandidat
P Stangvik Teknik AB,5568447469,Magla Solhagen,635 13,Eskilstuna,Eskilstuna,0,2025,0,2011,,,Ny kandidat
Nybble konsulten AB,5593665036,Sörmlandsgatan 27,642 31,Flen,Flen,0,2024,0,2022,,,Ny kandidat
MHHealth AB,5595728857,Långgatan 4 a,647 30,Mariefred,Strängnäs,,,1-4,2026,,,Ny kandidat
Luwi Entreprenad AB,5594612979,Enevägen 17,611 75,Enstaberga,Nyköping,0,2024,0,2023,,,Ny kandidat
Novia Bemanning AB,5595653592,Kaprisvägen 5 b,611 46,Nyköping,Nyköping,,,1-4,2025,,,Ny kandidat
Nordic Vård & Estetik AB,5595458190,Norra Torggatan 15,648 30,Hälleforsnäs,Flen,,,1-4,2025,,,Ny kandidat
Nehdi Consulting AB,5592703812,Norra Sundsvägen 35,619 94,Vagnhärad,Trosa,0,2025,0,2020,,,Ny kandidat
KJ Bemanning AB,5595657601,Tegnérgatan 9 Lgh 1002,632 28,Eskilstuna,Eskilstuna,,,0,2025,,,Ny kandidat
JoyCare Medical AB,5594468877,"c/o JOY JOKY, Kvarngärdesgatan 7 b",633 55,Eskilstuna,Eskilstuna,0,2025,0,2023,,,Ny kandidat
LB Entreprenad & Transport AB,5595839639,Köpmangatan 20 a,641 30,Katrineholm,Katrineholm,,,1-4,2026,,,Ny kandidat
JE Nordic Group AB,5594887423,Titanvägen 1,632 34,Eskilstuna,Eskilstuna,,,0,2024,,,Ny kandidat
Investiga Media AB,5595197210,Nysättersvägen 27,646 51,Stjärnhov,Gnesta,,,0,2025,,,Ny kandidat
FlexPro Bemanning AB,5595347153,Åletas Väg 14 d,633 62,Eskilstuna,Eskilstuna,,,1-4,2025,,,Ny kandidat
De facto Sthlm AB,5569920613,Långgatan 25,647 30,Mariefred,Strängnäs,0,2025,0,2014,,,Ny kandidat
CE-Bemanning AB,5595260695,Norra Stationsgatan 3 c Lgh 1201,633 44,Eskilstuna,Eskilstuna,0,2025,1-4,2025,,,Ny kandidat
Byggindustrigruppen BIG AB,5568356686,"c/o Rådhustorget 2, Rådhustorget 2",633 40,Eskilstuna,Eskilstuna,0,2023,1,2010,,,Ny kandidat
Eskilstuna Event Crew AB,5593951659,Karl Hovbergsgatan 21 b,633 53,Eskilstuna,Eskilstuna,0,2025,0,2022,,,Ny kandidat
Engstrands Resor och Busstrafik Aktiebolag,5567817712,Skolvägen 21,611 70,Jönåker,Nyköping,0,2025,1,2009,,,Ny kandidat
Billfactory AB,5591418131,Köpmangatan 13 0tr,633 40,Eskilstuna,Eskilstuna,0,2025,0,2017,,,Ny kandidat
Belémo AB,5592664444,Östergatan 4 b,633 43,Eskilstuna,Eskilstuna,0,2025,0,2020,,,Ny kandidat
Aussie Group AB,5569365967,Solbergavägen 10 c,647 52,Åkers Styckebruk,Strängnäs,0,2025,0,2013,,,Ny kandidat
AB JRS Allservice,5592455496,Husby Ringväg 39,645 97,Stallarholmen,Strängnäs,0,2025,0,2020,,,Ny kandidat
Training Season Sweden AB,5592248503,Svärdsjögatan 28,791 34,Falun,Falun,0,2025,1,2019,,,Ny kandidat
WW Banservice AB,5593104416,Bygatan 17,793 30,Leksand,Leksand,0,2025,1,2021,,,Ny kandidat
Västerdala Åkeri AB,5594726035,Nissvägen 18 a,782 35,Malung,Malung-Sälen,0,2025,1-4,2024,,,Ny kandidat
Studentuppdrag Malmö AB,5591229363,"c/o Svenska Standardbolag AB, Box 292",791 27,Falun,Falun,0,2024,0,2017,,,Ny kandidat
RTAS I Dalarna AB,5595592964,Gröntuv 120,785 61,Djurås,Gagnef,,,1-4,2025,,,Ny kandidat
RT Crane Consulting AB,5591128821,Sunnanö 283,781 94,Borlänge,Borlänge,0,2025,0,2017,,,Ny kandidat
PH Maskin och Service i Dalarna AB,5595656843,Olsjövägen 19,772 70,Saxdalen,Ludvika,,,1-4,2025,,,Ny kandidat
Nisses Montage & Service AB,5595789602,Nybäcksgatan 5,784 54,Borlänge,Borlänge,,,1-4,2026,,,Ny kandidat
New Start Mora AB (svb),5595816728,Åmåsängsvägen 90,792 34,Mora,Mora,,,5-9,2026,,,Ny kandidat
Mikael Karelius Holding AB,5595346387,Kyrkbyn 209,780 64,Lima,Malung-Sälen,0,2025,0,2025,,,Ny kandidat
Medinca AB,5568817133,Solvägen 5,792 50,Mora,Mora,0,2025,0,2012,,,Ny kandidat
Mattias Lindberg AB,5592926967,Bergsmansvägen 6,777 93,Söderbärke,Smedjebacken,0,2025,1-4,2020,,,Ny kandidat
MV Elektro AB,5593471435,Bäck 854,781 97,Borlänge,Borlänge,0,2025,0,2021,,,Ny kandidat
MP Resurs & Service AB,5595698852,Skålö 531,786 92,Dala-Järna,Vansbro,,,1-4,2026,,,Ny kandidat
Marcus L Roadservice AB,5595836585,Kvarnberg 533,790 22,Sågmyra,Leksand,,,1-4,2026,,,Ny kandidat
Leksmart AB,5592881550,Symfonivägen 8,784 43,Borlänge,Borlänge,0,2025,0,2020,,,Ny kandidat
Larssons Entreprenad AB,5595824763,Engelbrektsgatan 28 b,771 30,Ludvika,Ludvika,,,0,2026,,,Ny kandidat
LK Maskin AB,5595800797,Västerby 19,783 92,Stora Skedvi,Säter,,,1-4,2026,,,Ny kandidat
LJ Motorinvest AB,5594129578,Bondgårdsvägen 8,796 31,Älvdalen,Älvdalen,0,2025,0,2022,,,Ny kandidat
L & S Konsult och Entreprenad AB,5594587460,Kårbo 38,774 92,Avesta,Avesta,0,2025,1-4,2023,,,Ny kandidat
Kullen i Falun AB,5564636503,Sundbornsvägen 13,791 47,Falun,Falun,0,2024,0,1993,,,Ny kandidat
Handelshuset i Grängesberg AB,5566838776,Arbetarebacken 13,772 50,Grängesberg,Ludvika,0,2025,0,2005,,,Ny kandidat
H1A AB,5595384792,Grytnäs Backa 7,774 91,Avesta,Avesta,,,0,2025,,,Ny kandidat
Geyre Medical AB,5595486175,Timmermansvägen 10 i Lgh 1201,771 51,Ludvika,Ludvika,,,1-4,2025,,,Ny kandidat
Falkeström Entreprenad & Verkstad AB,5595414623,Turbovägen 26,776 93,Hedemora,Hedemora,,,0,2025,,,Ny kandidat
Fakturabolaget Sverige AB,5569950289,Forskargatan 3,781 70,Borlänge,Borlänge,0,2025,0,2014,,,Ny kandidat
DoCare Dalarna AB,5593815276,Åsgårdsvägen 29 a,774 60,Avesta,Avesta,0,2025,0,2022,,,Ny kandidat
EA Larsson AB,5595893008,Boda Storsveden 27,790 23,Svärdsjö,Falun,,,0,2026,,,Ny kandidat
Dala-Husby Bil & Enterprenad AB,5567780902,Koberga Lasses 206,776 96,Dala-Husby,Hedemora,0,2025,0,2009,,,Ny kandidat
Dala Bemanning AB,5590472147,Madrigalvägen 12,784 43,Borlänge,Borlänge,0,2026,0,2016,,,Ny kandidat
D.I.S Bemanning AB,5595910919,Industrivägen 10,777 34,Smedjebacken,Smedjebacken,,,10-19,2026,,,Ny kandidat
Connect Scandinavia AB,5594213240,Promenaden 19,791 30,Falun,Falun,0,2024,0,2023,,,Ny kandidat
Caera AB,5590341391,"c/o Advokat Lars Morell AB, Carlavägen 21",771 30,Ludvika,Ludvika,0,2019,0,2015,,,Ny kandidat
Butikskraft AB,5568859580,Skolmästarevägen 4,791 33,Falun,Falun,0,2025,0,2012,,,Ny kandidat
Brödmakarna i Rättvik AB,5591522429,Märgatan 5,795 35,Rättvik,Rättvik,0,2025,0,2018,,,Ny kandidat
Bromat Hospitality AB,5593173395,Röen 352,780 67,Sälen,Malung-Sälen,0,2025,0,2021,,,Ny kandidat
Borlänge Bud AB,5592271703,Våbäck 40,781 62,Gustafs,Säter,0,2025,0,2019,,,Ny kandidat
Bergslagen Konsult & Holding AB,5591329858,"c/o Jansson, Mellanvägen 4",771 42,Ludvika,Ludvika,0,2025,0,2017,,,Ny kandidat
BeDone AB,5592656663,"c/o Svenska Standardbolag AB, Box 292",791 27,Falun,Falun,0,2025,0,2020,,,Ny kandidat
Anderssons Maskin & Entreprenad AB,5590170600,Vårstigen 3,775 71,Krylbo,Avesta,0,2025,0,2015,,,Ny kandidat
Abedahad Hälsovård AB,5569045668,Päronstigen 1,771 43,Ludvika,Ludvika,0,2025,0,2012,,,Ny kandidat
4 Sustainability Partner II AB,5594929787,Övre Gruvrisvägen 70,791 61,Falun,Falun,,,1-4,2024,,,Ny kandidat
Ygapojkan AB,5595508812,Norra Ytterygsvägen 9,827 62,Färila,Ljusdal,,,1-4,2025,,,Ny kandidat
XTM Invest AB,5566878327,Box 281,824 26,Hudiksvall,Hudiksvall,0,2025,0,2005,,,Ny kandidat
WILJON AB,5595045443,Furugatan 14,824 71,Delsbo,Hudiksvall,0,2025,0,2024,,,Ny kandidat
VT6 Invest AB,5595393595,Myggdansvägen 1 i,802 64,Gävle,Gävle,,,0,2025,,,Ny kandidat
Vargskogsbolaget AB,5594692682,Vargskogsvägen 6,805 97,Gävle,Gävle,0,2024,0,2024,,,Ny kandidat
Tengstrand Bygg AB,5595662627,Höjersdalsvägen 18,802 69,Gävle,Gävle,,,1-4,2026,,,Ny kandidat
Smedjan Maskin & Bemanning AB,5594287814,Bergvägen 4,827 50,Järvsö,Ljusdal,0,2025,0,2023,,,Ny kandidat
Sensority Consulting AB,5595888289,Förrådsgatan 5,803 09,Gävle,Gävle,,,0,2026,,,Ny kandidat
SamtAlla AB,5593284473,Smålandsvägen 3,826 39,Söderhamn,Söderhamn,0,2025,1-4,2021,,,Ny kandidat
RC Transport i Gävle AB,5568562259,Svärdsjövägen 301 Lgh 0901,812 94,Åshammar,Sandviken,0,2025,5-9,2011,,,Ny kandidat
Rogsta Alltjänst & Försäljning AB,5565407144,Lillhamnsvägen 9,824 93,Hudiksvall,Hudiksvall,0,2025,0,1997,,,Ny kandidat
SH Trading i Färila AB,5568920473,Sånghussjön 41,827 63,Färila,Ljusdal,0,2025,0,2012,,,Ny kandidat
S.M.S. Consulting AB,5592205891,Myra 106,824 74,Delsbo,Hudiksvall,0,2025,1,2019,,,Ny kandidat
Performance Partner AGg AB,5591507446,Brobyvägen 189,812 90,Storvik,Sandviken,0,2025,1,2018,,,Ny kandidat
PMS StaffCo AB,5595393397,Södra Fiskargatan 8 a,802 80,Gävle,Gävle,,,0,2025,,,Ny kandidat
PERIKAS AB,5590377551,Bomhusvägen 56,804 29,Gävle,Gävle,0,2025,0,2015,,,Ny kandidat
Nyberg Bemanning i Gävle AB,5592118557,Gnistens Gränd 28,803 02,Gävle,Gävle,0,2025,1,2019,,,Ny kandidat
NorthLane Group AB,5595939405,Fleminggatan 27 b,802 55,Gävle,Gävle,,,0,2026,,,Ny kandidat
Nilagruppen AB,5591976153,Annebergsvägen 19,826 61,Söderala,Söderhamn,0,2025,0,2019,,,Ny kandidat
NILSSONS HÄLSINGLAND AB,5595719500,Inganlid 13,824 65,Näsviken,Hudiksvall,,,0,2026,,,Ny kandidat
MF Service Solutions AB,5594618398,Björnängsvägen 2,826 40,Söderhamn,Söderhamn,0,2025,0,2023,,,Ny kandidat
Lomix Consulting AB,5595589457,Gullregnsgatan 4 b,802 82,Gävle,Gävle,,,0,2025,,,Ny kandidat
Kreativkompetens by CM AB,5591361471,Ringvägen 13,824 60,Forsa,Hudiksvall,0,2025,1,2017,,,Ny kandidat
KaySan AB,5591087332,"c/o Lachin Babaeva, Kuppbolsvägen 78 a",804 30,Gävle,Gävle,0,2025,0,2017,,,Ny kandidat
KY Allservice AB,5592706526,Koppartjärnsvägen 41,812 90,Storvik,Sandviken,0,2025,0,2020,,,Ny kandidat
Jönsson vård och service AB,5593278293,Lysgatan 28,802 86,Gävle,Gävle,0,2025,0,2021,,,Ny kandidat
Järvsöstugor i Järvsö AB,5569366254,Turistvägen 60 a Lgh Nb 0910,827 50,Järvsö,Ljusdal,0,2025,0,2013,,,Ny kandidat
JPG Beta Ventures AB,5568347644,Idungatan 7,802 67,Gävle,Gävle,0,2024,0,2010,,,Ny kandidat
Iggesunds Maskin AB,5566372537,Sunnanbäck 40,824 61,Forsa,Hudiksvall,0,2024,0,2002,,,Ny kandidat
IamMajsan AB,5593808370,Strandvallen 42,805 95,Gävle,Gävle,0,2025,1,2022,,,Ny kandidat
Hårga Företagsservice AB,5592181456,Hårga Norrsätter 1321,823 91,Kilafors,Bollnäs,0,2025,0,2019,,,Ny kandidat
Hevtar AB,5595176669,Valbovägen 307-309,818 35,Valbo,Gävle,0,2025,5-9,2025,,,Ny kandidat
Gävle Construction Service AB,5595247064,Vändgatan 4,802 64,Gävle,Gävle,0,2025,0,2025,,,Ny kandidat
Gustavs Ent & Trp AB,5595522581,Backgatan 2 b Lgh 3,824 44,Hudiksvall,Hudiksvall,,,0,2025,,,Ny kandidat
Guldpipan AB,5568822133,Tallmovägen 5,824 56,Hudiksvall,Hudiksvall,0,2025,0,2012,,,Ny kandidat
Gefle International Services AB,5593739443,Staketgatan 29,803 23,Gävle,Gävle,0,2025,0,2022,,,Ny kandidat
Decado AB,5566501879,Fridalsvägen 7,802 57,Gävle,Gävle,0,2025,0,2003,,,Ny kandidat
Croon & Ericson Sport AB,5565413803,Freluga Smensbacken 4479,821 93,Bollnäs,Bollnäs,0,2025,0,1997,,,Ny kandidat
Carlseus Idrott & Medicin AB,5564982543,Lockropsvägen 12,811 37,Sandviken,Sandviken,0,2025,0,1994,,,Ny kandidat
Alive Contracting AB,5595756999,Brynäsgatan 91,802 88,Gävle,Gävle,,,1-4,2026,,,Ny kandidat
Adelsbo i Österfärnebo AB,5595915769,Västerborsvägen 40,811 98,Österfärnebo,Sandviken,,,0,2026,,,Ny kandidat
Azura Venture AB,5592649064,"c/o Ancare AB, Södra Skeppsbron 19",802 87,Gävle,Gävle,0,2025,0,2020,,,Ny kandidat
Axmarbruks allservice AB,5592291057,Per Månsvägen 11 b,804 26,Gävle,Gävle,0,2025,1,2019,,,Ny kandidat
A.Stenberg Allservice AB,5595624999,Säljemarsvägen 20,805 96,Gävle,Gävle,,,1-4,2025,,,Ny kandidat
Trygg Bemanning i Karlstad AB,5595586180,Vikengatan 20 b,652 28,Karlstad,Karlstad,,,0,2025,,,Ny kandidat
Team Torsby Aktiebolag,5568865348,Gräsmarksvägen 12,685 33,Torsby,Torsby,0,2025,0,2012,,,Ny kandidat
Vänerns Bemanning AB,5592875651,Box 2180,650 02,Karlstad,Karlstad,0,2025,0,2020,,,Ny kandidat
Saxins Serviceteknik AB,5593169435,Storbron Annexet 4,682 91,Filipstad,Filipstad,0,2024,0,2021,,,Ny kandidat
P & B Företagskonsult Aktiebolag,5562028976,Hamngatan 12 a,652 25,Karlstad,Karlstad,0,2024,0,1979,,,Ny kandidat
Olssons Restaurangkonsult AB,5569621740,Långgatan 54,652 19,Karlstad,Karlstad,0,2025,0,2014,,,Ny kandidat
OFFROADCENTER VÄRMLAND AB,5567969729,Box 223,665 25,Kil,Kil,0,2025,0,2009,,,Ny kandidat
Piluddens Allservice AB,5595624874,Piludden 1,682 34,Filipstad,Filipstad,,,0,2025,,,Ny kandidat
O.K Sanering AB,5593671695,Silverörtsvägen 17 b,653 52,Karlstad,Karlstad,0,2024,0,2022,,,Ny kandidat
NG Produkter & Service AB,5593640005,Myråsvägen 26,671 51,Arvika,Arvika,0,2024,1-4,2022,,,Ny kandidat
Maxx Optimal Bemanning AB,5569939258,Bergslagsgatan 28,681 34,Kristinehamn,Kristinehamn,0,2025,0,2014,,,Ny kandidat
Löfmanco Förvaltning AB,5566085915,Strandvägen 31 Lgh 2001,652 17,Karlstad,Karlstad,0,2025,2,2001,,,Ny kandidat
Lucky Little Mess AB,5594549031,Frekes Väg 8,665 33,Kil,Kil,0,2025,0,2023,,,Ny kandidat
Konsultcenter I Hammarö AB,5593644445,Rud Dalen 113,663 92,Hammarö,Hammarö,0,2025,0,2022,,,Ny kandidat
Kentrans AB,5595675892,Dalen Solhem,673 97,Åmotfors,Arvika,,,1-4,2026,,,Ny kandidat
Högtrycksservice i Karlstad AB,5569200594,Rörsvik 208,655 94,Karlstad,Karlstad,0,2025,0,2013,,,Ny kandidat
Hevra AB,5595175232,Älvhagsgatan 21,661 40,Säffle,Säffle,,,0,2025,,,Ny kandidat
HWFL AB,5594999582,Åkermarksvägen 2,654 57,Karlstad,Karlstad,,,0,2024,,,Ny kandidat
Fomek Industriservice AB,5566800479,Ljungstigen 14,667 31,Forshaga,Forshaga,0,2025,1,2005,,,Ny kandidat
Gerrud Invest AB,5569664815,Teknikvägen 1,664 52,Vålberg,Karlstad,0,2024,0,2014,,,Ny kandidat
GPS Global Performance Solutions AB,5595593814,Östra Torggatan 11,652 24,Karlstad,Karlstad,,,0,2025,,,Ny kandidat
EW Business Partner AB,5563031227,Eldarens Väg 2,665 35,Kil,Kil,0,2024,0,1987,,,Ny kandidat
EB Bygg & Bemanning i Torsby AB,5590466362,Sundbergsvägen 6,685 32,Torsby,Torsby,0,2025,0,2016,,,Ny kandidat
E&A Nursing Care AB,5595632596,Frödingshöjd 21,656 37,Karlstad,Karlstad,,,0,2025,,,Ny kandidat
Dasam AB,5595781476,Kymmen 52,686 98,Gräsmark,Sunne,,,1-4,2026,,,Ny kandidat
DB Solutions AB,5595334227,Långgatan 27 b,652 22,Karlstad,Karlstad,,,0,2025,,,Ny kandidat
CoreFlex Solutions AB,5595877415,Källgatan 55,671 42,Arvika,Arvika,,,0,2026,,,Ny kandidat
Caland Entreprenad AB,5564824950,Herrövägen 4,656 71,Skattkärr,Karlstad,0,2025,0,1994,,,Ny kandidat
CK Solutions Transport AB,5595067843,Signalhornsgatan 54 Lgh 1401,656 34,Karlstad,Karlstad,,,0,2024,,,Ny kandidat
Arbetskraft Värmland AB,5590598024,Bromsgatan 5,653 41,Karlstad,Karlstad,0,2024,0,2016,,,Ny kandidat
Advicare AB,5593444549,Strand 16,686 97,Lysvik,Sunne,0,2025,0,2021,,,Ny kandidat
ARBILYS AB,5591682769,Käringerud Nystuga,673 97,Åmotfors,Arvika,0,2025,0,2018,,,Ny kandidat
ZELJKO Industritjänst AB,5566040092,Aguéligatan 31 b,733 30,Sala,Sala,0,2025,0,2001,,,Ny kandidat
Virex AB,5595734673,Glasgatan 16,731 30,Köping,Köping,,,0,2026,,,Ny kandidat
Vest Transport & Allservice AB,5591483051,Södra Idrottsvägen 8,734 51,Kolbäck,Hallstahammar,0,2025,0,2018,,,Ny kandidat
Vargstäppans Entreprenad AB,5595412833,Vargstorp 7 Lövstalund,725 92,Västerås,Västerås,,,0,2025,,,Ny kandidat
Valros i Stockholm AB,5569767519,Sävsparvsvägen 7 d,738 33,Norberg,Norberg,0,2025,0,2014,,,Ny kandidat
VMMT AB,5595639625,Åvestbovägen 52,737 91,Fagersta,Fagersta,,,1-4,2025,,,Ny kandidat
VBM Industriservice AB,5595453423,Backvägen 3,737 33,Fagersta,Fagersta,,,5-9,2025,,,Ny kandidat
WYTEK Aktiebolag,5563911261,Larslundsvägen 6,722 31,Västerås,Västerås,0,2025,1,1990,,,Ny kandidat
Sverige Bemanning AB,5595932038,Linslagargränd 5,721 30,Västerås,Västerås,,,0,2026,,,Ny kandidat
Specialisttandläkare Sofia Heydeck AB,5595223636,Solbacksvägen 11,737 33,Fagersta,Fagersta,0,2025,1-4,2025,,,Ny kandidat
Skandivera AB,5594919929,Långängsvägen 5,721 36,Västerås,Västerås,,,0,2024,,,Ny kandidat
Partner Connection AB,5595110726,Marsgatan,733 40,Sala,Sala,,,0,2024,,,Ny kandidat
Professional Services 4 Companies AB,5566029657,Regndroppsgatan 11,723 50,Västerås,Västerås,0,2025,0,2000,,,Ny kandidat
Prima Konsult Mälardalen AB,5595909424,Klockargatan 8 c Lgh 1101,723 44,Västerås,Västerås,,,0,2026,,,Ny kandidat
OR-Premium Läkarresurs AB,5590692579,Bergåsgatan 11,725 91,Västerås,Västerås,0,2025,0,2016,,,Ny kandidat
Nonna Solutions AB,5595417030,Fallhammargatan 10,721 33,Västerås,Västerås,,,50-99,2025,,,Ny kandidat
MRS Transport AB,5592272412,Islingbyvägen 3 p 1003,733 60,Västerfärnebo,Sala,0,2025,0,2019,,,Ny kandidat
MATS Consult AB,5592263262,Sköldgatan 1,723 51,Västerås,Västerås,0,2025,0,2019,,,Ny kandidat
M Service Group AB,5595867143,Borgargatan 35,732 47,Arboga,Arboga,,,0,2026,,,Ny kandidat
LEAB Konsult Aktiebolag,5565565297,Neptungatan 4,723 58,Västerås,Västerås,0,2025,1-4,1998,,,Ny kandidat
Konsultbemanning 24 AB,5593894636,Wahlbecksgatan 11,722 18,Västerås,Västerås,0,2025,0,2022,,,Ny kandidat
JE Maskin och Entreprenad i Sala AB,5595388611,Kärrvägen 5,733 62,Västerfärnebo,Sala,,,0,2025,,,Ny kandidat
Izrifs Medici AB,5593340135,Katrinelundsvägen 20 Lgh 1604,722 19,Västerås,Västerås,0,2025,1-4,2021,,,Ny kandidat
Hallsta Trans AB,5595703116,Norra Ängsvägen 17,734 31,Hallstahammar,Hallstahammar,,,1-4,2026,,,Ny kandidat
Finemang Nordic AB,5595819912,Billbäcksvägen 15,735 33,Surahammar,Surahammar,,,1-4,2026,,,Ny kandidat
Get Good AB,5594249970,Hammarbacksvägen 28 c Lgh 1201,724 67,Västerås,Västerås,0,2024,0,2023,,,Ny kandidat
GBP excellence AB,5595895045,Dagsvärmargatan 60,723 46,Västerås,Västerås,,,0,2026,,,Ny kandidat
Fagersta bygg och montage AB,5592364292,Svedjevägen 76,737 43,Fagersta,Fagersta,0,2023,0,2020,,,Ny kandidat
EKAB Rekrytering AB,5561364794,Hantverkargatan 2 b,722 12,Västerås,Västerås,0,2025,0,1970,,,Ny kandidat
Azos ProActive Care AB,5595674291,Regementsgatan 25,723 45,Västerås,Västerås,,,1-4,2026,,,Ny kandidat
Awalom care AB,5595347070,Åvägen 13,726 30,Skultuna,Västerås,,,1-4,2025,,,Ny kandidat
Aros Group AB,5595366963,Turebergsvägen 6,724 75,Västerås,Västerås,,,1-4,2025,,,Ny kandidat
AM Wengelin Förvaltning AB,5568867765,"c/o Bokförarn, Olbergavägen 15",734 92,Hallstahammar,Hallstahammar,0,2025,0,2012,,,Ny kandidat
AGRILL AB,5595326819,Mälargatan 6 d,722 10,Västerås,Västerås,0,2025,0,2025,,,Ny kandidat
Östberg & Co AB,5595628677,Ankarskatavägen 36,941 64,Piteå,Piteå,,,1-4,2025,,,Ny kandidat
ViaNova AB,5595648154,Ställverksvägen 39,981 38,Kiruna,Kiruna,,,1-4,2025,,,Ny kandidat
WOD System Sweden AB,5591500607,Parkbältesgatan 25,952 35,Kalix,Kalix,0,2025,0,2018,,,Ny kandidat
WE Maskin AB,5595513127,Svartbyvägen 194,956 93,Överkalix,Överkalix,,,1-4,2025,,,Ny kandidat
Vård & Växtkraft i Norr AB,5595485342,Södra Holfjärden 41,975 92,Luleå,Luleå,,,1-4,2025,,,Ny kandidat
Vesotec AB,5595349688,Västergatan 5 a Lgh 1201,941 62,Piteå,Piteå,,,1-4,2025,,,Ny kandidat
V U S Bemanning AB,5595408963,Timmermansgatan 22,972 31,Luleå,Luleå,,,5-9,2025,,,Ny kandidat
Windore AB,5569591653,Högviltsgatan 3 c,981 47,Kiruna,Kiruna,0,2025,0,2014,,,Ny kandidat
Westerbergs Industri AB,5595112730,Lillpitevägen 681,946 92,Lillpite,Piteå,,,0,2024,,,Ny kandidat
Wasslén Fastigheter AB,5595623090,Västergatan 5 a 1102,941 62,Piteå,Piteå,,,0,2025,,,Ny kandidat
Tornedalens Infrastruktur 2 AB,5591801005,Hedbackavägen 74,975 96,Luleå,Luleå,0,2024,20-49,2018,,,Ny kandidat
Tornedalens ES AB,5590153085,"c/o Eija Rousu, Torggatan 4",953 37,Haparanda,Haparanda,0,2025,0,2015,,,Ny kandidat
Ung Arbetskraft i Luleå AB,5595523555,Furulundsgatan 16 a,972 53,Luleå,Luleå,,,1-4,2025,,,Ny kandidat
Trädgårdsönskan AB,5592960347,Skäretvägen 5,961 96,Boden,Boden,0,2025,0,2021,,,Ny kandidat
TOMIA AB,5592280894,Kraftstationsvägen 79,982 38,Gällivare,Gällivare,0,2024,0,2019,,,Ny kandidat
Sydbergs Entreprenad AB,5567784995,Maria Taavenikus Gata 2 Lgh 1203,981 40,Kiruna,Kiruna,0,2025,1,2009,,,Ny kandidat
Svanövägen konsult AB,5564564721,Fabriksvägen 3,972 54,Luleå,Luleå,0,2025,0,1992,,,Ny kandidat
SvaSig AB,5595476945,Midsommarvägen 38,976 31,Luleå,Luleå,,,0,2025,,,Ny kandidat
StudentConsulting Transport Sweden AB,5590274022,Västra Varvsgatan 18,972 36,Luleå,Luleå,0,2024,0,2015,,,Ny kandidat
Selin Teknik och Maskin AB,5595920280,Altersbruksvägen 129,945 92,Altersbruk,Piteå,,,0,2026,,,Ny kandidat
SWAP Consulting AB,5595405118,Johannisbergsvägen 54,952 51,Kalix,Kalix,,,1-4,2025,,,Ny kandidat
Rhizom AB,5568945546,Boden Business Park,961 50,Boden,Boden,0,2025,0,2012,,,Ny kandidat
SJA Solutions AB,5593054041,Överkalixvägen 55,984 33,Korpilombolo,Pajala,0,2025,0,2021,,,Ny kandidat
Rahkovarre Solutions AB,5595884957,Jakobsgatan 10,938 31,Arjeplog,Arjeplog,,,1-4,2026,,,Ny kandidat
R Lundgren Konsult i Kiruna AB,5566813720,Högalidsgatan 3,981 35,Kiruna,Kiruna,0,2025,0,2005,,,Ny kandidat
Northland Customs AB,5592997893,Kallaxvägen 255,975 95,Luleå,Luleå,0,2025,0,2021,,,Ny kandidat
North Progress AB,5595836452,Gökstigen 7,938 32,Arjeplog,Arjeplog,,,1-4,2026,,,Ny kandidat
Ola Wulf AB,5567407977,Kvannevägen 12,982 37,Gällivare,Gällivare,0,2025,1,2007,,,Ny kandidat
OR Konsult AB,5595390211,Krusvägen 1,961 42,Boden,Boden,,,1-4,2025,,,Ny kandidat
Northpipe i Luleå AB,5590683891,Aurorum 2,977 75,Luleå,Luleå,0,2025,0,2016,,,Ny kandidat
Norrteam AB,5595719492,Tallgatan 11,941 36,Piteå,Piteå,,,0,2026,,,Ny kandidat
Nordic Construction Solutions AB,5594311341,Stormvägen 98,976 34,Luleå,Luleå,0,2025,0,2023,,,Ny kandidat
NOVA Logistics AB,5595695981,Bladviksvägen 4,956 32,Överkalix,Överkalix,,,5-9,2026,,,Ny kandidat
Miljösupport Norr AB,5594562513,Brogatan 16,961 64,Boden,Boden,0,2025,0,2023,,,Ny kandidat
Marching On Group AB,5595654400,Dalvägen 36,981 43,Kiruna,Kiruna,,,0,2025,,,Ny kandidat
Maintaining Power AB,5595811034,Midgårdsvägen 11,945 32,Norrfjärden,Piteå,,,1-4,2026,,,Ny kandidat
MJ Maskin & Transport AB,5595426080,Mattisudden 159,962 03,Mattisudden,Jokkmokk,,,1-4,2025,,,Ny kandidat
Lytech Solutions AB,5595504662,Ängsgatan 21,953 34,Haparanda,Haparanda,,,0,2025,,,Ny kandidat
Lysasipa AB,5592159361,Margitviksvägen 69,941 41,Piteå,Piteå,0,2025,0,2019,,,Ny kandidat
Lotta Yngström AB,5595645820,Fiskargatan 4,983 41,Koskullskulle,Gällivare,,,1-4,2025,,,Ny kandidat
Kross & Markkonsult i Norr AB,5595396697,Anttis 18,984 91,Pajala,Pajala,,,1-4,2025,,,Ny kandidat
KMD Teknik AB,5594902099,Torget 4,953 32,Haparanda,Haparanda,,,5-9,2024,,,Ny kandidat
Koisak AB,5569698888,Åkargränd 7,953 37,Haparanda,Haparanda,0,2025,1-4,2014,,,Ny kandidat
Jlb service AB,5595421636,Lappgatan 29 b,981 35,Kiruna,Kiruna,,,0,2025,,,Ny kandidat
Jelkaskogen AB,5594431123,"c/o Advokatbyrån Vera Gärdemalm AB, Stadshustorget 7",981 30,Kiruna,Kiruna,,,0,2023,,,Ny kandidat
JAKKI AB,5594832155,Lerduvestigen 33 a,981 47,Kiruna,Kiruna,0,2025,0,2024,,,Ny kandidat
IMP i Luleå AB,5594999202,Repslagaregatan 3 a,972 39,Luleå,Luleå,,,0,2024,,,Ny kandidat
HyrKlar AB,5593709511,Stenåsvägen 2,975 61,Luleå,Luleå,0,2025,0,2022,,,Ny kandidat
J Falk Entreprenad AB,5595805127,Lingonstigen 155,973 44,Luleå,Luleå,,,1-4,2026,,,Ny kandidat
Isigard Invest AB,5569008583,"c/o Eric Brudell, Kungsgatan 28",972 31,Luleå,Luleå,0,2025,0,2012,,,Ny kandidat
Hansson Maskin & Tjänster AB,5595885608,Köpmangatan 9,962 32,Jokkmokk,Jokkmokk,,,1-4,2026,,,Ny kandidat
Hagman's Maskinservice AB,5595623082,Lundagårdsgatan 23 c,961 64,Boden,Boden,,,0,2025,,,Ny kandidat
HR-Partner Norr AB,5593962144,Vilhelmsvägen 2,941 91,Piteå,Piteå,0,2024,0,2022,,,Ny kandidat
Grönborgs Bil & Plåt AB,5595515635,Fiskargatan 16,983 41,Koskullskulle,Gällivare,,,1-4,2025,,,Ny kandidat
G.Olsson Piteå AB,5595785469,Grundviksvägen 57,944 91,Hortlax,Piteå,,,0,2026,,,Ny kandidat
Filip Henriksson AB,5592398068,Länsmansgatan 10,982 32,Gällivare,Gällivare,0,2026,0,2020,,,Ny kandidat
FST Consulting AB,5590110150,Vårfrylegatan 1,976 36,Luleå,Luleå,0,2025,0,2015,,,Ny kandidat
Fors Entreprenad & Skog AB,5595646315,Renholmsvägen 201,975 92,Luleå,Luleå,,,1-4,2025,,,Ny kandidat
Erik Sjödin AB,5595545871,Yxvägen 12,938 32,Arjeplog,Arjeplog,,,0,2025,,,Ny kandidat
Dajkan entreprenad AB,5595520379,Maskinstigen 10,933 34,Arvidsjaur,Arvidsjaur,,,1-4,2025,,,Ny kandidat
DASTE AB,5590292271,Förrådsvägen 6,961 43,Boden,Boden,0,2025,0,2015,,,Ny kandidat
Crafters AB,5568760036,Företagsvägen 3,953 33,Haparanda,Haparanda,0,2025,0,2011,,,Ny kandidat
Consulting AT AB,5591361208,Bodforsvägen 4,961 44,Boden,Boden,0,2025,0,2017,,,Ny kandidat
Compligent AB,5590140751,Fågelsångsvägen 41,952 35,Kalix,Kalix,0,2024,0,2015,,,Ny kandidat
CC Summit AB,5591175947,Porsi 111,962 94,Vuollerim,Jokkmokk,0,2024,0,2017,,,Ny kandidat
Build up north AB,5595586487,Sunderbyvägen 109,954 42,Södra Sunderbyn,Luleå,,,1-4,2025,,,Ny kandidat
Brännvalls Mek & Rep AB,5563945939,Revonsaari 480,953 91,Haparanda,Haparanda,0,2025,0,1990,,,Ny kandidat
Brändöns Entreprenad AB,5593889388,Yrkesgatan 13,974 34,Luleå,Luleå,0,2025,0,2022,,,Ny kandidat
Blixt Vårdbemanning AB,5592008121,"c/o Matthias Mörk, Utmarksvägen 13",974 34,Luleå,Luleå,0,2024,0,2019,,,Ny kandidat
Bilcentrum Kerstin Möjder AB,5566470208,"c/o Kerstin Möjder, Paksuniemi 3088",981 91,Jukkasjärvi,Kiruna,0,2025,1,2003,,,Ny kandidat
Bemera AB,5595741991,Borraregatan 17 b,981 39,Kiruna,Kiruna,,,1-4,2026,,,Ny kandidat
Basbemanningscentralen i Norr AB,5595835504,Industrivägen 2,962 70,Vuollerim,Jokkmokk,,,1-4,2026,,,Ny kandidat
BW Service AB,5595824276,Svartbäcken 3,961 91,Boden,Boden,,,0,2026,,,Ny kandidat
BIN Consulting AB,5566779566,Fårövägen 233,941 65,Piteå,Piteå,0,2025,1,2005,,,Ny kandidat
Avelora AB,5595433375,Ymersgatan 5,941 51,Piteå,Piteå,,,0,2025,,,Ny kandidat
Auricatrix AB,5569043804,Krukmakaregatan 1,941 31,Piteå,Piteå,0,2025,0,2012,,,Ny kandidat
Alldén M-TEC AB,5595363739,Ruokojärvivägen 18,984 31,Pajala,Pajala,,,1-4,2025,,,Ny kandidat
AT Industrimek AB,5590413265,Bokbäcksudden 19,944 94,Jävrebyn,Piteå,0,2025,0,2015,,,Ny kandidat
ANKE AB,5590873757,Lidgatan 21,941 50,Piteå,Piteå,0,2025,0,2016,,,Ny kandidat
A Westling Consulting AB,5594673542,Skivlingvägen 8,944 71,Piteå,Piteå,0,2025,1-4,2024,,,Ny kandidat
A Svets AB,5595051813,Lottagatan 11 b,974 42,Luleå,Luleå,0,2025,1,2024,,,Ny kandidat
Västerbottens Rälsteknik AB,5595302752,Hälsingfors 141,922 93,Vindeln,Vindeln,,,1-4,2025,,,Ny kandidat
Wahlqvist Resurs AB,5591019632,Motorbåtsvägen 82,907 88,Täfteå,Umeå,0,2024,1-4,2017,,,Ny kandidat
Vårdkonsult Hörnefors AB,5595597971,Flisvägen 15,905 31,Hörnefors,Umeå,,,1-4,2025,,,Ny kandidat
Tenero AB,5595916742,Östra Rådhusgatan 8 b,903 26,Umeå,Umeå,,,0,2026,,,Ny kandidat
Sävarhus AB,5592474760,Upplagsvägen 1,918 31,Sävar,Umeå,0,2024,0,2020,,,Ny kandidat
Storuman Glas & Montage AB,5590097621,Parkgatan 22,923 41,Stensele,Storuman,0,2025,0,2015,,,Ny kandidat
"SN Verktyg, maskiner & Tjänster AB",5595525436,Lövliden 39,912 92,Vilhelmina,Vilhelmina,,,0,2025,,,Ny kandidat
Smart konsult i norr AB,5594967340,Hjåggmark 11,905 95,Umeå,Umeå,0,2025,0,2024,,,Ny kandidat
Sijo AB,5595186403,Gruvbergsvägen 9,937 33,Bygdsiljum,Skellefteå,0,2025,0,2025,,,Ny kandidat
Service Performance Umeå AB,5566388822,Tvistevägen 48 c 1tr,907 36,Umeå,Umeå,0,2024,0,2003,,,Ny kandidat
Roland Lind AB,5590855887,Matrosgatan 24,932 31,Skelleftehamn,Skellefteå,0,2025,0,2016,,,Ny kandidat
Soder Solutions AB,5595867291,Smultronstigen 1,939 31,Malå,Malå,,,1-4,2026,,,Ny kandidat
RFB Konsult AB,5594983206,Sandbackavägen 24 h,903 46,Umeå,Umeå,0,2025,0,2024,,,Ny kandidat
Olef AB,5592554330,Östra Falmark 160,931 92,Skellefteå,Skellefteå,0,2026,0,2020,,,Ny kandidat
Pantzar Förarservice AB,5595539585,Älvans Väg 127,907 50,Umeå,Umeå,,,0,2025,,,Ny kandidat
Nordiska Industri Montage AB,5595807495,Överrödå 109,922 90,Vindeln,Vindeln,,,1-4,2026,,,Ny kandidat
Nordisk Produktion & Konsult AB,5595813550,Tallåsvägen 42,912 31,Vilhelmina,Vilhelmina,,,1-4,2026,,,Ny kandidat
Mattias Malmbo Field Tech AB,5595500512,Granvägen 39,912 32,Vilhelmina,Vilhelmina,,,0,2025,,,Ny kandidat
Maskin & Allservice i Norr AB,5591125512,Storfall 10,914 91,Nordmaling,Nordmaling,0,2025,0,2017,,,Ny kandidat
Magifelix AB,5590965694,Egnahemsvägen 11,904 33,Umeå,Umeå,0,2025,0,2017,,,Ny kandidat
MKTE AB,5593046666,Uttersjöbäcken 231,932 93,Lövånger,Skellefteå,0,2025,0,2021,,,Ny kandidat
Lefix AB,5593240897,Mariehemsvägen 6 g,906 54,Umeå,Umeå,0,2025,1,2021,,,Ny kandidat
Läkare i Världen L.I.V AB,5567257786,Västra Norrlandsgatan 7,903 27,Umeå,Umeå,0,2025,0,2007,,,Ny kandidat
LL Holding i Skellefteå AB,5590647086,Karlgårdsvägen 9,931 62,Skellefteå,Skellefteå,0,2025,0,2016,,,Ny kandidat
JJs Massage & Konsult AB,5593539819,"c/o JESPER JACOBSSON, Hägglundsgatan 7 a",931 40,Skellefteå,Skellefteå,0,2024,1,2021,,,Ny kandidat
Hellman Office Aide AB,5594168766,Saedensvägen 11,915 98,Bygdeå,Robertsfors,0,2025,1,2023,,,Ny kandidat
Hald Invest AB,5593521296,Kronovägen 18 a,904 33,Umeå,Umeå,0,2025,0,2021,,,Ny kandidat
Erik Fahlgren AB,5595499228,Långgatan 14,931 45,Skellefteå,Skellefteå,,,0,2025,,,Ny kandidat
ESS EquiMediko AB,5568483464,Råbergsvägen 26,922 76,Botsmark,Umeå,0,2025,0,2011,,,Ny kandidat
Dorfsberg Invest AB,5567488142,Östermalmsgatan 4,905 32,Hörnefors,Umeå,0,2025,1,2008,,,Ny kandidat
Boxen Umeå Allservice AB,5591813117,Ringvägen 35,904 21,Umeå,Umeå,0,2025,0,2018,,,Ny kandidat
Degernice AB,5595388892,Degernäs 311,905 80,Umeå,Umeå,,,0,2025,,,Ny kandidat
Bergmans Schaktmaskiner AB,5595757153,Överboda 420,905 88,Umeå,Umeå,,,1-4,2026,,,Ny kandidat
Aktiebolaget Scess,5566740139,Björkvägen 20,912 32,Vilhelmina,Vilhelmina,0,2024,0,2005,,,Ny kandidat
Thamelia AB,5592232382,Kaggensgatan 8,392 32,Kalmar,Kalmar,0,2025,0,2019,,,Ny kandidat
SanTob Care AB,5592576358,Smala Vägen 7,393 61,Kalmar,Kalmar,0,2025,1,2020,,,Ny kandidat
Fleischer Med AB,5592370893,Krokusvägen 3,393 59,Kalmar,Kalmar,0,2025,0,2020,,,Ny kandidat
NextGate AB,5594970997,Storgatan 68,392 31,Kalmar,Kalmar,0,2025,0,2024,,,Ny kandidat
Stångåns Allservice AB,5568051287,Box 173,598 23,Vimmerby,Vimmerby,0,2025,0,2010,,,Ny kandidat
Paradis Invest AB,5595596080,Skördevägen 16,382 39,Nybro,Nybro,,,1-4,2025,,,Ny kandidat
Robin Köhler AB,5592727183,Storgatan 16 b,386 30,Färjestaden,Mörbylånga,0,2025,1,2020,,,Ny kandidat
Nive Läkartjänster AB,5568760341,Skomakaregatan 13,593 34,Västervik,Västervik,0,2025,0,2011,,,Ny kandidat
Logistikpersonal i Sverige AB,5595549444,Baumansgatan 4,593 32,Västervik,Västervik,,,10-19,2025,,,Ny kandidat
Link4You AB,5590027560,Kvilla 134 a,385 91,Torsås,Torsås,0,2025,0,2015,,,Ny kandidat
Hero Care Bemanning Oskarshamn AB,5593285397,Lagermans Väg 5,572 50,Oskarshamn,Oskarshamn,0,2025,0,2021,,,Ny kandidat
Ivarsson Production Design AB,5562973973,Idrottsvägen 12,572 31,Oskarshamn,Oskarshamn,0,2025,1-4,1987,,,Ny kandidat
Fredrik Svensson Konstruktion AB,5595379958,Kvarngatan 14,383 32,Mönsterås,Mönsterås,,,1-4,2025,,,Ny kandidat
Dudarenko Medical Consulting AB,5595019786,Marinavägen 12,593 44,Västervik,Västervik,0,2025,0,2024,,,Ny kandidat
Callent AB,5595438960,Sandstyckegatan 17,386 32,Färjestaden,Mörbylånga,,,1-4,2025,,,Ny kandidat
Butiken i Gunnebo AB,5569323701,Boda Gränsen,594 73,Överum,Västervik,0,2025,1,2013,,,Ny kandidat
Brixhatten AB,5569306789,Brixlät 114,382 72,Orrefors,Nybro,0,2025,0,2013,,,Ny kandidat
Active SportRehab ASR AB,5568316656,Nygatan 3,386 31,Färjestaden,Mörbylånga,0,2025,1,2010,,,Ny kandidat
ZAT Aktiebolag,5595481408,Sköldstavägen 34 a,342 32,Alvesta,Alvesta,,,0,2025,,,Ny kandidat
TopWork Sverige Holding AB,5590583406,Kungsgatan 19 d,352 31,Växjö,Växjö,0,2026,0,2016,,,Ny kandidat
Vartofta Entreprenad AB,5569740615,Poste Restante,350 03,Växjö,Växjö,0,2025,0,2014,,,Ny kandidat
Sydsveriges Närapotek AB,5567814263,Älgstigen 4 a,341 41,Ljungby,Ljungby,0,2025,0,2009,,,Ny kandidat
VälkommenGruppen i Götaland AB,5569631897,Honnörsgatan 14,352 36,Växjö,Växjö,0,2025,0,2014,,,Ny kandidat
Ryfors Konsult AB,5595468819,Ryfors 30,343 97,Älmhult,Älmhult,,,1-4,2025,,,Ny kandidat
Sturessons Förvaltningsaktiebolag i Växjö,5567346860,Ängsvägen 15,355 73,Gemla,Växjö,0,2025,0,2007,,,Ny kandidat
Smålands Industribemanning AB,5595932798,Hössjö Torparegård 1,342 63,Moheda,Alvesta,,,0,2026,,,Ny kandidat
Kulturvård MN AB,5567943146,"c/o DAHLBERG, Anna Koskulls Gata 1 a 1601",352 22,Växjö,Växjö,0,2025,0,2009,,,Ny kandidat
Kobal solutions AB,5595775379,Stora Vägen 108,365 43,Kosta,Lessebo,,,1-4,2026,,,Ny kandidat
KAPY Konsult AB,5568731524,Jät Stensbro,362 52,Jät,Växjö,0,2025,1,2011,,,Ny kandidat
Höglandets Service AB,5595198812,Storgatan 1,364 30,Åseda,Uppvidinge,0,2025,1-4,2025,,,Ny kandidat
Flame AB,5593589699,Vångsnäs 4,342 62,Moheda,Alvesta,0,2024,0,2022,,,Ny kandidat
Ekonomi och personalkonsult Småland AB,5595392696,Videgatan 1,342 30,Alvesta,Alvesta,,,0,2025,,,Ny kandidat
AS Partner AB,5592335011,Billa Kulla Gård,355 75,Åryd,Växjö,0,2025,0,2019,,,Ny kandidat
Uddefors & Edlund AB,5595503623,Ringvägen 11,896 32,Husum,Örnsköldsvik,,,0,2025,,,Ny kandidat
Wberg AB,5594450396,Lemesjö 307,897 92,Trehörningsjö,Örnsköldsvik,0,2025,0,2023,,,Ny kandidat
Vit blink AB,5594791450,Köpmangatan 5 a,882 30,Långsele,Sollefteå,0,2025,1,2024,,,Ny kandidat
TJ's Transport i norr AB,5595074427,Kapellvägen 2 c,872 31,Kramfors,Kramfors,,,1-4,2024,,,Ny kandidat
Strinda AB,5593121873,Baldersvägen 14 b Lgh 1101,852 34,Sundsvall,Sundsvall,0,2025,0,2021,,,Ny kandidat
Strategica verksamhetsutveckling AB,5595386417,Västra Radiogatan 41,854 61,Sundsvall,Sundsvall,,,1-4,2025,,,Ny kandidat
Snossnoj AB,5590481320,"c/o Contrado Fusion AB, Box 306",851 05,Sundsvall,Sundsvall,0,2025,0,2016,,,Ny kandidat
Sabarssons Invest AB,5590382866,Västerhus 101,894 91,Själevad,Örnsköldsvik,0,2025,0,2015,,,Ny kandidat
RPs Allservice AB,5595105981,Södra Forsmovägen 32,881 91,Sollefteå,Sollefteå,,,1-4,2024,,,Ny kandidat
Quality Service i Sverige AB,5568791197,Pionvägen 5,862 34,Kvissleby,Sundsvall,0,2025,0,2012,,,Ny kandidat
Poolia Umeå AB,5565019246,Esplanaden 10 Våning 4,852 32,Sundsvall,Sundsvall,0,2024,0,1994,,,Ny kandidat
Patrons Entreprenad AB,5592418437,Mogatan 9,854 60,Sundsvall,Sundsvall,0,2025,0,2020,,,Ny kandidat
Nowork AB,5595727917,Ringvägen 4,872 30,Kramfors,Kramfors,,,0,2026,,,Ny kandidat
Medkompetens Mitt AB,5590318308,Fågelvägen 3,856 43,Sundsvall,Sundsvall,0,2025,0,2015,,,Ny kandidat
Medelpadingen Anupan AB,5595719856,Åse 130,855 92,Kovland,Sundsvall,,,1-4,2026,,,Ny kandidat
M Sjöbom AB,5593700510,Skatan 170,862 96,Njurunda,Sundsvall,0,2025,0,2022,,,Ny kandidat
Linda Nordin Invest AB,5593141319,Västanbäck 725,861 95,Söråker,Timrå,0,2025,0,2021,,,Ny kandidat
Leif Nilsson Livs Aktiebolag,5564722253,Östra Långgatan 7 e Lgh 1101,852 36,Sundsvall,Sundsvall,0,2025,1,1993,,,Ny kandidat
Jonasson Rail AB,5595546705,Mellangatan 19 c,861 32,Timrå,Timrå,,,0,2025,,,Ny kandidat
Johan Sjödin AB,5595764001,Sörbyvägen 7,891 65,Örnsköldsvik,Örnsköldsvik,,,1-4,2026,,,Ny kandidat
Industribemanning Örnsköldsvik AB,5595446898,Nytorgsgatan 3 a,891 34,Örnsköldsvik,Örnsköldsvik,,,0,2025,,,Ny kandidat
Ida Nordh AB,5595229096,Korstavägen 10 a Lgh 1103,856 32,Sundsvall,Sundsvall,0,2025,0,2025,,,Ny kandidat
High coast solutions AB,5593663643,Tallstigen 208,892 92,Domsjö,Örnsköldsvik,0,2026,0,2022,,,Ny kandidat
Helen Care AB,5595499756,Midälvavägen 62,853 53,Sundsvall,Sundsvall,,,1-4,2025,,,Ny kandidat
H Wiklund AB,5567928154,Anundgård 148,855 98,Liden,Sundsvall,0,2025,0,2009,,,Ny kandidat
Betongpersonal i Sundsvall AB,5568789407,Thulegatan 24,852 36,Sundsvall,Sundsvall,0,2025,0,2011,,,Ny kandidat
Astrid Lundgren Bemanning AB,5594209370,"c/o Oscar Borg, Borgargatan 12",856 31,Sundsvall,Sundsvall,0,2025,0,2023,,,Ny kandidat
414 Gruppen AB,5592971690,Svanvägen 6,891 40,Örnsköldsvik,Örnsköldsvik,0,2025,0,2021,,,Ny kandidat
24/7 Liden AB,5594445776,Lidenvägen 75,855 99,Liden,Sundsvall,0,2025,0,2023,,,Ny kandidat
VISEKO AB,5591697098,Moster Lisas Väg 6,372 90,Ronneby,Ronneby,0,2024,0,2018,,,Ny kandidat
Unakon Personal AB,5595488858,Markgatan 28,294 32,Sölvesborg,Sölvesborg,,,1-4,2025,,,Ny kandidat
Próspero Hälsa AB,5593300113,Galérgatan 8,371 36,Karlskrona,Karlskrona,0,2025,0,2021,,,Ny kandidat
Magnussons Gräv- & Skogstjänst AB,5593028185,Gåsamåla 105,371 93,Karlskrona,Karlskrona,0,2025,1-4,2021,,,Ny kandidat
Svarta Led AB,5595100115,Svarta Led 6,373 61,Sturkö,Karlskrona,,,1-4,2024,,,Ny kandidat
Stefan & Marie i Blekinge AB,5566912241,Gränsvägen 57,372 37,Ronneby,Ronneby,0,2025,1,2005,,,Ny kandidat
MP Logistics AB,5595165704,Bokstigen 36,372 73,Ronneby,Ronneby,,,1-4,2025,,,Ny kandidat
IOMJ AB,5594486861,Åkroksvägen 3,375 33,Mörrum,Karlshamn,0,2024,1,2023,,,Ny kandidat
Axelsson bemanning AB,5593663536,Siretorpsvägen 95-5,294 91,Sölvesborg,Sölvesborg,0,2025,0,2022,,,Ny kandidat
EROSAIR AB,5594923442,"c/o PER-OLOF ERIKSSON, Ängsvägen 1 a",374 52,Asarum,Karlshamn,0,2025,0,2024,,,Ny kandidat
Öppen Eld AB,5594153586,Gulsparvvägen 28,831 52,Östersund,Östersund,0,2025,0,2022,,,Ny kandidat
Sveriges Kapitalallians AB,5595648089,Grönviksvägen 7,845 93,Fåker,Östersund,,,1-4,2025,,,Ny kandidat
Storliens Sportcenter AB,5590338132,Vargvägen 2,837 99,Storlien,Åre,0,2025,1,2015,,,Ny kandidat
Sandnäset Fastighet AB,5569856007,Sandnäsvägen 22,835 41,Dvärsätt,Krokom,0,2025,0,2014,,,Ny kandidat
Persa Personal AB,5568958945,Grönviken 412,843 91,Bräcke,Bräcke,0,2025,0,2012,,,Ny kandidat
Olsson i Skålan AB,5595523753,Skålan 155,845 52,Åsarna,Berg,,,1-4,2025,,,Ny kandidat
Nytta & Nöje AB,5590487673,Falkfångarvägen 21,831 71,Östersund,Östersund,0,2024,0,2016,,,Ny kandidat
Nordanhå Invest AB,5569285751,Nordanhå 109,842 95,Lillhärdal,Härjedalen,0,2025,0,2013,,,Ny kandidat
Jämtlands Industrikonsult AB,5595339838,Kolonivägen 12,844 32,Hammarstrand,Ragunda,,,1-4,2025,,,Ny kandidat
JÅUI AB,5594999848,Byvägen 74,837 95,Undersåker,Åre,0,2025,0,2024,,,Ny kandidat
Haq Förvaltning AB,5592933617,Pålgård 463,844 91,Hammarstrand,Ragunda,0,2025,0,2020,,,Ny kandidat
Hahn Granbom Invest AB,5592015506,Jormvattnet 280,833 98,Gäddede,Strömsund,0,2025,0,2019,,,Ny kandidat
Granlöfs Förvaltning AB,5594210048,Överammer 204,844 95,Stugun,Ragunda,0,2025,1,2023,,,Ny kandidat
Golarge Coaching AB,5594820655,Enbärsvägen 19,831 62,Östersund,Östersund,0,2025,0,2024,,,Ny kandidat
G Profil AB,5564382215,Vallagatan 16,832 54,Frösön,Östersund,0,2025,0,1991,,,Ny kandidat
FysioRehab Frösön AB,5567906473,Bergsgatan 24 c Lgh 1101,832 41,Frösön,Östersund,0,2025,1,2009,,,Ny kandidat
Frösö Kapitalinvest AB,5565892915,Frimans Väg 7,832 54,Frösön,Östersund,0,2025,0,2000,,,Ny kandidat
Faugert Entreprenad AB,5595934356,Ede 365,833 48,Hammerdal,Strömsund,,,0,2026,,,Ny kandidat
Esserud & Co AB,5567435283,Brattbäcken 423,833 59,Hoting,Strömsund,0,2025,0,2007,,,Ny kandidat
Edfalk Consulting AB,5595793612,Ställverksvägen 1,831 52,Östersund,Östersund,,,0,2026,,,Ny kandidat
Conatus Services AB,5568625510,Skucku 232 Services Ab,845 61,Svenstavik,Berg,0,2025,1,2011,,,Ny kandidat
Brunkulla Vård AB,5593831919,Åskottvägen 4,836 71,Ås,Krokom,0,2024,0,2022,,,Ny kandidat
Bigkh Bygg AB,5593606089,Birka Strand 8,836 71,Ås,Krokom,0,2025,0,2022,,,Ny kandidat
Bao Group AB,5590813589,Prästgatan 17,831 31,Östersund,Östersund,0,2025,0,2016,,,Ny kandidat
AVN Resurs AB,5590071428,"c/o ANTON NORDQVIST, Centrumvägen 51",834 31,Brunflo,Östersund,0,2024,0,2015,,,Ny kandidat
Tomgus Holding AB,5592982556,Lundbygatan 2,621 41,Visby,Gotland,0,2025,1,2021,,,Ny kandidat
Ett arbetslivs erfarenhet Gotland AB,5568869431,Lokrume Stora Hammars 371,621 74,Visby,Gotland,0,2025,0,2012,,,Ny kandidat
Grönlund/Johansson AB,5592414899,Grötlingbo Domerarve 181,623 38,Havdhem,Gotland,0,2024,0,2020,,,Ny kandidat
LillyVella AB,5595775791,Follingbo Norrbys 329,621 91,Visby,Gotland,,,1-4,2026,,,Ny kandidat
JBL Partner AB,5591389837,Skarphällsgatan 8 g,621 41,Visby,Gotland,0,2024,1,2017,,,Ny kandidat
J Murenzi AB,5593727273,Kronbrunnsgatan 4 b,624 48,Slite,Gotland,0,2025,0,2022,,,Ny kandidat
Swedrian Holding AB,5567785505,Södertorg 13,621 57,Visby,Gotland,0,2025,0,2009,,,Ny kandidat
ROMeat AB,5595553792,Snäckgärdsvägen 56 Lgh 1210,621 41,Visby,Gotland,,,0,2025,,,Ny kandidat
1Nurse Gotland AB,5593545592,Almvägen 3,621 43,Visby,Gotland,0,2025,0,2021,,,Ny kandidat
Väx i Norr AB,5590208343,"c/o AdvokatTeamet Stenman AB, Box 4",921 21,Lycksele,Lycksele,-0.1,2022,0,2015,,,Ny kandidat
Emmots all-tjänst AB,5592084098,Råggatan 184,943 31,Öjebyn,Piteå,-0.1,2025,0,2019,,,Ny kandidat
BOSMOR Förvaltning AB,5566385828,Vallby 31,276 56,Hammenhög,Simrishamn,-0.2,2025,0,2003,,,Ny kandidat
PGS Investment AB,5566757554,"c/o Daniel Boccalini, Kristinaplatsen 3",602 31,Norrköping,Norrköping,-0.4,2024,0,2005,,,Ny kandidat
Lernia Bemanning AB,5564727013,Olof Palmes Gata 11,111 37,Stockholm,Stockholm,2821.6,2024,4842,1993,,,Redan i Kompetensföretagen-listan
Adecco Sweden Aktiebolag,5564472677,Svetsarvägen 6 4tr,171 41,Solna,Solna,1886,2025,2631,1992,,,Redan i Kompetensföretagen-listan
StudentConsulting Sweden AB (publ),5566747449,Nordkalottvägen 1,972 54,Luleå,Luleå,1158.1,2024,609,2005,,,Redan i Kompetensföretagen-listan
Experis AB,5568551104,Evenemangsgatan 21-25 5tr,169 79,Solna,Solna,765.7,2025,742,2011,,,Redan i Kompetensföretagen-listan
Academic Work HR Service AB,5566836515,Gamla Tanneforsvägen 92,582 52,Linköping,Linköping,654.4,2024,389,2005,,,Redan i Kompetensföretagen-listan
Veteranpoolen AB,5569051070,Norra Hamngatan 4,411 14,Göteborg,Göteborg,567.8,2024,775,2012,,,Redan i Kompetensföretagen-listan
Jobandtalent People Sweden AB,5565067591,Norra Promenaden 63,602 38,Norrköping,Norrköping,536.5,2024,17,1995,,,Redan i Kompetensföretagen-listan
Meet your future Studenter AB,5569037962,Sveavägen 168,113 46,Stockholm,Stockholm,506.5,2024,886,2012,,,Redan i Kompetensföretagen-listan
Konsultia AB,5569380883,Östra Strandgatan 26 a,903 33,Umeå,Umeå,437.2,2025,505,2013,,,Redan i Kompetensföretagen-listan
Colligo Vårdkompetens AB,5569845778,Sveavägen 155 Plan 7,113 46,Stockholm,Stockholm,427.4,2024,99,2014,,,Redan i Kompetensföretagen-listan
Insitepart AB,5590245048,Östra Storgatan 10,553 21,Jönköping,Jönköping,383.1,2025,678,2015,,,Redan i Kompetensföretagen-listan
Framtiden i Sverige AB,5566865142,Borgmästargränd 1 d,553 20,Jönköping,Jönköping,354.1,2024,457,2005,,,Redan i Kompetensföretagen-listan
Jurek Recruitment & Consulting AB,5566945324,Biblioteksgatan 11,111 46,Stockholm,Stockholm,349.5,2024,63,2005,,,Redan i Kompetensföretagen-listan
Posti Logistics Staffing AB,5569203689,Strandbergsgatan 55,112 51,Stockholm,Stockholm,342,2024,531,2013,,,Redan i Kompetensföretagen-listan
Tranpenad Bemanning i Stockholm AB,5565990024,Frösundaviks Allé 1,169 70,Solna,Solna,323.2,2024,293,2000,,,Redan i Kompetensföretagen-listan
Bravura Sverige AB,5567520803,Hornsbruksgatan 28,11734,Stockholm,Stockholm,321.5,2025,46,2008,https://www.bravura.se/,,Redan i Kompetensföretagen-listan
Academic Work IT AB,5592023278,Gamla Tanneforsvägen 92,582 52,Linköping,Linköping,300.1,2024,341,2019,,,Redan i Kompetensföretagen-listan
Montico HR Partner AB,5565806741,Västra Vägen 14,573 41,Tranås,Tranås,285.5,2025,420,1999,,,Redan i Kompetensföretagen-listan
NearYou Vårgårda AB,5568480940,Wallentinsvägen 11 d,447 37,Vårgårda,Vårgårda,247,2025,401,2011,,,Redan i Kompetensföretagen-listan
NearYou Service AB,5564952017,Torgg. 5,461 34,TROLLHÄTTAN,Trollhättan,239.3,2025,362,1994,,,Redan i Kompetensföretagen-listan
OnePartnerGroup Väst AB,5590413083,Mogölsvägen 4,554 75,Jönköping,Jönköping,228.2,2025,311,2015,,,Redan i Kompetensföretagen-listan
Manpower Flexjobb AB,5567470447,Evenemangsgatan 21-25 5tr,169 79,Solna,Solna,223.2,2024,1251,2007,,,Redan i Kompetensföretagen-listan
Bravura Consulting AB,5590192190,Hornsbruksgatan 28,117 34,Stockholm,Stockholm,198.1,2025,408,2015,,,Redan i Kompetensföretagen-listan
Ikett Personalpartner AB,5562711134,Aklejavägen 6,371 54,Karlskrona,Karlskrona,190.1,2024,277,1986,,,Redan i Kompetensföretagen-listan
Adecco Student AB,5565544169,Svetsarvägen 6 4tr,171 41,Solna,Solna,187.5,2025,330,1998,,,Redan i Kompetensföretagen-listan
Jovi Konsult AB,5590826797,Götabergsgatan 20 a Bv,411 34,Göteborg,Göteborg,186.3,2025,247,2016,,,Redan i Kompetensföretagen-listan
Libera i Sverige AB,5591555007,Esplanaden 4,172 67,Sundbyberg,Sundbyberg,184.9,2025,245,2018,,,Redan i Kompetensföretagen-listan
Veterankraft AB,5567677694,Birger Jarlsgatan 61 8tr,113 56,Stockholm,Stockholm,179.9,2024,186,2008,,,Redan i Kompetensföretagen-listan
Läkarjouren i Norrland Aktiebolag,5563446151,Storgatan 24,972 32,Luleå,Luleå,175.2,2025,37,1989,,,Redan i Kompetensföretagen-listan
Boxflow Staffing Syd AB,5591962211,Lagergatan 4,264 94,Klippan,Klippan,164.3,2024,276,2019,,,Redan i Kompetensföretagen-listan
NearYou Competence AB,5565627642,Prognosgatan 12 1tr,504 64,Borås,Borås,160,2025,233,1998,,,Redan i Kompetensföretagen-listan
Logent Bemanning AB,5590416714,Hammarby Kaj 14,120 30,Stockholm,Stockholm,158.9,2024,319,2015,,,Redan i Kompetensföretagen-listan
Eccera Professionals AB,5567183693,Gårdsvägen 18 7tr,169 66,Solna,Solna,157.7,2025,207,2006,http://www.eccera.se,,Redan i Kompetensföretagen-listan
OnePartnerGroup Stockholm Bemanning AB,5563190478,Veddestavägen 24,175 62,Järfälla,Järfälla,150.9,2025,189,1988,,,Redan i Kompetensföretagen-listan
Tranpenad Bemanning i Göteborg AB,5566306188,Bäckstensgatan 9,431 49,Mölndal,Mölndal,148.3,2024,90,2002,,,Redan i Kompetensföretagen-listan
Academic Work Finance AB,5592023286,Gamla Tanneforsvägen 92,582 52,Linköping,Linköping,144.1,2024,164,2019,,,Redan i Kompetensföretagen-listan
OnePartnerGroup Örebro AB,5590939178,Drottninggatan 37,702 22,Örebro,Örebro,142.9,2025,193,2016,,,Redan i Kompetensföretagen-listan
OnePartnerGroup Jönköping AB,5566766589,Mogölsvägen 4,554 75,Jönköping,Jönköping,142.8,2025,202,2005,,,Redan i Kompetensföretagen-listan
eLinked AB,5591911622,Stålverksgatan 5,417 07,Göteborg,Göteborg,141.8,2025,164,2019,,,Redan i Kompetensföretagen-listan
Nurse & Doc Partner Scandinavia AB,5565769345,Stortorget 2,371 12,Karlskrona,Karlskrona,139.6,2025,25,1999,,,Redan i Kompetensföretagen-listan
Best Bemanning & Rekrytering i Sverige AB,5567867352,Kyrkogatan 3,63219,Eskilstuna,Eskilstuna,139.3,2024,213,2009,,,Redan i Kompetensföretagen-listan
DFDS Professionals AB,5592622996,Box 8978,402 74,Göteborg,Göteborg,138.3,2024,269,2020,,,Redan i Kompetensföretagen-listan
People Productions Sweden AB,5565771838,Folkungagatan 44,118 26,Stockholm,Stockholm,137,2025,287,1999,,,Redan i Kompetensföretagen-listan
UNIK Resurs i Sverige AB,5560525833,Diskettgatan 2,583 30,Linköping,Linköping,134.2,2025,111,1948,,,Redan i Kompetensföretagen-listan
RA Hospitality i Norden AB,5565545828,Norra Stationsgatan 93 d,113 64,Stockholm,Stockholm,131.9,2024,238,1998,,,Redan i Kompetensföretagen-listan
AB Effektiv Väst,5569447666,Skaraborgsvägen 1 b 4tr,506 30,Borås,Borås,131.3,2025,194,2013,,,Redan i Kompetensföretagen-listan
Tranpenad Bemanning i Trestad AB,5566525936,Föreningsgatan 9,461 30,Trollhättan,Trollhättan,127.2,2024,164,2003,,,Redan i Kompetensföretagen-listan
Pelmatic AB,5592766918,Östra Prinsgatan 8,371 31,Karlskrona,Karlskrona,120.3,2025,14,2020,,,Redan i Kompetensföretagen-listan
Rekryteringsgruppen i Stockholm AB,5566010061,Vretensborgsvägen 28 8tr,126 30,Hägersten,Stockholm,119.7,2025,231,2001,,,Redan i Kompetensföretagen-listan
"PersonalUthyrning, Logistik & Service Anderstorp AB",5568033343,Järnvägsgatan 3,331 30,Värnamo,Värnamo,113.6,2025,215,2010,,,Redan i Kompetensföretagen-listan
Inspection & Damage Containment Europe Sweden AB,5567504443,Ruskvädersgatan 18,418 34,Göteborg,Göteborg,113.3,2025,172,2008,,,Redan i Kompetensföretagen-listan
Humly Edtech AB,5569680134,Von Utfallsgatan 1,415 05,Göteborg,Göteborg,112.5,2024,171,2014,,,Redan i Kompetensföretagen-listan
ER Work Power AB,5567911028,Norra Skolgatan 2 a,264 33,Klippan,Klippan,107.3,2025,176,2009,,,Redan i Kompetensföretagen-listan
Skandinavisk Hälsovård AB,5565961975,Drottninggatan 29,111 51,Stockholm,Stockholm,106.8,2024,14,2000,,,Redan i Kompetensföretagen-listan
Akkodis Sweden AB,5566940044,Svetsarvägen 6,171 41,Solna,Solna,103.9,2025,113,2005,,,Redan i Kompetensföretagen-listan
Junic Sverige AB,5567832711,Baldersvägen 31,332 35,Gislaved,Gislaved,103.4,2025,138,2009,,,Redan i Kompetensföretagen-listan
StudentConsulting Sweden HR AB,5567658645,Nordkalottvägen 1,972 54,Luleå,Luleå,101.8,2024,129,2008,,,Redan i Kompetensföretagen-listan
ManpowerGroup Solutions IT AB,5566066634,Evenemangsgatan 21-25 5tr,169 79,Solna,Solna,101.4,2024,56,2001,,,Redan i Kompetensföretagen-listan
Talangjägarna Sverige AB,5567696959,Skolvägen 22,187 70,Täby,Täby,99.2,2025,96,2008,,,Redan i Kompetensföretagen-listan
Majola Restaurangkonsult AB,5566892856,Hesselmans Torg 5 10 Tr.,131 54,Nacka,Nacka,97.6,2025,128,2005,http://majola.se/majola/,,Redan i Kompetensföretagen-listan
NearYou Göteborg AB,5569016917,Fabriksgatan 13 3tr,412 50,Göteborg,Göteborg,97.6,2025,147,2012,,,Redan i Kompetensföretagen-listan
Processbemanning Svenska AB,5560594987,Vasatorpsvägen 3,254 57,Helsingborg,Helsingborg,94.5,2024,156,1954,https://www.processbemanning.se/,,Redan i Kompetensföretagen-listan
People Bemanning AB,5592394752,Sundbybergs Torg 1,172 67,Sundbyberg,Sundbyberg,94.5,2025,150,2020,,,Redan i Kompetensföretagen-listan
Clustera Sverige AB,5567431365,Västra Kanalgatan 21,151 71,Södertälje,Södertälje,89.6,2024,163,2007,,,Redan i Kompetensföretagen-listan
Socionomera Bemanning AB,5591304737,Propellergatan 2 b,211 15,Malmö,Malmö,88.4,2025,28,2017,,,Redan i Kompetensföretagen-listan
Today Consulting Syd AB,5592090400,Kvekatorpsvägen 23,311 32,Falkenberg,Falkenberg,85.8,2025,179,2019,,,Redan i Kompetensföretagen-listan
Trp Automotive AB,5566427208,Bäckstensgatan 9,431 49,Mölndal,Mölndal,82.5,2024,90,2003,,,Redan i Kompetensföretagen-listan
Carotte Staff AB,5568580392,Vasagatan 50,111 20,Stockholm,Stockholm,79.6,2025,346,2011,,,Redan i Kompetensföretagen-listan
Enrival AB,5566890207,Stora Södergatan 25,222 23,Lund,Lund,78.4,2025,69,2005,,,Redan i Kompetensföretagen-listan
Inhouse AB,5565450458,Blasieholmsgatan 4 a,111 48,Stockholm,Stockholm,78.1,2025,28,1997,,,Redan i Kompetensföretagen-listan
Menardi & Barth Recruiting AB,5590964119,Boställsvägen 7,702 27,Örebro,Örebro,76.6,2025,75,2017,,,Redan i Kompetensföretagen-listan
Olivia Solution AB,5566972583,Hammarby Allé 150,120 63,Stockholm,Stockholm,76,2024,133,2006,,,Redan i Kompetensföretagen-listan
Maxkompetens Sverige AB,5566476957,Scheelegatan 28,112 28,Stockholm,Stockholm,75.8,2025,97,2003,,,Redan i Kompetensföretagen-listan
Klara D AB,5565780847,Fyrverkarbacken 28,112 60,Stockholm,Stockholm,75,2024,30,1999,,,Redan i Kompetensföretagen-listan
OnePartnerGroup Syd AB,5591178107,Storgatan 22 a,211 42,Malmö,Malmö,73.7,2025,102,2017,,,Redan i Kompetensföretagen-listan
AB Effektiv Varberg/Falkenberg,5591721716,Stålgatan 13 b,432 32,Varberg,Varberg,71,2025,98,2018,,,Redan i Kompetensföretagen-listan
OnePartnerGroup GGVV AB,5568432230,Stansgatan 2,334 32,Anderstorp,Gislaved,69.8,2025,96,2011,,,Redan i Kompetensföretagen-listan
The Finance Family AB,5593417321,Drottninggatan 33,111 51,Stockholm,Stockholm,67.7,2025,5,2021,,,Redan i Kompetensföretagen-listan
A Hub AB,5591779656,Gävlegatan 16,113 30,Stockholm,Stockholm,65.4,2025,39,2018,,,Redan i Kompetensföretagen-listan
Bemanningspoolen i Värnamo AB,5565986592,Lagastigen 2 b,331 34,Värnamo,Värnamo,62.6,2024,108,2000,,,Redan i Kompetensföretagen-listan
Industri Support Värmland AB,5565737482,Korpralsvägen 3,671 34,Arvika,Arvika,62.2,2024,87,1999,,,Redan i Kompetensföretagen-listan
Clockwork Stockholm AB,5590712997,Sveavägen 17 Plan 13,111 57,Stockholm,Stockholm,60.9,2025,40,2016,,,Redan i Kompetensföretagen-listan
OnePartnerGroup Södra Norrland AB,5590937537,Mogölsvägen 4,554 75,Jönköping,Jönköping,60.4,2025,75,2016,,,Redan i Kompetensföretagen-listan
Incluso AB,5590023213,Gamla Brogatan 32,111 20,Stockholm,Stockholm,58.9,2025,36,2015,,,Redan i Kompetensföretagen-listan
Submit AB,5590728837,Tellusborgsvägen 90,126 28,Hägersten,Stockholm,58.4,2025,101,2016,,,Redan i Kompetensföretagen-listan
Needo Recruitment Sthlm AB,5590885884,Villagatan 13 B,114 32,Stockholm,Stockholm,58.3,2025,37,2016,https://needo.se/,,Redan i Kompetensföretagen-listan
Boxflow Staffing Mitt AB,5593020075,Lagergatan 4,264 94,Klippan,Klippan,57.9,2024,85,2021,,,Redan i Kompetensföretagen-listan
Miljonbemanning AB,5569599318,Albyvägen 2 a,145 59,Norsborg,Botkyrka,57.3,2024,65,2014,,,Redan i Kompetensföretagen-listan
KOCK. IN AB,5567602098,Hagaesplanaden 70,113 66,Stockholm,Stockholm,57.1,2025,9,2008,,,Redan i Kompetensföretagen-listan
2Complete AB,5568118334,Sveavägen 33 2tr,111 34,Stockholm,Stockholm,52.8,2025,67,2010,,,Redan i Kompetensföretagen-listan
Tornedalens Entreprenad AB,5569794497,Rymdvägen 14,981 45,Kiruna,Kiruna,51,2025,46,2014,,,Redan i Kompetensföretagen-listan
Flexio Work AB,5592152481,Nordenskiöldsgatan 24,211 19,Malmö,Malmö,50.4,2024,75,2019,,,Redan i Kompetensföretagen-listan
LN Personal AB,5566463591,Victor Hasselblads Gata 9,421 31,Västra Frölunda,Göteborg,50.2,2025,82,2003,,,Redan i Kompetensföretagen-listan
Hammer & Hanborg Sverige AB,5565932828,Biblioteksgatan 11,111 46,Stockholm,Stockholm,48.4,2025,33,2000,,,Redan i Kompetensföretagen-listan
Prowork Göteborg AB,5592054091,Rosenborgsgatan 12,169 74,Solna,Solna,46.6,2025,77,2019,,,Redan i Kompetensföretagen-listan
OnePartnerGroup Sydost AB,5569278475,Honnörsgatan 12,352 36,Växjö,Växjö,45.5,2025,68,2013,,,Redan i Kompetensföretagen-listan
Hedera Medical AB,5566383211,Drakegatan 10 Plan 21,412 50,Göteborg,Göteborg,45.3,2024,4,2003,,,Redan i Kompetensföretagen-listan
Svensk läkartjänst LIL AB,5564044203,Holländargatan 27 1tr,113 59,Stockholm,Stockholm,44.7,2024,4,1990,,,Redan i Kompetensföretagen-listan
Pongpower AB,5568087497,Drottninggatan 71 c,111 36,Stockholm,Stockholm,44.4,2025,89,2010,,,Redan i Kompetensföretagen-listan
Actus People AB,5590659248,Finlandsgatan 10 Bv,164 74,Kista,Stockholm,44.3,2025,32,2016,,,Redan i Kompetensföretagen-listan
Tranpenad Bemanning i Jönköping AB,5567310502,Bäckstensgatan 9,431 49,Mölndal,Mölndal,42.6,2024,44,2007,,,Redan i Kompetensföretagen-listan
Retail staffing Sverige AB,5569783219,Sankt Eriksgatan 6,411 05,Göteborg,Göteborg,41.4,2025,76,2014,,,Redan i Kompetensföretagen-listan
MW Sverige AB,5568925415,Gustav Iii:S Boulevard 32,169 73,Solna,Solna,41.1,2024,52,2012,,,Redan i Kompetensföretagen-listan
EdZa AB,5593286411,Sveavägen 49,113 59,Stockholm,Stockholm,40.7,2025,15,2021,,,Redan i Kompetensföretagen-listan
Boxflow Staffing Väst AB,5593301939,Lagergatan 4,264 94,Klippan,Klippan,40,2024,63,2021,,,Redan i Kompetensföretagen-listan
365 BTS AB,5590690334,Upplandsvägen 32,117 55,Stockholm,Stockholm,39.7,2024,11,2016,,,Redan i Kompetensföretagen-listan
Dedicare Life Science AB,5567676548,Ringvägen 100,118 60,STOCKHOLM,Stockholm,39.1,2024,24,2008,https://www.dedicare.se/,,Redan i Kompetensföretagen-listan
Emploid AB,5592882749,Jungmansgatan 12,211 11,Malmö,Malmö,38.8,2025,48,2020,https://www.emploid.se/,,Redan i Kompetensföretagen-listan
A-Talent Tech Management Sweden AB,5566817143,Landsvägen 57,172 65,Sundbyberg,Sundbyberg,38.6,2025,42,2005,,,Redan i Kompetensföretagen-listan
Ofelia Vård AB,5565792131,Drottninggatan 29,111 51,Stockholm,Stockholm,34.5,2024,16,1999,,,Redan i Kompetensföretagen-listan
OnePartnerGroup Stockholm AB,5590928619,Drottninggatan 33,111 51,Stockholm,Stockholm,34.4,2025,35,2016,,,Redan i Kompetensföretagen-listan
Jobbklar Sverige AB,5562701630,Södergatan 41,252 19,Helsingborg,Helsingborg,34.4,2024,42,1986,,,Redan i Kompetensföretagen-listan
Trim tab AB,5591238844,Vasagatan 10,111 20,Stockholm,Stockholm,34.3,2024,36,2017,,,Redan i Kompetensföretagen-listan
OnePartnerGroup Skaraborg AB,5568615545,Gesällgatan 1,541 50,Skövde,Skövde,33.5,2025,46,2011,,,Redan i Kompetensföretagen-listan
WRKFRC Bemanning & Rekrytering AB,5567570139,Arendal Skans 33,418 79,Göteborg,Göteborg,33.4,2025,51,2008,,,Redan i Kompetensföretagen-listan
Public People AB,5592072101,Skyttegatan 11,733 34,Sala,Sala,33.1,2025,17,2019,,,Redan i Kompetensföretagen-listan
Montico HR Partner i Katrineholm AB,5565795332,Videvägen 5 a,641 49,Katrineholm,Katrineholm,33.1,2025,47,1999,,,Redan i Kompetensföretagen-listan
Fiks Group AB,5566604095,Rinmansgatan 18,633 46,Eskilstuna,Eskilstuna,33,2025,65,2004,,,Redan i Kompetensföretagen-listan
Läkarresurs FA Rekryt AB,5565782819,Vasagatan 15-17,111 20,Stockholm,Stockholm,32.9,2024,3,1999,,,Redan i Kompetensföretagen-listan
Workz Sweden AB,5569383788,Kungsgatan 60,111 22,Stockholm,Stockholm,32.8,2025,53,2013,,,Redan i Kompetensföretagen-listan
Plus Care AB,5565920575,Stortorget 2,371 31,Karlskrona,Karlskrona,32.4,2025,2,2000,,,Redan i Kompetensföretagen-listan
Athletic Work Nordic AB,5594590456,Arenavägen 41,121 77,Johanneshov,Stockholm,32.3,2025,80,2023,,,Redan i Kompetensföretagen-listan
Next Level Employment AB,5568534126,Telefonvägen 30 Plan 1,126 26,Hägersten,Stockholm,31.4,2025,45,2011,,,Redan i Kompetensföretagen-listan
RA Hospitality i Göteborg AB,5565866695,Södra Vägen 67,412 54,Göteborg,Göteborg,31.3,2025,54,2000,,,Redan i Kompetensföretagen-listan
Tranpenad AB,5565970364,Bäckstensgatan 9,431 49,Mölndal,Mölndal,31.2,2024,13,2000,,,Redan i Kompetensföretagen-listan
AB Effektiv Göteborg,5569902066,Skaraborgsvägen 1 b,506 30,Borås,Borås,31.1,2025,48,2014,,,Redan i Kompetensföretagen-listan
Jobcenter in Sweden AB,5590287412,Lilla Torget 3 a,341 43,Ljungby,Ljungby,30.8,2025,11,2015,,,Redan i Kompetensföretagen-listan
Jobwise Stockholm AB,5594051756,Elektravägen 12,126 30,Hägersten,Stockholm,30.6,2025,42,2022,,,Redan i Kompetensföretagen-listan
Lets Work Sweden AB,5568296171,Flustervägen 1,141 69,Huddinge,Huddinge,29.9,2024,53,2010,,,Redan i Kompetensföretagen-listan
Arbetskraft Öresund AB,5566528534,Schaktugnsgatan 2,216 16,Limhamn,Malmö,29.8,2025,36,2003,,,Redan i Kompetensföretagen-listan
Starfinder AB,5591937205,Warfvinges Väg 31,112 51,Stockholm,Stockholm,29.7,2025,37,2019,,,Redan i Kompetensföretagen-listan
gastrolink AB,5569805731,Brunnsgatan 6,413 12,Göteborg,Göteborg,29.1,2025,57,2014,,,Redan i Kompetensföretagen-listan
Jour Bemanning i Sverige AB,5566416037,Eklidsvägen 4,146 40,Tullinge,Botkyrka,29,2024,73,2003,,,Redan i Kompetensföretagen-listan
JJ bemanning AB,5568956832,Lövängsvägen 12,187 30,Täby,Täby,27.9,2025,45,2012,,,Redan i Kompetensföretagen-listan
ADA Digital AB,5591618227,Kungsgatan 44 4 Trappor,111 35,Stockholm,Stockholm,26.7,2024,13,2018,,,Redan i Kompetensföretagen-listan
JKS Sverige AB,5590205430,Hyllie Boulevard 1 a,215 32,Malmö,Malmö,26.3,2025,42,2015,,,Redan i Kompetensföretagen-listan
EUSTAFF SWEDEN AB,5593279002,Importgatan 20,422 46,Hisings Backa,Göteborg,26.2,2026,83,2021,,,Redan i Kompetensföretagen-listan
Cleverex Bemanning AB,5590820287,Radiatorvägen 15,702 27,Örebro,Örebro,25.7,2025,43,2016,,,Redan i Kompetensföretagen-listan
Tranpenad Borås AB,5594258872,Vevgatan 15,504 64,Borås,Borås,25.7,2024,35,2023,,,Redan i Kompetensföretagen-listan
SFERA Bemanning AB,5592187990,Knut Påls Väg 8,256 69,Helsingborg,Helsingborg,25.1,2025,57,2019,,,Redan i Kompetensföretagen-listan
MRC Stockholm AB,5566471412,Vasagatan 12,111 20,Stockholm,Stockholm,24.7,2025,29,2003,,,Redan i Kompetensföretagen-listan
MJF Butchers AB,5568071129,Kurvallen 43,741 92,Knivsta,Knivsta,24.4,2025,26,2010,,,Redan i Kompetensföretagen-listan
AB Effektiv Halmstad,5591691372,Stationsgatan 37,302 50,Halmstad,Halmstad,24.4,2025,38,2018,,,Redan i Kompetensföretagen-listan
Capega AB,5591630016,Vasagatan 12,111 20,Stockholm,Stockholm,24.1,2025,12,2018,,,Redan i Kompetensföretagen-listan
Avanzera AB,5565201182,Sveavägen 129,113 46,Stockholm,Stockholm,23,2025,21,1995,,,Redan i Kompetensföretagen-listan
OnePartnerGroup Örnsköldsvik AB,5590939186,Strandgatan 21,891 39,Örnsköldsvik,Örnsköldsvik,22.5,2025,27,2016,,,Redan i Kompetensföretagen-listan
OnePartnerGroup Borås AB,5569466658,Allégatan 59,503 37,Borås,Borås,22.1,2025,30,2013,,,Redan i Kompetensföretagen-listan
Academic Resource AB,5566490917,Wallingatan 33,111 24,Stockholm,Stockholm,22.1,2025,35,2003,,,Redan i Kompetensföretagen-listan
Bemannix AB,5569664203,Karlskronavägen 7,121 52,Johanneshov,Stockholm,22,2025,39,2014,,,Redan i Kompetensföretagen-listan
Nr. 2 personalpartner AB,5567378368,Bäckeskogsgatan 2,504 68,Borås,Borås,21.6,2025,47,2007,,,Redan i Kompetensföretagen-listan
Talents by Inhouse AB,5592964844,Blasieholmsgatan 4 a,111 48,Stockholm,Stockholm,19.8,2025,30,2021,,,Redan i Kompetensföretagen-listan
Svensk Autorekrytering AB,5566839568,Drottninggatan 33,111 51,Stockholm,Stockholm,19.7,2025,20,2005,,,Redan i Kompetensföretagen-listan
Needo Recruitment West AB,5592183940,Stigbergsliden 5 4tr,414 63,Göteborg,Göteborg,19.5,2025,19,2019,,,Redan i Kompetensföretagen-listan
Tacting AB,5568740491,Gustaf Anders Gata 7 b,653 40,Karlstad,Karlstad,18.8,2024,18,2011,,,Redan i Kompetensföretagen-listan
Hedera Nurse AB,5569727109,Drakegatan 10 Plan 21,412 50,Göteborg,Göteborg,18.1,2024,2,2014,,,Redan i Kompetensföretagen-listan
RA Hospitality i Malmö AB,5566114988,Norra Vallgatan 82,211 22,Malmö,Malmö,17.9,2025,34,2001,,,Redan i Kompetensföretagen-listan
HK Logistik AB,5566642772,Hövdingevägen 77 a,192 65,Sollentuna,Sollentuna,17.7,2025,13,2004,,,Redan i Kompetensföretagen-listan
Asuria People Services ( Sweden ) AB,5592360084,S:T Johannesgatan 2,211 46,Malmö,Malmö,17.6,2025,17,2020,,,Redan i Kompetensföretagen-listan
ArbetsCentralen Sverige AB,5591960819,Södra Stenbocksgatan 122 b,252 44,Helsingborg,Helsingborg,17.6,2025,17,2019,,,Redan i Kompetensföretagen-listan
Yourstaff 365 AB,5569552564,Drakenbergsgatan 61,117 41,Stockholm,Stockholm,17.4,2025,43,2013,,,Redan i Kompetensföretagen-listan
TeamPower Group Sweden AB,5569263923,Lilla Bergsgatan 1,411 28,Göteborg,Göteborg,17.3,2024,34,2013,,,Redan i Kompetensföretagen-listan
LeX-Man i Stockholm AB,5566845185,Gårdsfogdevägen 12,168 67,Bromma,Stockholm,17.1,2025,23,2005,,,Redan i Kompetensföretagen-listan
SFG Solutions AB,5592444201,Skeppsgatan 19,211 11,Malmö,Malmö,17,2025,14,2020,,,Redan i Kompetensföretagen-listan
TEMP-TEAM Sverige AB,5566305420,Nordenskiöldsgatan 24,211 19,Malmö,Malmö,16.9,2025,23,2002,,,Redan i Kompetensföretagen-listan
OnePartnerGroup Halland AB,5569974388,Slottsmöllan 16 b Byggnad 13,302 31,Halmstad,Halmstad,16.7,2025,23,2014,,,Redan i Kompetensföretagen-listan
M Dryck & Konsult AB,5590716857,Slättevallsgatan 34,453 34,Lysekil,Lysekil,16.5,2025,14,2016,,,Redan i Kompetensföretagen-listan
Auxante AB,5592440506,Hallvägen 8,121 62,Johanneshov,Stockholm,16.1,2025,24,2020,,,Redan i Kompetensföretagen-listan
NearYou Skåne AB,5593879835,Mariedalsgatan 5,503 38,Borås,Borås,16,2025,23,2022,,,Redan i Kompetensföretagen-listan
The Finance Family Göteborg AB,5594060286,Drottninggatan 33 3 Tr,111 51,Stockholm,Stockholm,15.8,2025,10,2022,,,Redan i Kompetensföretagen-listan
Västra Bemanning AB,5569657264,Flöjelbergsgatan 7 b,431 37,Mölndal,Mölndal,15.6,2025,28,2014,,,Redan i Kompetensföretagen-listan
Closers AB,5569980682,Industrigatan 4 A,112 46,Stockholm,Stockholm,15.4,2025,11,2014,https://closers.se/,,Redan i Kompetensföretagen-listan
Unik Logistik i Sverige AB,5590295456,Stigbergsliden 5,414 63,Göteborg,Göteborg,15.3,2025,28,2015,,,Redan i Kompetensföretagen-listan
Best bemanning & rekrytering i Vest AB,5568786411,Kyrkogatan 3,632 19,Eskilstuna,Eskilstuna,15.2,2024,27,2011,,,Redan i Kompetensföretagen-listan
Mälardalens Logistik Bemanning AB,5568145055,Pressargatan 11,632 29,Eskilstuna,Eskilstuna,15,2026,21,2010,,,Redan i Kompetensföretagen-listan
OnePartnerGroup Umeå AB,5591571459,Mogölsvägen 4,554 75,Jönköping,Jönköping,14.4,2025,18,2018,,,Redan i Kompetensföretagen-listan
Media Resurs Sverige AB,5566179239,Liavångsvägen 10,272 97,Gärsnäs,Simrishamn,14.4,2025,24,2001,,,Redan i Kompetensföretagen-listan
Andara Group AB,5569009003,Drottninggatan 29,111 51,Stockholm,Stockholm,14.2,2025,18,2012,https://www.andaragroup.se/,,Redan i Kompetensföretagen-listan
PS Interim AB,5568973217,Johan Willins Gata 6,416 64,Göteborg,Göteborg,14.1,2025,5,2012,,,Redan i Kompetensföretagen-listan
Pima Bemanning & Rekrytering AB,5567649446,Lännockvägen 2,152 42,Södertälje,Södertälje,14.1,2025,15,2008,,,Redan i Kompetensföretagen-listan
IMW Personal Ringön AB,5566138805,Ringögatan 36,417 07,Göteborg,Göteborg,14.1,2025,26,2001,https://www.imw.se,,Redan i Kompetensföretagen-listan
Sententia Rekrytering & Konsult AB,5568454374,Drottninggatan 19 1 Tr,582 25,Linköping,Linköping,13.5,2026,11,2011,,,Redan i Kompetensföretagen-listan
Clockwork Matchning AB,5590634357,Nygatan 12,803 20,Gävle,Gävle,13.5,2025,15,2016,,,Redan i Kompetensföretagen-listan
Team Bemanning i Värnamo AB,5591604540,Västbovägen 47,331 53,Värnamo,Värnamo,13.4,2025,28,2018,,,Redan i Kompetensföretagen-listan
Svetstjänst Industribemanning i Lund AB,5567949572,Köpmannagatan 19,245 65,Hjärup,Staffanstorp,13.1,2025,18,2009,,,Redan i Kompetensföretagen-listan
Rosénssons Consulting AB,5568992019,Sundskajen 10,216 43,Limhamn,Malmö,13.1,2025,17,2012,,,Redan i Kompetensföretagen-listan
Påverka Nu Sverige AB,5567754170,Box 214,581 02,Linköping,Linköping,13,2024,7,2009,,,Redan i Kompetensföretagen-listan
Skolia AB,5568279474,Stadiongatan 65,217 62,Malmö,Malmö,12.7,2025,16,2010,,,Redan i Kompetensföretagen-listan
KONTORSBEMANNING SVERIGE AB,5564187036,Mässans Gata 10,412 51,Göteborg,Göteborg,12.5,2025,20,1991,,,Redan i Kompetensföretagen-listan
Extra arbetskraft i Uppland AB,5567687917,Korsvägen 1,748 32,Österbybruk,Östhammar,12.5,2025,20,2008,,,Redan i Kompetensföretagen-listan
Professionals Nord Skaraborg AB,5593489031,Mogölsvägen 4,554 75,Jönköping,Jönköping,12.3,2025,9,2021,,,Redan i Kompetensföretagen-listan
The Finance Family Delta AB,5594259078,Drottninggatan 33,111 22,Stockholm,Stockholm,12.2,2025,10,2023,,,Redan i Kompetensföretagen-listan
A-Search AB,5590195680,Landsvägen 57 a,172 65,Sundbyberg,Sundbyberg,12.1,2025,9,2015,,,Redan i Kompetensföretagen-listan
Rosénssons Bemanning AB,5592516487,Sundskajen 10,216 43,Limhamn,Malmö,11.9,2025,13,2020,,,Redan i Kompetensföretagen-listan
Human Capital Socionomuthyrning Sverige AB,5569281909,Torsgatan 13,111 23,Stockholm,Stockholm,11.9,2025,0,2013,,,Redan i Kompetensföretagen-listan
Next u AB,5568984180,Wittstocksgatan 19 Egen Ingång,115 27,Stockholm,Stockholm,11.7,2024,16,2012,,,Redan i Kompetensföretagen-listan
TellusAcademy Vikariepoolen AB,5568261381,Tegnérgatan 35,111 61,Stockholm,Stockholm,11.7,2025,21,2010,,,Redan i Kompetensföretagen-listan
Best Bemanning & Rekrytering North AB,5566465901,Kungsgatan 8,70211,Örebro,Eskilstuna,11.7,2024,18,2003,https://bestbemanning.nu/,,Redan i Kompetensföretagen-listan
MRC SYD AB,5592659378,Vasagatan 12,111 20,Stockholm,Stockholm,11.5,2025,16,2020,,,Redan i Kompetensföretagen-listan
SignPost AB,5569240517,Nybrogatan 6,114 34,Stockholm,Stockholm,11.2,2024,2,2013,,,Redan i Kompetensföretagen-listan
Din Samarbetspartner i Malmfälten AB,5568071194,Kulturvägen 13 a,981 30,Kiruna,Kiruna,11.1,2025,9,2010,,,Redan i Kompetensföretagen-listan
Ambition Solutions Östergötland AB,5593528481,Stora Torget 3,582 19,Linköping,Linköping,11,2024,12,2021,,,Redan i Kompetensföretagen-listan
NearYou Jönköping AB,5590977814,Huskvarnavägen 80,554 54,Jönköping,Jönköping,11,2025,19,2017,,,Redan i Kompetensföretagen-listan
NR Solutions AB,5594537515,Aspvägen 12,903 54,Umeå,Umeå,10.9,2025,10,2023,,,Redan i Kompetensföretagen-listan
AB Effektiv Stockholm,5593261620,Skaraborgsvägen 1 b,506 30,Borås,Borås,10.7,2025,17,2021,,,Redan i Kompetensföretagen-listan
Bravura Blue AB,5590192208,Hornsbruksgatan 28,117 34,Stockholm,Stockholm,9.9,2025,21,2015,,,Redan i Kompetensföretagen-listan
Apotekskonsulterna ADF 1 AB,5590203989,Åkerivägen 17 a,241 38,Eslöv,Eslöv,9.7,2025,15,2015,,,Redan i Kompetensföretagen-listan
2Complete Professionals AB,5569674913,Sveavägen 33 2 Tr,111 34,Stockholm,Stockholm,9.6,2025,16,2014,,,Redan i Kompetensföretagen-listan
Boge Kompetens AB,5567988943,Storgatan 69,523 31,Ulricehamn,Ulricehamn,9.6,2025,17,2010,,,Redan i Kompetensföretagen-listan
FLIT i Sverige AB,5567720163,Sniparp Sörgård 2,571 97,Forserum,Nässjö,9.5,2025,10,2008,,,Redan i Kompetensföretagen-listan
AHG Omställning AB,5593418634,Box 214,581 02,Linköping,Linköping,9.3,2024,4,2021,,,Redan i Kompetensföretagen-listan
Bemannia United AB,5592895709,Sveavägen 155,113 46,Stockholm,Stockholm,9.3,2024,0,2020,,,Redan i Kompetensföretagen-listan
A-Staffing Group Sweden AB,5567538805,Kungsvägen 59,595 41,Mjölby,Mjölby,9.2,2024,1,2008,,,Redan i Kompetensföretagen-listan
Boxflow Staffing Öst AB,5593618555,Lagergatan 4,264 94,Klippan,Klippan,8.4,2024,15,2022,,,Redan i Kompetensföretagen-listan
Bemannia Professionals AB,5565970158,Sveavägen 155,113 46,Stockholm,Stockholm,8.3,2024,8,2000,,,Redan i Kompetensföretagen-listan
Prima Bemanning & Logistik Stockholm AB,5567183768,Rökerigatan 19 8 Tr,121 62,Johanneshov,Stockholm,8.1,2024,18,2006,,,Redan i Kompetensföretagen-listan
"Coach, Ulrika Holmgren AB",5566634035,Hantverksgatan 12 b Lgh 1002,682 31,Filipstad,Filipstad,8,2024,8,2004,,,Redan i Kompetensföretagen-listan
Today Consulting AB,5590920640,Kvekatorpsvägen 23,311 32,Falkenberg,Falkenberg,8,2025,6,2016,,,Redan i Kompetensföretagen-listan
Flexikraft AB,5567118988,Fabriksvägen 4,515 70,Rydboholm,Borås,7.8,2025,11,2006,,,Redan i Kompetensföretagen-listan
HIREQ AB,5568784275,Långgatan 13,271 43,Ystad,Ystad,7.5,2025,7,2011,,,Redan i Kompetensföretagen-listan
Optima Bemanning AB,5591086854,Kabelvägen 19,602 10,Norrköping,Norrköping,7.4,2025,6,2017,,,Redan i Kompetensföretagen-listan
Next Position Group AB,5568339146,Norrlandsgatan 16 4tr,111 43,Stockholm,Stockholm,7.3,2025,6,2010,,,Redan i Kompetensföretagen-listan
Marketpeople AB,5594203167,Föreningsgatan 26,211 52,Malmö,Malmö,7,2025,4,2023,,,Redan i Kompetensföretagen-listan
Jobwise AB,5590271242,Sjöhagsvägen 6 b,721 32,Västerås,Västerås,6.8,2025,6,2015,,,Redan i Kompetensföretagen-listan
Full Fart Allservice AB,5568711294,Landågatan 8,573 40,Tranås,Tranås,6.7,2025,13,2011,,,Redan i Kompetensföretagen-listan
Futuria People AB,5590582507,Västerlånggatan 44,111 29,Stockholm,Stockholm,6.2,2025,7,2016,,,Redan i Kompetensföretagen-listan
Bemanna 24 AB,5592532997,Haga Parkgata 16 b,723 36,Västerås,Västerås,6.1,2024,9,2020,,,Redan i Kompetensföretagen-listan
Upool Apoteksbemanning AB,5567636427,Riddargatan 13 a,114 51,Stockholm,Stockholm,5.9,2025,2,2008,,,Redan i Kompetensföretagen-listan
PS Partner AB,5568161961,Johan Willins Gata 6,416 64,Göteborg,Göteborg,5.9,2025,4,2010,,,Redan i Kompetensföretagen-listan
FMR Rekrytering & Bemanning AB,5560865072,Kungsporten 4 a,427 50,Billdal,Kungsbacka,5.9,2024,11,1963,,,Redan i Kompetensföretagen-listan
ArbetsCentralen Bemanning Sverige AB,5593521247,Mangårdsgatan 61,256 67,Helsingborg,Helsingborg,5.8,2025,11,2021,,,Redan i Kompetensföretagen-listan
Ulf Anderssons bemanning och industriservice AB,5568978703,Frankhult 2,274 62,Rydsgård,Skurup,5.8,2025,3,2012,,,Redan i Kompetensföretagen-listan
Konsultom AB,5569397036,Lönnvägen 4,935 31,Norsjö,Norsjö,5.8,2025,7,2013,,,Redan i Kompetensföretagen-listan
OnePartnerGroup Kalmar AB,5590758180,Mogölsvägen 4,554 75,Jönköping,Jönköping,5.7,2025,6,2016,,,Redan i Kompetensföretagen-listan
Miljonbemanning Restart AB,5592089071,Albyvägen 2 a,145 59,Norsborg,Botkyrka,5.6,2024,5,2019,,,Redan i Kompetensföretagen-listan
JM bizz AB,5593150757,Prilyckegatan 81,425 30,Hisings Kärra,Göteborg,5.4,2025,7,2021,,,Redan i Kompetensföretagen-listan
TopWork Skåne AB,5591852636,Kungsgatan 19 d,352 31,Växjö,Växjö,5.3,2025,7,2018,,,Redan i Kompetensföretagen-listan
Constatera Search & Interim AB,5568238801,Kungsgatan 8,111 43,Stockholm,Stockholm,4.6,2025,4,2010,,,Redan i Kompetensföretagen-listan
Chord Work AB,5568008162,Bullerholmsgränd 63,127 40,Skärholmen,Stockholm,4.6,2025,10,2010,,,Redan i Kompetensföretagen-listan
Flexio Staffing AB,5590748934,Nordenskiöldsgatan 24,211 19,Malmö,Malmö,4.2,2024,5,2016,,,Redan i Kompetensföretagen-listan
Danda AB,5590692249,Geijersgatan 3 a,411 34,Göteborg,Göteborg,4.2,2025,4,2016,,,Redan i Kompetensföretagen-listan
Vega HR AB,5568093040,Varpmossevägen 6,436 39,Askim,Göteborg,4,2025,3,2010,,,Redan i Kompetensföretagen-listan
Retail Recruitment Sverige AB,5590678503,Sankt Eriksgatan 6,411 05,Göteborg,Göteborg,3.9,2025,3,2016,,,Redan i Kompetensföretagen-listan
MTX Kompetensförsörjning AB,5590714407,Svetsarvägen 22,171 41,Solna,Solna,3.8,2025,5,2016,,,Redan i Kompetensföretagen-listan
The Workers Of First Impression AB,5590882394,Jakob Westinsgatan 3,112 20,Stockholm,Stockholm,3.7,2025,8,2016,,,Redan i Kompetensföretagen-listan
OnePartnerGroup Skellefteå AB,5593283509,Mogölsvägen 4,554 75,Jönköping,Jönköping,3.6,2025,3,2021,,,Redan i Kompetensföretagen-listan
Bravura Talent AB,5590192182,Hornsbruksgatan 28,117 34,Stockholm,Stockholm,3.4,2025,5,2015,,,Redan i Kompetensföretagen-listan
AB AlphaCE Rekrytering,5569360505,Bergsbrunnagatan 20,753 23,Uppsala,Uppsala,3.3,2025,0,2013,,,Redan i Kompetensföretagen-listan
Aleja AB,5566972567,Sunneplan 27,123 44,Farsta,Stockholm,3.3,2025,7,2006,,,Redan i Kompetensföretagen-listan
Platsa AB,5569528846,Stora Åvägen 21,436 34,Askim,Göteborg,3.2,2025,4,2013,,,Redan i Kompetensföretagen-listan
Catch Me AB (publ),5593916264,Klarabergsviadukten 63,111 64,Stockholm,Stockholm,3,2024,20,2022,,,Redan i Kompetensföretagen-listan
AKODO AB,5568414881,Nissgärdsvägen 23,794 92,Orsa,Orsa,3,2025,1,2011,,,Redan i Kompetensföretagen-listan
Head Consulting Group Sweden AB,5590688346,Norrgatan 22,352 31,Växjö,Växjö,2.3,2025,2,2016,,,Redan i Kompetensföretagen-listan
OnePartnerGroup Ljungby AB,5567962096,Blockvägen 7,341 42,Ljungby,Ljungby,1.6,2025,2,2009,,,Redan i Kompetensföretagen-listan
Rekryteringshuset i Sverige AB,5568882244,Gjuterigatan 9,553 18,Jönköping,Jönköping,1.4,2025,1,2012,,,Redan i Kompetensföretagen-listan
Bemano AB,5594876426,Långängsvägen 8,721 32,Västerås,Västerås,1.4,2025,3,2024,,,Redan i Kompetensföretagen-listan
OnePartnerGroup Sundsvall AB,5590937545,Sjögatan 2,852 31,Sundsvall,Sundsvall,1.3,2025,1,2016,,,Redan i Kompetensföretagen-listan
Framgång Borås AB,5591260046,Katrinedalsgatan 13 4tr,504 51,Borås,Borås,1.3,2025,1,2017,,,Redan i Kompetensföretagen-listan
Doc Care AB,5565866935,Drottninggatan 29,111 51,Stockholm,Stockholm,0.8,2024,0,2000,,,Redan i Kompetensföretagen-listan
GV Stars Bemanning Värnamo AB,5593980641,Herkulesvägen 4,553 03,Jönköping,Jönköping,0.7,2025,3,2022,,,Redan i Kompetensföretagen-listan
A Hub Technology Gothenburg AB,5595507863,Gävlegatan 16 A-Hub,113 30,Stockholm,Stockholm,,,1-4,2025,,,Redan i Kompetensföretagen-listan
Uniflex Kundservice AB,5569212458,Arenavägen 41,121 77,Johanneshov,Stockholm,0,2024,50-99,2013,,,Redan i Kompetensföretagen-listan
Bemannia Services AB,5594292954,Sveavägen 155,113 46,Stockholm,Stockholm,0,2024,20-49,2023,,,Redan i Kompetensföretagen-listan
Somera Care AB,5593762395,Propellergatan 2 b,211 15,Malmö,Malmö,0,2025,1-4,2022,,,Redan i Kompetensföretagen-listan
Aktiv Bemanning i Småland Aktiebolag,5566392550,Repslagarevägen 8,331 53,Värnamo,Värnamo,0,2025,18,2003,,,Redan i Kompetensföretagen-listan