id,namn,slug
1,"Jovi Konsult AB",jovi-konsult
2,"StudentConsulting Sweden AB (publ)",studentconsulting-sweden-ab-publ
3,"OnePartnerGroup",onepartnergroup
4,"WRKFRC Bemanning & Rekrytering AB",wrkfrc-bemanning-och-rekrytering
5,"Posti (f.d. Aditro Logistics)",posti-f-d-aditro-logistics
6,"Lernia Bemanning AB",lernia-bemanning
7,"Adecco Sweden AB",adecco-sweden
8,"Manpower AB",manpower
9,"Randstad AB",randstad
10,"A-Staffing Construction AB",a-staffing-construction
11,"DFDS Professionals AB",dfds-professionals
12,"adacto people AB",adacto-people
13,"LN Personal AB",ln-personal
14,"EHRAB ByggBemanning AB",ehrab-byggbemanning
15,"ANGI Bemanning AB",angi-bemanning
16,"Lundin Bemanning AB",lundin-bemanning
17,"IMW Personal Ringön AB",imw-personal-ringon
18,"EUSTAFF SWEDEN AB",eustaff-sweden
19,"TEMP-TEAM Sverige AB",temp-team-sverige
20,"Intenso Teknikrekrytering AB",intenso-teknikrekrytering
21,"Perido AB",perido
22,"Experis AB",experis
23,"Akkodis Sweden AB",akkodis-sweden
24,"Uniflex AB",uniflex
25,"Academic Work Sweden AB",academic-work-sweden
26,"Bravura Sverige AB",bravura-sverige
27,"TNG Group AB",tng-group
28,"Clevry Sweden AB",clevry-sweden
29,"Veteranpoolen AB",veteranpoolen
30,"Dedicare Sverige AB",dedicare-sverige
31,"LäkarLeasing Sverige AB",lakarleasing-sverige
32,"Vårdbemanning Sverige AB",vardbemanning-sverige
33,"Professional Consulting Sweden AB",professional-consulting-sweden
34,"Wise Professionals Konsult AB",wise-professionals-konsult
35,"SJR in Sweden AB",sjr-in-sweden
36,"Meritmind Aktiebolag",meritmind-aktiebolag
37,"Jurek Recruitment & Consulting AB",jurek-recruitment-och-consulting
38,"Gazella AB",gazella
39,"Novare Executive Search Aktiebolag",novare-executive-search-aktiebolag
40,"Egon Zehnder Sweden AB",egon-zehnder-sweden
41,"Alumni AB",alumni
42,"Clockwork Bemanning & Rekrytering AB",clockwork-bemanning-och-rekrytering
43,"Wikan Personal AB",wikan-personal
44,"Montico HR Partner AB",montico-hr-partner
45,"Konsultia AB",konsultia
46,"Nr.1 Personalpartner AB",nr-1-personalpartner
47,"Fasticon Kompetens AB",fasticon-kompetens
48,"Storesupport Sverige AB",storesupport-sverige
49,"Framtiden i Sverige AB",framtiden-i-sverige
50,"Amendo Konsult & Rekrytering AB",amendo-konsult-och-rekrytering
51,"RA Hospitality i Göteborg AB",ra-hospitality-i-goteborg
52,"Eventpersonal i Sverige AB",eventpersonal-i-sverige
53,"Logent AB",logent
54,"NearYou Sverige AB",nearyou-sverige
55,"Simplex Bemanning AB",simplex-bemanning
56,"PS Partner AB",ps-partner
57,"Crew 4 You Bemanning Sweden AB",crew-4-you-bemanning-sweden
58,"55Plus AB",55plus
59,"Jovi Konsult Syd AB",jovi-konsult-syd
60,"A Society AB",a-society
61,"Upgraded People AB",upgraded-people
62,"Bonliva AB",bonliva
63,"Frilans Finans Sverige AB",frilans-finans-sverige
64,"Key Man Aktiebolag",key-man-aktiebolag
65,"DistIT Services AB",distit-services
66,"Remote Technology Sweden AB",remote-technology-sweden
67,"Cool Company Skandinavien AB",cool-company-skandinavien
68,"Agila Doctor AB",agila-doctor
69,"Mpya Finance AB",mpya-finance
70,"Jobandtalent Logistics Sweden AB",jobandtalent-logistics-sweden
71,"Medlink Nordic AB",medlink-nordic
72,"Invoicery Business AB",invoicery-business
73,"Globalization Partners HR Sweden AB",globalization-partners-hr-sweden
74,"Developers Bay AB",developers-bay
75,"Sverek AB",sverek
76,"Svenska Storesupport Lager & Logistik AB",svenska-storesupport-lager-och-logistik
77,"F.H.U Premium AB",f-h-u-premium
78,"Jobandtalent Staffing Sweden South AB",jobandtalent-staffing-sweden-south
79,"TG Tunnelgruppen AB",tg-tunnelgruppen
80,"Xamera AB",xamera
81,"Braathens People AB",braathens-people
82,"Sirius Crew AB",sirius-crew
83,"Viva Bemanning AB",viva-bemanning
84,"CXC Global Sweden AB",cxc-global-sweden
85,"Gigapay Sweden AB",gigapay-sweden
86,"Finance Recruitment Sweden AB",finance-recruitment-sweden
87,"MU Group AB",mu-group
88,"Friday Väst AB",friday-vast
89,"Nordic Interim Executive Solutions Aktiebolag",nordic-interim-executive-solutions-aktiebolag
90,"Effective Sourcing EFFSO AB",effective-sourcing-effso
91,"Egon Zehnder Management AB",egon-zehnder-management
92,"AKG Sverige AB",akg-sverige
93,"ProTrain Resurs AB",protrain-resurs
94,"VG Consulting Sweden AB",vg-consulting-sweden
95,"Marieberg Media AB",marieberg-media
96,"Medcura AB",medcura
97,"Wise Consulting AB",wise-consulting
98,"Future Value AB",future-value
99,"Corplus AB",corplus
100,"Agito Sverige AB",agito-sverige
101,"Prodiem AB",prodiem
102,"Partbyggen i Kalix AB",partbyggen-i-kalix
103,"Agila FPA AB",agila-fpa
104,"Jobandtalent Manufacturing Sweden AB",jobandtalent-manufacturing-sweden
105,"Floatel Service AB",floatel-service
106,"Agila Social Care AB",agila-social-care
107,"KilaPeople AB",kilapeople
108,"Flexcare Sweden AB",flexcare-sweden
109,"Palmelind Konsult AB",palmelind-konsult
110,"Norwegian Air Resources Sweden AB",norwegian-air-resources-sweden
111,"Colivia Sweden AB",colivia-sweden
112,"Brain Competence AB",brain-competence
113,"CO-WORKER TECHNOLOGY SWEDEN AB",co-worker-technology-sweden
114,"SjukvårdsMäklarna Sverige AB",sjukvardsmaklarna-sverige
115,"iDoc AB",idoc
116,"Invida Vårdservice AB",invida-vardservice
117,"Doktorsjouren Nordic AB",doktorsjouren-nordic
118,"Tech Talents Consulting i Sverige AB",tech-talents-consulting-i-sverige
119,"Athletic Work Sverige AB",athletic-work-sverige
120,"ProTrain Bemanning AB",protrain-bemanning
121,"Brightmill AB",brightmill
122,"SEnterprise Sverige AB",senterprise-sverige
123,"Evolution Recruitment Solutions AB",evolution-recruitment-solutions
124,"Eyes4work AB",eyes4work
125,"Capa AgnC AB",capa-agnc
126,"Tribonum Vårdbemanning AB",tribonum-vardbemanning
127,"SS COMPANY AB",ss-company
128,"PRO TEMPORE Sthlm AB",pro-tempore-sthlm
129,"Instacura AB",instacura
130,"Z.K Services AB",z-k-services
131,"Markresurserna i Sala AB",markresurserna-i-sala
132,"Academic Search International Consulting AB",academic-search-international-consulting
133,"TrainPool Sverige AB",trainpool-sverige
134,"Brödernas Group AB",brodernas-group
135,"B Singh Investment AB",b-singh-investment
136,"Meritmind Resources AB",meritmind-resources
137,"Q Workforce AB",q-workforce
138,"Dreamwork Scandinavia AB",dreamwork-scandinavia
139,"Butängens Bud & Lots AB",butangens-bud-och-lots
140,"Idaliv AB",idaliv
141,"R.M din bemanning AB",r-m-din-bemanning
142,"Pontus Frithiof Crew AB",pontus-frithiof-crew
143,"IndustriQompetens Mälardalen AB",industriqompetens-malardalen
144,"RGB Sweden AB",rgb-sweden
145,"Consensus Sverige AB",consensus-sverige
146,"Novare Interim & Recruitment AB",novare-interim-och-recruitment
147,"Svenska Tjänstegruppen Aktiebolag",svenska-tjanstegruppen-aktiebolag
148,"Market Partner Scandinavia AB",market-partner-scandinavia
149,"Innovative People Sweden AB",innovative-people-sweden
150,"Stensjö Vårdresurs AB",stensjo-vardresurs
151,"Twindej Experience AB",twindej-experience
152,"S R Intelligence AB",s-r-intelligence
153,"Aktiebolaget Stockholms Brunnsbad",aktiebolaget-stockholms-brunnsbad
154,"Sharp Recruitment Sweden AB",sharp-recruitment-sweden
155,"SMBF Service Aktiebolag",smbf-service-aktiebolag
156,"OIO Väst AB",oio-vast
157,"Scandinavian Executive AB",scandinavian-executive
158,"Skvalberget Bygg AB",skvalberget-bygg
159,"Xamera Consulting AB",xamera-consulting
160,"Friday Öst AB",friday-ost
161,"Re:Con Finance AB",re-con-finance
162,"Health Connect 365 AB",health-connect-365
163,"AdatoCare AB",adatocare
164,"Devine Group AB",devine-group
165,"Skicklig Service i Stockholm AB",skicklig-service-i-stockholm
166,"Inneklimat Jönköping AB",inneklimat-jonkoping
167,"Utbetalning Sverige AB",utbetalning-sverige
168,"KGT Trafik AB",kgt-trafik
169,"Demox AB",demox
170,"Coop Butiksservice i Sverige AB",coop-butiksservice-i-sverige
171,"MR Logistik AB",mr-logistik
172,"Newr AB",newr
173,"Flipr AB",flipr
174,"Crowd Collective Stockholm AB",crowd-collective-stockholm
175,"Oirps AB",oirps
176,"Andcompany Sweden AB",andcompany-sweden
177,"Curonova Consulting AB",curonova-consulting
178,"ShowPro TN AB",showpro-tn
179,"Agigo AB",agigo
180,"UngdomsKraft AB",ungdomskraft
181,"DK lyft&transport AB",dk-lyft-och-transport
182,"Wheelwork Sweden AB",wheelwork-sweden
183,"Matchedin AB",matchedin
184,"D&J Solutions AB",d-och-j-solutions
185,"Friday Syd AB",friday-syd
186,"HSA Söderqvist Service AB",hsa-soderqvist-service
187,"Procruitment Jönköping AB",procruitment-jonkoping
188,"Academic Search International Aktiebolag",academic-search-international-aktiebolag
189,"Devoote AB",devoote
190,"Entreprenad Partner i Stockholm AB",entreprenad-partner-i-stockholm
191,"BUILDBASE ÖREBRO AB",buildbase-orebro
192,"Svenska Storesupport Bemanning AB",svenska-storesupport-bemanning
193,"TWINDEJ AB",twindej
194,"Ikett Elektro AB",ikett-elektro
195,"Real Competence Svenska AB",real-competence-svenska
196,"Capio Bemanning och Rekrytering AB",capio-bemanning-och-rekrytering
197,"Nordisk Spårteknik AB",nordisk-sparteknik
198,"Invoicery Europe AB",invoicery-europe
199,"Amrop AB",amrop
200,"ANTS Akademiskt Nätverk av Tekniska Studenter AB",ants-akademiskt-natverk-av-tekniska-studenter
201,"Crowd Collective Linköping AB",crowd-collective-linkoping
202,"Astrid Crew Sverige AB",astrid-crew-sverige
203,"H o S Sverige AB",h-o-s-sverige
204,"CureLink AB",curelink
205,"Mediate Nordic AB",mediate-nordic
206,"TB-Group AB",tb-group
207,"Korn Ferry RPO (Sweden) AB",korn-ferry-rpo-sweden
208,"Software Skills International AB",software-skills-international
209,"Lagersupport AB",lagersupport
210,"SEVR Finance AB",sevr-finance
211,"Curaliv AB",curaliv
212,"Svensk Vårdsupport AB",svensk-vardsupport
213,"Star People Partner Sweden AB",star-people-partner-sweden
214,"Human Capital Group HCG AB",human-capital-group-hcg
215,"Musikalliansen i Sverige AB",musikalliansen-i-sverige
216,"Daysa Construction AB",daysa-construction
217,"Digitalenta AB",digitalenta
218,"Engvalls Spår & Mark AB",engvalls-spar-och-mark
219,"CMG Logistik AB",cmg-logistik
220,"Styrka Transport och Logistik AB",styrka-transport-och-logistik
221,"Wise Professionals AB",wise-professionals
222,"Operationskonsulterna Stockholm AB",operationskonsulterna-stockholm
223,"Kraftsam Rekrytering & Bemanning AB",kraftsam-rekrytering-och-bemanning
224,"IMPRESSIVE RELATIONS SWEDEN AB",impressive-relations-sweden
225,"LäkarAkademien Sverige AB",lakarakademien-sverige
226,"Safemind AB",safemind
227,"Farmartjänst Kungsbacka AB",farmartjanst-kungsbacka
228,"KellyOCG Sweden AB",kellyocg-sweden
229,"Medfind AB",medfind
230,"Friday Sydost AB",friday-sydost
231,"Invoicery AB",invoicery
232,"Pharm match AB",pharm-match
233,"Wise IT AB",wise-it
234,"NORSE DIAMOND DRILLING AB",norse-diamond-drilling
235,"Hultmark Sweden AB",hultmark-sweden
236,"Stuvbutiken Bemanning AB",stuvbutiken-bemanning
237,"SEOO Bemanning AB",seoo-bemanning
238,"ETU Match AB",etu-match
239,"Procruitment Karlstad AB",procruitment-karlstad
240,"Bricegroup AB",bricegroup
241,"Just Arrived Sweden AB",just-arrived-sweden
242,"Actina Aktiebolag",actina-aktiebolag
243,"New Professional Minds AB",new-professional-minds
244,"Level Recruitment AB",level-recruitment
245,"Actum Greentech AB",actum-greentech
246,"Gigstep AB",gigstep
247,"SA Månsarps Fastigheter AB",sa-mansarps-fastigheter
248,"EAAB Byggbemanning AB",eaab-byggbemanning
249,"AAAA Mextision AB",aaaa-mextision
250,"Trade Gothenburg AB",trade-gothenburg
251,"Comstream AB",comstream
252,"TESIA AB",tesia
253,"Doctor on Demand Healthcare Sweden AB",doctor-on-demand-healthcare-sweden
254,"Nexer Recruit AB",nexer-recruit
255,"Mesh AB",mesh
256,"SDÅ-Bygg AB",sda-bygg
257,"Just Arrived AB",just-arrived
258,"Industrilandslaget Bemanning AB",industrilandslaget-bemanning
259,"Akuro AB",akuro
260,"KLETOR Sverige AB",kletor-sverige
261,"Advokatfirman Nordia Service AB",advokatfirman-nordia-service
262,"Shark Bemanning AB",shark-bemanning
263,"Noor Jobs AB",noor-jobs
264,"ABC Doctor AB",abc-doctor
265,"Head Agent Executive Interim AB",head-agent-executive-interim
266,"SMW Group AB",smw-group
267,"Söndrums Styckningscentral Aktiebolag",sondrums-styckningscentral-aktiebolag
268,"Four Service AB",four-service
269,"24 Staffing AB",24-staffing
270,"Human Capital Source Executive Sweden AB",human-capital-source-executive-sweden
271,"Vårdbron Sverige AB",vardbron-sverige
272,"Wrknest AB",wrknest
273,"HelloLilly AB",hellolilly
274,"Cura Nord bemanning & rekrytering AB",cura-nord-bemanning-och-rekrytering
275,"SalesOnly Sverige AB",salesonly-sverige
276,"Holy Kebab Group AB",holy-kebab-group
277,"Nator Personal AB",nator-personal
278,"Haeger & Carlsson Executive Search and Interim AB",haeger-och-carlsson-executive-search-and-interim
279,"Partner 2 Work AB",partner-2-work
280,"SIMS Interim AB",sims-interim
281,"WeeCan AB",weecan
282,"K J Larsson Byggnads Aktiebolag",k-j-larsson-byggnads-aktiebolag
283,"Telge Tillväxt (i Södertälje) AB",telge-tillvaxt-i-sodertalje
284,"QR Work AB",qr-work
285,"Qlose Recruitment & Consulting AB",qlose-recruitment-och-consulting
286,"Novare Bemanning AB",novare-bemanning
287,"Marketpeople Logistik AB",marketpeople-logistik
288,"Isaksson Byggbemanning AB",isaksson-byggbemanning
289,"Allmedica AB",allmedica
290,"Bohmans Nätverk Aktiebolag",bohmans-natverk-aktiebolag
291,"Kraftsam Personal AB",kraftsam-personal
292,"Global Security IPS AB",global-security-ips
293,"Netray Consulting AB",netray-consulting
294,"Cura Connect AB",cura-connect
295,"Personlig Assistansförmedling i Jämtland AB",personlig-assistansformedling-i-jamtland
296,"Dala Industrisupport AB",dala-industrisupport
297,"Åkeritjänster i Gefle AB",akeritjanster-i-gefle
298,"Annsam AB",annsam
299,"Artion Service AB",artion-service
300,"Te Crea Care AB",te-crea-care
301,"Jobbpunkten AB",jobbpunkten
302,"Worko AB",worko
303,"Newmill Bemanning AB",newmill-bemanning
304,"Nordic Concrete RM AB",nordic-concrete-rm
305,"BEST Fastighet AB",best-fastighet
306,"Montage Installation och Konsult i Hudiksvall AB",montage-installation-och-konsult-i-hudiksvall
307,"OMNILS GROUP AB",omnils-group
308,"WORKNORDIC GROUP AB",worknordic-group
309,"NW NORDIC AB",nw-nordic
310,"TRIB AB",trib
311,"Joy Personal & Rekrytering AB",joy-personal-och-rekrytering
312,"Agillo AB",agillo
313,"JTL Entreprenad AB",jtl-entreprenad
314,"Caland Företagsservice AB",caland-foretagsservice
315,"Upwards AB",upwards
316,"Tornedalens Infrastruktur AB",tornedalens-infrastruktur
317,"Eccera Partner Network AB",eccera-partner-network
318,"Medpeople AB",medpeople
319,"Procruitment Stockholm AB",procruitment-stockholm
320,"Balkefors & Ponsiluoma Aktiebolag",balkefors-och-ponsiluoma-aktiebolag
321,"Spets Rörinstallationer AB",spets-rorinstallationer
322,"AB Coachgruppen Strömbergs",ab-coachgruppen-strombergs
323,"Qura Care AB",qura-care
324,"Sola Service i Karlstad AB",sola-service-i-karlstad
325,"Add-Up Bemanning AB",add-up-bemanning
326,"Seequaly AB",seequaly
327,"Michael Page International (Sweden) AB",michael-page-international-sweden
328,"Tracon Consulting AB",tracon-consulting
329,"Treko Climate AB",treko-climate
330,"People of Interim & Finance Sweden AB",people-of-interim-och-finance-sweden
331,"Devi Recruit AB",devi-recruit
332,"Intensogruppen AB",intensogruppen
333,"Operationsspecialisten Stockholm AB",operationsspecialisten-stockholm
334,"Adxto Recruitment & Consulting AB",adxto-recruitment-och-consulting
335,"Mitter Entreprenad AB",mitter-entreprenad
336,"Michaël Berglund Executive Search AB",michael-berglund-executive-search
337,"Desider AB",desider
338,"Mälardalen Bemanning och transport AB",malardalen-bemanning-och-transport
339,"Håpe Kraft AB",hape-kraft
340,"Cia Assistans AB",cia-assistans
341,"Traindrivers Rental Scandinavia AB",traindrivers-rental-scandinavia
342,"Emjoco AB",emjoco
343,"GO Support AB",go-support
344,"CoronaBorealis AB",coronaborealis
345,"FC Crew AB",fc-crew
346,"RealTrack Engineering Mälardalen AB",realtrack-engineering-malardalen
347,"Themis Pelagic AB",themis-pelagic
348,"Maquire Sverige AB",maquire-sverige
349,"K&E People AB",k-och-e-people
350,"ExpanderaMera byggbemanning och rekrytering i Europa AB",expanderamera-byggbemanning-och-rekrytering-i-europa
351,"Oftalmed AB",oftalmed
352,"Kens Allmek AB",kens-allmek
353,"Butler facility service Sweden AB",butler-facility-service-sweden
354,"Awexia Executive Search AB",awexia-executive-search
355,"Anchor Management BPM Aktiebolag",anchor-management-bpm-aktiebolag
356,"Winox Ultra Service AB",winox-ultra-service
357,"Job&Talent Southeast Sweden AB",job-och-talent-southeast-sweden
358,"Kubat & Partners AB",kubat-och-partners
359,"Pharma Bemanning Sverige AB",pharma-bemanning-sverige
360,"VTA Entreprenad Sverige AB",vta-entreprenad-sverige
361,"Najmoddin CRM AB",najmoddin-crm
362,"Inda Utveckling AB",inda-utveckling
363,"FHS AB",fhs
364,"Klara Bemannings AB",klara-bemannings
365,"Valida Personal Due Diligence AB",valida-personal-due-diligence
366,"DA Dansalliansen Aktiebolag",da-dansalliansen-aktiebolag
367,"Åkeritjänster i Borlänge AB",akeritjanster-i-borlange
368,"Go-Rock Förmedling AB",go-rock-formedling
369,"HAGA Rekrytering AB",haga-rekrytering
370,"Östgöta Byggresurs AB",ostgota-byggresurs
371,"Kungsbacka Byggtjänst AB",kungsbacka-byggtjanst
372,"Medkomp Vårdbemanning Aktiebolag",medkomp-vardbemanning-aktiebolag
373,"Sydantenn och Tele Installations Aktiebolag",sydantenn-och-tele-installations-aktiebolag
374,"Isaksson Rekrytering & Bemanning AB",isaksson-rekrytering-och-bemanning
375,"VEDDIGE bemanning AB",veddige-bemanning
376,"Blackfish Core AB",blackfish-core
377,"Uddevalla Bemanning AB",uddevalla-bemanning
378,"People Partner Group Sweden AB",people-partner-group-sweden
379,"Horeca AB",horeca
380,"Bemanningscentralen I Norr AB",bemanningscentralen-i-norr
381,"Sveda & Värk AB",sveda-och-vark
382,"Exakt Bygg & Bemanning i Sälen AB",exakt-bygg-och-bemanning-i-salen
383,"Nordia Administration AB",nordia-administration
384,"Job By Instep AB",job-by-instep
385,"GTC Sweden AB",gtc-sweden
386,"Upgraded People Resources AB",upgraded-people-resources
387,"Edda Group Sweden AB",edda-group-sweden
388,"Dabster Systems Sweden AB",dabster-systems-sweden
389,"Always Bemanning AB",always-bemanning
390,"Stella Rekrytering och Ledarskap AB",stella-rekrytering-och-ledarskap
391,"Exacy AB",exacy
392,"Docia AB",docia
393,"ByggLove Bemanning AB",bygglove-bemanning
394,"JobMatch Sweden AB",jobmatch-sweden
395,"Asta Agency AB",asta-agency
396,"Power Elitgruppen AB",power-elitgruppen
397,"E-commerce Recruit Nordic AB",e-commerce-recruit-nordic
398,"Musikevent Hoxell AB",musikevent-hoxell
399,"STHLM 08 ENTREPRENAD AB",sthlm-08-entreprenad
400,"PAYHOUR AB",payhour
401,"PersonalExpressen AB",personalexpressen
402,"Oplana Resurs AB",oplana-resurs
403,"Capus AB",capus
404,"Verdi Vård AB",verdi-vard
405,"Sparx Branding AB",sparx-branding
406,"Promediqa Group Sweden AB",promediqa-group-sweden
407,"YOUNES Bemanning AB",younes-bemanning
408,"workntravel i Sverige AB",workntravel-i-sverige
409,"Lawema AB",lawema
410,"Leaseright AB",leaseright
411,"Crew Team Stockholm AB",crew-team-stockholm
412,"Job&Talent Stockholm On site Sweden AB",job-och-talent-stockholm-on-site-sweden
413,"Spets Byggnadsplåt och Vent AB",spets-byggnadsplat-och-vent
414,"Nobl Consulting Stockholm AB",nobl-consulting-stockholm
415,"Norra Resurs Rekrytering & Bemanning AB",norra-resurs-rekrytering-och-bemanning
416,"Jerrie AB",jerrie
417,"Intalma - International Talent Management AB",intalma-international-talent-management
418,"RMTGL AB",rmtgl
419,"Blomqvist Transport & Entreprenad AB",blomqvist-transport-och-entreprenad
420,"Lingmans Konsult, Maskin & Växtodling AB",lingmans-konsult-maskin-och-vaxtodling
421,"Workwide AB",workwide
422,"Dalma AB",dalma
423,"Confido Bygg & Entreprenad AB",confido-bygg-och-entreprenad
424,"KLB Scandinavia AB",klb-scandinavia
425,"Smé Schakt AB",sme-schakt
426,"Talent Node AB",talent-node
427,"Gastro Solutions Sweden AB",gastro-solutions-sweden
428,"Workcrew Scandinavia AB",workcrew-scandinavia
429,"UNQ Consulting AB",unq-consulting
430,"Aros Matchning och Utbildning AB",aros-matchning-och-utbildning
431,"JPB Wood AB",jpb-wood
432,"Erevena AB",erevena
433,"Doctors Of Competence Diagnostics Sweden AB",doctors-of-competence-diagnostics-sweden
434,"J1 Bemanning AB",j1-bemanning
435,"M.O.R Logistik Restauranger AB",m-o-r-logistik-restauranger
436,"Axcepta Bemanning AB",axcepta-bemanning
437,"Head Agent Executive Search AB",head-agent-executive-search
438,"Petsak AB",petsak
439,"Gazella Supply Chain AB",gazella-supply-chain
440,"Industrimontage i Sandviken AB",industrimontage-i-sandviken
441,"Jobway AB",jobway
442,"JME Music AB",jme-music
443,"Nursehouse AB",nursehouse
444,"Dakert facilities & staffing AB",dakert-facilities-och-staffing
445,"Worko Group AB",worko-group
446,"Elements Talent Consultancy Sweden AB",elements-talent-consultancy-sweden
447,"Green4U Sweden AB",green4u-sweden
448,"Externia Bygg & Bemanning AB",externia-bygg-och-bemanning
449,"DOCS International Sweden AB",docs-international-sweden
450,"RTF Montage & Transport AB",rtf-montage-och-transport
451,"Work Studio Interim & Recruitment Sweden AB",work-studio-interim-och-recruitment-sweden
452,"Haugaard Shop Woman AB",haugaard-shop-woman
453,"Medsource AB",medsource
454,"B & K Lots o Transport AB",b-och-k-lots-o-transport
455,"BG Personalbolag AB",bg-personalbolag
456,"ADA Hus AB",ada-hus
457,"Steen & Betong Sverige AB",steen-och-betong-sverige
458,"OLAR i Norr AB",olar-i-norr
459,"P&E Entreprenad i Burträsk AB",p-och-e-entreprenad-i-burtrask
460,"Solid Personal i Sundsvall AB",solid-personal-i-sundsvall
461,"Compass Rekrytering & Utveckling AB",compass-rekrytering-och-utveckling
462,"Commitmed Group AB",commitmed-group
463,"Bemanningsproffset i Stockholm AB",bemanningsproffset-i-stockholm
464,"Skandinaviska Bemanningspoolen AB",skandinaviska-bemanningspoolen
465,"Pinetree AB",pinetree
466,"Grooo AB",grooo
467,"Headsource AB",headsource
468,"Dinamo AB",dinamo
469,"House of Ports Holding AB",house-of-ports-holding
470,"Fand Rekrytering AB",fand-rekrytering
471,"Certified Konsult Sweden AB",certified-konsult-sweden
472,"Jobandtalent Professional Sweden AB",jobandtalent-professional-sweden
473,"Rotsthens Transport AB",rotsthens-transport
474,"Norén & Lindholm AB",noren-och-lindholm
475,"MVI Bemanning AB",mvi-bemanning
476,"JKT Bemanning AB",jkt-bemanning
477,"Cleverex Jobbförmedling & Utbildning AB",cleverex-jobbformedling-och-utbildning
478,"Bondi Executive Search AB",bondi-executive-search
479,"AR.NE AB",ar-ne
480,"Tecno Scandinavia AB",tecno-scandinavia
481,"Lots Akuten AB",lots-akuten
482,"Alovia AB",alovia
483,"MP Åkeritjänster i Örebro AB",mp-akeritjanster-i-orebro
484,"Wise IT Ascent AB",wise-it-ascent
485,"KD Saneringsteknik AB",kd-saneringsteknik
486,"nvrmind AB",nvrmind
487,"Mekoren Rekrytering AB",mekoren-rekrytering
488,"Manaton Bemanning AB",manaton-bemanning
489,"T&S Moranson Invest AB",t-och-s-moranson-invest
490,"Familjehemspoolen i Sverige AB",familjehemspoolen-i-sverige
491,"Personia AB",personia
492,"We are hiring Sweden AB",we-are-hiring-sweden
493,"Vacant Vårdbemanning AB",vacant-vardbemanning
494,"ViVAB Aktiebolag",vivab-aktiebolag
495,"Vikkula nordic AB",vikkula-nordic
496,"KOKI:s Event och Bemanning AB",koki-s-event-och-bemanning
497,"Plåt & Ventilation Teknik PVT i Arvika Aktiebolag",plat-och-ventilation-teknik-pvt-i-arvika-aktiebolag
498,"LeadCompetence AB",leadcompetence
499,"Strocken Förvaltning AB",strocken-forvaltning
500,"Beman AB",beman
501,"Nordic IT Alliance AB",nordic-it-alliance
502,"Allsam Group AB",allsam-group
503,"Osynliga Jobb Sverige AB",osynliga-jobb-sverige
504,"Lännbacka AB",lannbacka
505,"Nossebro Energi Personal AB",nossebro-energi-personal
506,"Res Track AB",res-track
507,"ProXecutive Interim AB",proxecutive-interim
508,"FNGA AB",fnga
509,"Primel Resurs AB",primel-resurs
510,"Djamgroup Consulting AB",djamgroup-consulting
511,"IntBiz Solutions AB",intbiz-solutions
512,"Signera Rekrytering AB",signera-rekrytering
513,"Kombi konsult Norrland AB",kombi-konsult-norrland
514,"Hamnkraft AB",hamnkraft
515,"Access Hemomsorg i Sverige AB",access-hemomsorg-i-sverige
516,"AB Effektiv Alingsås/Vårgårda",ab-effektiv-alingsas-vargarda
517,"Folket Agency AB",folket-agency
518,"A-Karriär Sweden AB",a-karriar-sweden
519,"A H Finance and Support AB",a-h-finance-and-support
520,"LAFT Group AB",laft-group
521,"Skillway AB",skillway
522,"Personal Power AB",personal-power
523,"Quispiam AB",quispiam
524,"MM Transport och Logistik AB",mm-transport-och-logistik
525,"Haninge Kött AB",haninge-kott
526,"Stockholms Servicebemanning AB",stockholms-servicebemanning
527,"NXT Interim Stockholm AB",nxt-interim-stockholm
528,"Bemanning & Service Sverige AB",bemanning-och-service-sverige
529,"Rekargo AB",rekargo
530,"A1 Logistik AB",a1-logistik
531,"Servicepilen Skåne AB",servicepilen-skane
532,"Nordic recruitment Group AB",nordic-recruitment-group
533,"StoneLake Brainstorming AB",stonelake-brainstorming
534,"RM-AP Entreprenad AB",rm-ap-entreprenad
535,"North Mech AB",north-mech
536,"LIROS GROUP AB",liros-group
537,"Socionomstöd i Sverige AB",socionomstod-i-sverige
538,"Mircon Service AB",mircon-service
539,"Beronia AB",beronia
540,"BrightDays AB",brightdays
541,"Best Staff i Sverige AB",best-staff-i-sverige
542,"Aiming Executive AB",aiming-executive
543,"EuroMaint Bemanning AB",euromaint-bemanning
544,"Linköpings Lotsbolag AB",linkopings-lotsbolag
545,"Sörmland's Alltjänst AB",sormland-s-alltjanst
546,"Eventwork Scandinavia AB",eventwork-scandinavia
547,"Stafettläkarna i Sverige AB",stafettlakarna-i-sverige
548,"Sverige Entreprenad Väst AB",sverige-entreprenad-vast
549,"YM fueling and services AB",ym-fueling-and-services
550,"TRANSEARCH International Sweden AB",transearch-international-sweden
551,"Montico Rekrytering AB",montico-rekrytering
552,"Andwik Partner AB",andwik-partner
553,"Carlstedts Åkeri AB",carlstedts-akeri
554,"Nordecta AB",nordecta
555,"Östersunds Järnvägskompetens AB",ostersunds-jarnvagskompetens
556,"VetGig Sverige AB",vetgig-sverige
557,"H International Search & Executive Management AB",h-international-search-och-executive-management
558,"Manpower El & Tele AB",manpower-el-och-tele
559,"P Konsult Logistic och Uthyrning AB",p-konsult-logistic-och-uthyrning
560,"Sernert Allfågel AB",sernert-allfagel
561,"Jansson & Bronse Logistikpartner AB",jansson-och-bronse-logistikpartner
562,"Burgos Bygg AB",burgos-bygg
563,"GBI Bemanning AB",gbi-bemanning
564,"BNICE Bemanning AB",bnice-bemanning
565,"Proper People Sverige AB",proper-people-sverige
566,"Kareli Search & Interim AB",kareli-search-och-interim
567,"Culpeo People & Culture Partner AB",culpeo-people-och-culture-partner
568,"RC Professional Search AB",rc-professional-search
569,"Connectbase Coachning AB",connectbase-coachning
570,"KLB Kontaktledningsbyggarna AB",klb-kontaktledningsbyggarna
571,"Competence Interim Småland AB",competence-interim-smaland
572,"Barneus Management Aktiebolag",barneus-management-aktiebolag
573,"B.A.M AB",b-a-m
574,"B. King 3 AB",b-king-3
575,"VB Group Sweden AB",vb-group-sweden
576,"Holmbury AB",holmbury
577,"Agile Search AB",agile-search
578,"Teamforce Sverige AB",teamforce-sverige
579,"Lomma Bemanning AB",lomma-bemanning
580,"Laanid AB",laanid
581,"Paga Miljö & Transport AB",paga-miljo-och-transport
582,"Precator Pedagogerna AB",precator-pedagogerna
583,"MB Family AB",mb-family
584,"Badr entrepreneur AB",badr-entrepreneur
585,"Lokförargruppen i Skövde AB",lokforargruppen-i-skovde
586,"AB Effektiv Falköping/Herrljunga",ab-effektiv-falkoping-herrljunga
587,"Omega Öresund AB",omega-oresund
588,"KS - Kvalificerad Säkerhetstjänst AB",ks-kvalificerad-sakerhetstjanst
589,"3D Logistic AB",3d-logistic
590,"Prodiem Rekrytering AB",prodiem-rekrytering
591,"Novare Intro AB",novare-intro
592,"K -Bemanning i Jönköping AB",k-bemanning-i-jonkoping
593,"Insight Competence AB",insight-competence
594,"Reveco Ekonomi AB",reveco-ekonomi
595,"Sweden Mr Butler Services AB",sweden-mr-butler-services
596,"We are Skills Mälardalen AB",we-are-skills-malardalen
597,"VITORIA GLOBAL AB",vitoria-global
598,"Placement Sweden AB",placement-sweden
599,"Personal Managment i Sverige AB",personal-managment-i-sverige
600,"VV Security AB",vv-security
601,"Uniqruit AB",uniqruit
602,"Linck i Karlstad AB",linck-i-karlstad
603,"Din Meko Bilvård i Sverige AB",din-meko-bilvard-i-sverige
604,"Brunnsviken Service AB",brunnsviken-service
605,"Skadesanerarna i Skåne AB",skadesanerarna-i-skane
606,"Ernströms Företagsservice AB",ernstroms-foretagsservice
607,"Nortoms Bemanning AB",nortoms-bemanning
608,"Barona Human Resource Services AB",barona-human-resource-services
609,"Avanti Rekrytering & Interim AB",avanti-rekrytering-och-interim
610,"Simplified Recruitment Sweden AB",simplified-recruitment-sweden
611,"Kullens bemanning AB",kullens-bemanning
612,"Ecovus Workforce AB",ecovus-workforce
613,"J & K i Kiruna AB",j-och-k-i-kiruna
614,"Job Solution Sweden Consulting AB",job-solution-sweden-consulting
615,"Cvitch AB",cvitch
616,"O-Entreprenad AB",o-entreprenad
617,"Thaipower AB",thaipower
618,"Länk Recruitment Sweden AB",lank-recruitment-sweden
619,"LPJ latestpilotjobs AB",lpj-latestpilotjobs
620,"Jobbie Sverige AB",jobbie-sverige
621,"Poolia Executive Search AB",poolia-executive-search
622,"Flyttpoolen Produktion Sverige AB",flyttpoolen-produktion-sverige
623,"MBP Sweden AB",mbp-sweden
624,"CBC Norrköping AB",cbc-norrkoping
625,"JT industries AB",jt-industries
626,"Flodin Kör Allt AB",flodin-kor-allt
627,"Botnia CleanTech AB",botnia-cleantech
628,"LYL People AB",lyl-people
629,"Hansson & Partners i Sverige AB",hansson-och-partners-i-sverige
630,"Conductus AB",conductus
631,"Huusko Flytt och Städ AB",huusko-flytt-och-stad
632,"Qyre AB",qyre
633,"Andpartners Search AB",andpartners-search
634,"HPM Fastigheter i Sverige AB",hpm-fastigheter-i-sverige
635,"RÄTT Bemanning & Rekrytering Mälardalen AB",ratt-bemanning-och-rekrytering-malardalen
636,"Addere AB",addere
637,"ME2YOU ÅKERISERVICE AB",me2you-akeriservice
638,"Stafflink AB",stafflink
639,"Bemanno AB",bemanno
640,"Kranbolaget Kompetens i Sverige AB",kranbolaget-kompetens-i-sverige
641,"Media Resurs Bemanning Sverige AB",media-resurs-bemanning-sverige
642,"MMA Montage AB",mma-montage
643,"Revelyn AB",revelyn
644,"Introfied AB",introfied
645,"Interim Sverige Executive AB",interim-sverige-executive
646,"Ronden AB",ronden
647,"Trident Service Sweden AB",trident-service-sweden
648,"Lets transport AB",lets-transport
649,"T.Viklund AB",t-viklund
650,"Future People AB",future-people
651,"Viraliv AB",viraliv
652,"Hito Sverige AB",hito-sverige
653,"Aktiv Rehab Stockholm AB",aktiv-rehab-stockholm
654,"STAB AB",stab
655,"LogComp i Norrköping AB",logcomp-i-norrkoping
656,"A. Rentall AB",a-rentall
657,"SWE Resurs AB",swe-resurs
658,"JOBTEAM KONSULT R.L.H. AB",jobteam-konsult-r-l-h
659,"Check in Thai Strindbergsgatan AB",check-in-thai-strindbergsgatan
660,"Alessio AB",alessio
661,"VP International AB",vp-international
662,"Sanandum AB",sanandum
663,"JML Konsult & bemanning AB",jml-konsult-och-bemanning
664,"Dalapharm Consulting AB",dalapharm-consulting
665,"QwickWork Bygg AB",qwickwork-bygg
666,"BolagsBolaget Sverige AB",bolagsbolaget-sverige
667,"Lincoln Talent AB",lincoln-talent
668,"Based On People AB",based-on-people
669,"4Nite AB",4nite
670,"Spalin Staffing AB",spalin-staffing
671,"Nominativ Bygg & Tak AB",nominativ-bygg-och-tak
672,"Brandtjänst Syd AB",brandtjanst-syd
673,"Crowd Collective Malmo AB",crowd-collective-malmo
674,"JKpool AB",jkpool
675,"Progon AB",progon
676,"OIO Öst AB",oio-ost
677,"Ny Teknik Talent AB",ny-teknik-talent
678,"GV Stars Bemanning Småland AB",gv-stars-bemanning-smaland
679,"BM transport AB",bm-transport
680,"Dextro AB",dextro
681,"CrownMatch AB",crownmatch
682,"Brightness Executive Search AB",brightness-executive-search
683,"Byggkonsulterna i borås AB",byggkonsulterna-i-boras
684,"EKS Service AB",eks-service
685,"ORTIZ GROUP AB",ortiz-group
686,"Bohus Bemanning AB",bohus-bemanning
687,"JS Personaluthyrning AB",js-personaluthyrning
688,"Gotlands Tankstationer AB",gotlands-tankstationer
689,"Head Agent Talent Acquisition Sweden AB",head-agent-talent-acquisition-sweden
690,"Alar AB",alar
691,"JJ Konsult SSK AB",jj-konsult-ssk
692,"Personalpärlan AB",personalparlan
693,"Tamilan Service AB",tamilan-service
694,"Princess Effort på Lidingö AB",princess-effort-pa-lidingo
695,"Orust Industri och Maskin AB",orust-industri-och-maskin
696,"Gavs Bemanning AB",gavs-bemanning
697,"NTB Norrköpings Transportbolag AB",ntb-norrkopings-transportbolag
698,"AG Ställningar AB",ag-stallningar
699,"Swedish Startup Recruitment AB",swedish-startup-recruitment
700,"Lager & Partners AB",lager-och-partners
701,"CHuman Capital AB",chuman-capital
702,"Byggnadskompetens Värmdö AB",byggnadskompetens-varmdo
703,"Kainulasjärvi Transport och Bemanning AB",kainulasjarvi-transport-och-bemanning
704,"Sandson AB",sandson
705,"At Yes Chef AB",at-yes-chef
706,"Åkeritjänster i Jönköping AB",akeritjanster-i-jonkoping
707,"Proffsgruppen i Sverige AB",proffsgruppen-i-sverige
708,"Michaël Berglund Interim Effect AB",michael-berglund-interim-effect
709,"Eclipse Sverige AB",eclipse-sverige
710,"MediBemanning AB",medibemanning
711,"KE Solutions AB",ke-solutions
712,"Chillax Sverige AB",chillax-sverige
713,"WB works i Sala AB",wb-works-i-sala
714,"UTA Scandinavia AB",uta-scandinavia
715,"Talent Eye AB",talent-eye
716,"DC Talents AB",dc-talents
717,"Cyberway AB",cyberway
718,"Be Professional AB",be-professional
719,"Advokatfirman MORE Evander Service AB",advokatfirman-more-evander-service
720,"Systrarnas bemanning AB",systrarnas-bemanning
721,"Secure2Safe Sverige AB",secure2safe-sverige
722,"HR Alfot AB",hr-alfot
723,"workfind Sverige AB",workfind-sverige
724,"Timmis Personal AB",timmis-personal
725,"Telin Rekrytering & Konsult AB",telin-rekrytering-och-konsult
726,"PSAC AB",psac
727,"Nav1rekrytering AB",nav1rekrytering
728,"Krenander Consulting AB",krenander-consulting
729,"RMR Workforce AB",rmr-workforce
730,"Moveup Consulting i Göteborg AB",moveup-consulting-i-goteborg
731,"MRG, Match Recruitment Group AB",mrg-match-recruitment-group
732,"Jobbet.se Sverige AB",jobbet-se-sverige
733,"AC Hockey Aktiebolag",ac-hockey-aktiebolag
734,"Impturbines AB",impturbines
735,"Executive Solutions International AB",executive-solutions-international
736,"OpCon Building Sweden AB",opcon-building-sweden
737,"TASIS Bemannings AB",tasis-bemannings
738,"The Finance Family Holding AB",the-finance-family-holding
739,"Novare Public HR AB",novare-public-hr
740,"Mindful AB",mindful
741,"Leta Consulting AB",leta-consulting
742,"ADR Bemanning Stockholm AB",adr-bemanning-stockholm
743,"Målerimästarna Region Stockholm AB",malerimastarna-region-stockholm
744,"Ådi Invest AB",adi-invest
745,"Mia Andersson Lots & Bemanning AB",mia-andersson-lots-och-bemanning
746,"Sandviken El & Konsult AB",sandviken-el-och-konsult
747,"Dmatch AB",dmatch
748,"Anna Bonde Search AB",anna-bonde-search
749,"Rektorspoolen Sverige AB",rektorspoolen-sverige
750,"Begus Invest AB",begus-invest
751,"ENKL Frilansservice AB",enkl-frilansservice
752,"Mårtenssons Lagertjänst AB",martenssons-lagertjanst
753,"Zaga Bemanning AB",zaga-bemanning
754,"RR I NORR AB",rr-i-norr
755,"Motor och Rental i Norr AB",motor-och-rental-i-norr
756,"Serei Solutions AB",serei-solutions
757,"Humanus Jobb Syd AB",humanus-jobb-syd
758,"Avancos Scandinavia AB",avancos-scandinavia
759,"YellowFin Contracting Solutions AB",yellowfin-contracting-solutions
760,"AQC Boost AB",aqc-boost
761,"08 Täby AB",08-taby
762,"Smajl Solutions AB",smajl-solutions
763,"Aspirantkraft i Lund AB",aspirantkraft-i-lund
764,"Åbo Förvaltning AB",abo-forvaltning
765,"Tarantsec Masterwork AB",tarantsec-masterwork
766,"New Future Consulting Northwest AB",new-future-consulting-northwest
767,"Maquire Group AB",maquire-group
768,"OWA AB",owa
769,"Omni Solutions i Östergötland AB",omni-solutions-i-ostergotland
770,"Lovsjö Frakt AB",lovsjo-frakt
771,"Bäckby gross AB",backby-gross
772,"Ersmarksängarnas Lantbruk AB",ersmarksangarnas-lantbruk
773,"Marek Gotland AB",marek-gotland
774,"Linkz AB",linkz
775,"FollowU AB",followu
776,"ExcelGens Consulting Sverige AB",excelgens-consulting-sverige
777,"Ecopro Sverige AB",ecopro-sverige
778,"RP Elmontage AB",rp-elmontage
779,"DB Åkeri AB",db-akeri
780,"Vb Vårdbemanning Norden AB",vb-vardbemanning-norden
781,"Nåvi AB",navi
782,"Mejas Alert Nursing AB",mejas-alert-nursing
783,"Jobconnect Sweden AB",jobconnect-sweden
784,"Everhire Sverige AB",everhire-sverige
785,"Bonrec AB",bonrec
786,"Morfar Ginko AB",morfar-ginko
787,"AMA Transport AB",ama-transport
788,"Dain AB",dain
789,"SYBS Bemanning AB",sybs-bemanning
790,"LS No I AB",ls-no-i
791,"Blaq Group AB",blaq-group
792,"BayInCo AB",bayinco
793,"QA nursescare AB",qa-nursescare
794,"InredningsSnickarna Skåne AB",inredningssnickarna-skane
795,"Inlandsbemanning Aktiebolag",inlandsbemanning-aktiebolag
796,"Skandinaviska Handelskompaniet Aktiebolag",skandinaviska-handelskompaniet-aktiebolag
797,"Franchise Group Nordic AB",franchise-group-nordic
798,"Doktorpoolen i Sverige AB",doktorpoolen-i-sverige
799,"Blaq Executive Search AB",blaq-executive-search
800,"Tech Sourcing Sweden AB",tech-sourcing-sweden
801,"Orzo Förvaltning AB",orzo-forvaltning
802,"BRB Stockholm AB",brb-stockholm
803,"PFK Spår Konsult AB",pfk-spar-konsult
804,"people quality AB",people-quality
805,"Stegra Rekrytering AB",stegra-rekrytering
806,"SMK Göteborg AB",smk-goteborg
807,"JobRivers AB",jobrivers
808,"Lindström & Partner AB",lindstrom-och-partner
809,"Leveranza Sverige AB",leveranza-sverige
810,"Kristofer Björklunds Förvaltnings AB",kristofer-bjorklunds-forvaltnings
811,"Aronius Entreprenad AB",aronius-entreprenad
812,"Entreprenadgruppen Service Västerås AB",entreprenadgruppen-service-vasteras
813,"Areck AB",areck
814,"Kollega - matchning, rekrytering och bemanning AB",kollega-matchning-rekrytering-och-bemanning
815,"Mednurse Sverige AB",mednurse-sverige
816,"MWC Sweden AB",mwc-sweden
817,"M Hallquist AB",m-hallquist
818,"Valluga Services AB",valluga-services
819,"Allt i 3 Aktiebolag",allt-i-3-aktiebolag
820,"Stardust Search AB",stardust-search
821,"Jock Dé Nation AB",jock-de-nation
822,"Friday Vibes AB",friday-vibes
823,"S Martinssons Entreprenad AB",s-martinssons-entreprenad
824,"LD Bemanning AB",ld-bemanning
825,"Jonas Sandström Partner AB",jonas-sandstrom-partner
826,"True Platform Nordics AB",true-platform-nordics
827,"Temply AB",temply
828,"Novum Executive AB",novum-executive
829,"Lynqa AB",lynqa
830,"Aliby Consulting AB",aliby-consulting
831,"AAA Work&Coaching i Sverige AB",aaa-work-och-coaching-i-sverige
832,"Trinh Bemanning AB",trinh-bemanning
833,"KB Workforce AB",kb-workforce
834,"Badrumsverket AB",badrumsverket
835,"Alex bemanningsföretag AB",alex-bemanningsforetag
836,"beqom Sweden AB",beqom-sweden
837,"OSM Crew Management AB",osm-crew-management
838,"Corestone Partners AB",corestone-partners
839,"TalentCrew Sverige AB",talentcrew-sverige
840,"Ekoom Entreprenad AB",ekoom-entreprenad
841,"CB Bemanning AB",cb-bemanning
842,"Albinskrafter Vård AB",albinskrafter-vard
843,"Vasa Kompetens AB",vasa-kompetens
844,"Wallins Österbygrillen AB",wallins-osterbygrillen
845,"Håbo bemanning AB",habo-bemanning
846,"Dala Artist & Event AB",dala-artist-och-event
847,"CoGig AB",cogig
848,"Skönhetsgruppen Stockholm AB",skonhetsgruppen-stockholm
849,"Bega bemanning AB",bega-bemanning
850,"Himmelsta Holding i Norrköping AB",himmelsta-holding-i-norrkoping
851,"Gällivare Maskinservice AB",gallivare-maskinservice
852,"MNS Veteran AB",mns-veteran
853,"Colmix AB",colmix
854,"Carlssons Personalpool AB",carlssons-personalpool
855,"Win Win Consulting Sweden AB",win-win-consulting-sweden
856,"Techla Group AB",techla-group
857,"Sway Sourcing Sweden Aktiebolag",sway-sourcing-sweden-aktiebolag
858,"Stenstadens Entreprenad AB",stenstadens-entreprenad
859,"Skaw Crewing AB",skaw-crewing
860,"New Terms AB",new-terms
861,"WWIM AB",wwim
862,"PJ Bygg & Arbetskraft AB",pj-bygg-och-arbetskraft
863,"Strångkällan Invest AB",strangkallan-invest
864,"Johanssons Grävmaskiner i Böle AB",johanssons-gravmaskiner-i-bole
865,"We SeeQ AB",we-seeq
866,"SEVR Finance Stockholm AB",sevr-finance-stockholm
867,"RDT Engineers Sweden AB",rdt-engineers-sweden
868,"MPYA AB",mpya
869,"Easy 4 you Göteborg AB",easy-4-you-goteborg
870,"A.B Produktion AB",a-b-produktion
871,"E. Andersson Bemanning AB",e-andersson-bemanning
872,"SERCO Bemanning AB",serco-bemanning
873,"Bladberg Bygg och Industriservice AB",bladberg-bygg-och-industriservice
874,"Operamini AB",operamini
875,"DJS Bemanning AB",djs-bemanning
876,"Tbt Västerås AB",tbt-vasteras
877,"Exigo AB",exigo
878,"Kattis AB",kattis
879,"Just Right AB",just-right
880,"Vi Work Sweden AB",vi-work-sweden
881,"O. Andersson Bemanning AB",o-andersson-bemanning
882,"Standby Workteam AB",standby-workteam
883,"Untangle Bemanning AB",untangle-bemanning
884,"Gotland Bemanning AB",gotland-bemanning
885,"MiJob Bemanning & Rekrytering i region Mitt AB",mijob-bemanning-och-rekrytering-i-region-mitt
886,"Robert, M & M AB",robert-m-och-m
887,"Rehdo AB",rehdo
888,"nosdivAD AB",nosdivad
889,"Miri Entreprenad & Uthyrning AB",miri-entreprenad-och-uthyrning
890,"Kingsman Consulting AB",kingsman-consulting
891,"Axamo Åkeri Moderbolag AB",axamo-akeri-moderbolag
892,"Chefspoolen i Sverige AB",chefspoolen-i-sverige
893,"Thebestchefs i Stockholm AB",thebestchefs-i-stockholm
894,"Marrakech Bemanning AB",marrakech-bemanning
895,"Helhetsbygg Öst AB",helhetsbygg-ost
896,"Antrophia Bemanning AB",antrophia-bemanning
897,"Yoggi Transport AB",yoggi-transport
898,"Gastor AB",gastor
899,"ROT-projekt i Kärra AB",rot-projekt-i-karra
900,"Emtunga Works AB",emtunga-works
901,"MK Frukt AB",mk-frukt
902,"Troykan montage AB",troykan-montage
903,"Ahlgren & Co Revisionsbyrå AB",ahlgren-och-co-revisionsbyra
904,"PLIS Frakt AB",plis-frakt
905,"ACT Personal AB",act-personal
906,"Mona Education AB",mona-education
907,"Jobbkompaniet Nova AB",jobbkompaniet-nova
908,"Infinity Human Resources Sweden AB",infinity-human-resources-sweden
909,"I Executive Search AB",i-executive-search
910,"EQuality Rekrytering & Interim AB",equality-rekrytering-och-interim
911,"Trift Services AB",trift-services
912,"Modersmålcenter I Stockholm AB",modersmalcenter-i-stockholm
913,"KSB BOSTAD AB",ksb-bostad
914,"Crew2you Stockholm AB",crew2you-stockholm
915,"Räkexport Produktion i Göteborg AB",rakexport-produktion-i-goteborg
916,"Intact Vision AB",intact-vision
917,"Örebro Maskin Lots Och transport AB",orebro-maskin-lots-och-transport
918,"Wallers Bemanning AB",wallers-bemanning
919,"M.Timan AB",m-timan
920,"EnRival Utbildning AB",enrival-utbildning
921,"Committo AB",committo
922,"ELEO Aktiebolag",eleo-aktiebolag
923,"DALI AB",dali
924,"City Work AB",city-work
925,"SKARPSYNT Ögonklinik AB",skarpsynt-ogonklinik
926,"MF Gävle AB",mf-gavle
927,"Fastighetsgruppen Svekilag AB",fastighetsgruppen-svekilag
928,"Mellomsjö AB",mellomsjo
929,"Jobcom Sweden AB",jobcom-sweden
930,"FAS Kliv konsult AB",fas-kliv-konsult
931,"Vård Vision 24 AB",vard-vision-24
932,"Vattenhorn Förvaltning AB",vattenhorn-forvaltning
933,"Sogdiana AB",sogdiana
934,"JURT AB",jurt
935,"Gamay AB",gamay
936,"Work for you Matchning AB",work-for-you-matchning
937,"Skönstaholms Ventilation AB",skonstaholms-ventilation
938,"Widlund Mek & Elteknik AB",widlund-mek-och-elteknik
939,"Tobluc AB",tobluc
940,"Proxi Vård AB",proxi-vard
941,"VP Bemanning AB",vp-bemanning
942,"Stångebro Gatukök AB",stangebro-gatukok
943,"Active Search & HR Consulting in Europé AB",active-search-och-hr-consulting-in-europe
944,"NOGAK i Sätra AB",nogak-i-satra
945,"Edfast Förvaltning AB",edfast-forvaltning
946,"BemanningsEliten i Sthlm AB",bemanningseliten-i-sthlm
947,"A&D BEMANNING AB",a-och-d-bemanning
948,"Intertalento Resource Agency AB",intertalento-resource-agency
949,"AHTE Holding AB",ahte-holding
950,"JRK Entreprenad AB",jrk-entreprenad
951,"Ignberg Rep. och Resurs (IRR) AB",ignberg-rep-och-resurs-irr
952,"Scandinavian Industrial Resource AB",scandinavian-industrial-resource
953,"Law Recruitment HW AB",law-recruitment-hw
954,"Cultural Care Sweden AB",cultural-care-sweden
955,"Comibri Consultings AB",comibri-consultings
956,"ACME AB",acme
957,"HireMate AB",hiremate
958,"D Pub Södra AB",d-pub-sodra
959,"Bubblande Barn AB",bubblande-barn
960,"Bobans AB",bobans
961,"SABAB AB",sabab
962,"Holmbytorp Byggnads AB",holmbytorp-byggnads
963,"Svea Trapenad AB",svea-trapenad
964,"AR & CO AB",ar-och-co
965,"EMA Teknik AB",ema-teknik
966,"Real Competence svenska Rekrytering AB",real-competence-svenska-rekrytering
967,"Purple Rekrytering & Interim AB",purple-rekrytering-och-interim
968,"Idre Nord AB",idre-nord
969,"Carpenova Nordic AB",carpenova-nordic
970,"Modernetik AB",modernetik
971,"Mirin AB",mirin
972,"ND Bemanning AB",nd-bemanning
973,"Alexei Bemanning AB",alexei-bemanning
974,"Ågren Transport AB",agren-transport
975,"Veteran Utveckling AB",veteran-utveckling
976,"Prodigy Consulting AB",prodigy-consulting
977,"Populin AB",populin
978,"Fordonscentrum i Östergötland AB",fordonscentrum-i-ostergotland
979,"G&B Comfort AB",g-och-b-comfort
980,"HSC Västerbotten AB",hsc-vasterbotten
981,"Krog konsult & bemanning i Stockholm AB",krog-konsult-och-bemanning-i-stockholm
982,"Karriärvägledarna i Sverige AB",karriarvagledarna-i-sverige
983,"Foxor Consulting AB",foxor-consulting
984,"Finderz AB",finderz
985,"Right on rekrytering interim management Sweden AB",right-on-rekrytering-interim-management-sweden
986,"Arce Bemanning AB",arce-bemanning
987,"Nivelle AB",nivelle
988,"N-BY GÅRD AB",n-by-gard
989,"Skrea Lås & Smide AB",skrea-las-och-smide
990,"ProjectGlobe Consulting AB",projectglobe-consulting
991,"Ruba AB",ruba
992,"OPUS-D AB",opus-d
993,"NK Partners AB",nk-partners
994,"Kompetens & Matchning Sverige AB",kompetens-och-matchning-sverige
995,"Karthago Matchning AB",karthago-matchning
996,"BEMALONG AB",bemalong
997,"Agroflow AB",agroflow
998,"AIWO AB",aiwo
999,"AC HOCKEY SPORTS MANAGEMENT AB",ac-hockey-sports-management
1000,"X36 VVS Bemanning & Entreprenad AB",x36-vvs-bemanning-och-entreprenad
1001,"GITI Aktiebolag",giti-aktiebolag
1002,"Bemanningsbolaget MP AB",bemanningsbolaget-mp
1003,"LaCom Bemanning AB",lacom-bemanning
1004,"VLL Petarve Gård AB",vll-petarve-gard
1005,"Yagmur AB",yagmur
1006,"RARD Consulting AB",rard-consulting
1007,"CR Industri Svets AB",cr-industri-svets
1008,"Svea Property Development AB",svea-property-development
1009,"Rubino Rekrytering Aktiebolag",rubino-rekrytering-aktiebolag
1010,"Hub & Spoke AB",hub-och-spoke
1011,"Great Business Group Sales Sweden AB",great-business-group-sales-sweden
1012,"City Business Scandinavia AB",city-business-scandinavia
1013,"Addilon Professionals AB",addilon-professionals
1014,"ARMIDA Service AB",armida-service
1015,"Nilk AB",nilk
1016,"Data Prince Teknologi Aktiebolag",data-prince-teknologi-aktiebolag
1017,"Troja Bemanning AB",troja-bemanning
1018,"Kraftkonsult gruppen 08 AB",kraftkonsult-gruppen-08
1019,"Green Wash People AB",green-wash-people
1020,"GR3EN AB",gr3en
1021,"Spectrum Digital Solutions AB",spectrum-digital-solutions
1022,"NOPARK Aktiebolag",nopark-aktiebolag
1023,"MK Manning AB",mk-manning
1024,"Åkerbloms Bygg AB",akerbloms-bygg
1025,"Märks i Karlstad AB",marks-i-karlstad
1026,"Last & Logistik i Haparanda AB",last-och-logistik-i-haparanda
1027,"J-Mech Solutions AB",j-mech-solutions
1028,"Switch Recruitment AB",switch-recruitment
1029,"Novare Pay Consulting AB",novare-pay-consulting
1030,"Infinity Industry Solutions Sweden AB",infinity-industry-solutions-sweden
1031,"Bergvik & Partners AB",bergvik-och-partners
1032,"Aktiebolaget VP Uthyrning",aktiebolaget-vp-uthyrning
1033,"Tarantsec Medic AB",tarantsec-medic
1034,"Multiply Potential AB",multiply-potential
1035,"BFB Entreprenad AB",bfb-entreprenad
1036,"NorrBema AB",norrbema
1037,"ES-A KOMPETENS AB",es-a-kompetens
1038,"V Bemanning AB",v-bemanning
1039,"Energibyrån Sverige Holding AB",energibyran-sverige-holding
1040,"JNordin Entreprenad AB",jnordin-entreprenad
1041,"Convallis AB",convallis
1042,"Mon Avenue AB",mon-avenue
1043,"MakEli i Södertälje AB",makeli-i-sodertalje
1044,"H&K Socionom AB",h-och-k-socionom
1045,"Emril Consulting AB",emril-consulting
1046,"UniSupport AB",unisupport
1047,"Heavy Solutions AB",heavy-solutions
1048,"A.S Mark och Trädgårdsentreprenad AB",a-s-mark-och-tradgardsentreprenad
1049,"Prins Åkeri AB",prins-akeri
1050,"Bibben AB",bibben
1051,"KOL & Cocktails-gruppen AB",kol-och-cocktails-gruppen
1052,"LEDRI AB",ledri
1053,"Lots & Service i Värnamo AB",lots-och-service-i-varnamo
1054,"Scandinavisk Industri & Marine International AB",scandinavisk-industri-och-marine-international
1055,"Bäckes Gräv AB",backes-grav
1056,"Sura Bemanning AB",sura-bemanning
1057,"Jordbruksförvaltning i Norje AB",jordbruksforvaltning-i-norje
1058,"Work Partner Sweden AB",work-partner-sweden
1059,"Human Capital Qsearch AB",human-capital-qsearch
1060,"Friday Mitt AB",friday-mitt
1061,"PS2 Event Service AB",ps2-event-service
1062,"M Lab Transport AB",m-lab-transport
1063,"Take On Resource AB",take-on-resource
1064,"Avfarten Service AB",avfarten-service
1065,"Lillens Lots & Alltjänst AB",lillens-lots-och-alltjanst
1066,"BSU Consulting AB",bsu-consulting
1067,"AutoZero Group AB",autozero-group
1068,"Repurcon AB",repurcon
1069,"Volgsjö Fastigheter Aktiebolag",volgsjo-fastigheter-aktiebolag
1070,"W&P Service AB",w-och-p-service
1071,"JH:s Nordtransport AB",jh-s-nordtransport
1072,"ATOKS Sydost AB",atoks-sydost
1073,"Westberg Skog och Mark AB",westberg-skog-och-mark
1074,"Modul Case Norden AB",modul-case-norden
1075,"Lisberg Sverige Aktiebolag",lisberg-sverige-aktiebolag
1076,"KB Invest AB",kb-invest
1077,"Just Service Sverige AB",just-service-sverige
1078,"Co-Worker Consulting Partner Sweden AB",co-worker-consulting-partner-sweden
1079,"Le Cagnard Hospitality AB",le-cagnard-hospitality
1080,"KonZenta AB",konzenta
1081,"AB Parts & Paomees Education Personaluthyrning",ab-parts-och-paomees-education-personaluthyrning
1082,"eMHå i Stockholm AB",emha-i-stockholm
1083,"TrendPersonal Sverige Services AB",trendpersonal-sverige-services
1084,"Hasselhagen Aktiebolag",hasselhagen-aktiebolag
1085,"Avena Psykiatri AB",avena-psykiatri
1086,"IP System Knowledge Sverige AB",ip-system-knowledge-sverige
1087,"Byggställningar i Motala AB",byggstallningar-i-motala
1088,"Best Rail Sweden AB",best-rail-sweden
1089,"Wilo's Entreprenad AB",wilo-s-entreprenad
1090,"von Feilitzen & Partners AB",von-feilitzen-och-partners
1091,"Amby Sweden AB",amby-sweden
1092,"Excelion AB",excelion
1093,"Tornabäckens Assistans AB",tornabackens-assistans
1094,"Robins Lots AB",robins-lots
1095,"IDJY AB",idjy
1096,"Nordic Framtiden AB",nordic-framtiden
1097,"Tälje Entreprenad & Bemanning AB",talje-entreprenad-och-bemanning
1098,"Wetal Lab AB",wetal-lab
1099,"RiMa Höglandstjänster AB",rima-hoglandstjanster
1100,"Matchning Link AB",matchning-link
1101,"Lyft1 AB",lyft1
1102,"Ksting AB",ksting
1103,"JA Kompetens AB",ja-kompetens
1104,"EQ Executive Search AB",eq-executive-search
1105,"Aeternum Holding AB",aeternum-holding
1106,"Advokatfirman Vinge Göteborg Service Aktiebolag",advokatfirman-vinge-goteborg-service-aktiebolag
1107,"AG Park och Miljö AB",ag-park-och-miljo
1108,"NIXON ORTIZ BRÖDERNAS AB",nixon-ortiz-brodernas
1109,"IT Destination AB",it-destination
1110,"GP Vårdbemanning AB",gp-vardbemanning
1111,"Biopotent AB",biopotent
1112,"Flextrans Bemanning AB",flextrans-bemanning
1113,"LP Group AB",lp-group
1114,"Lindebrink Solutions AB",lindebrink-solutions
1115,"Ljungby Gjuteriservice AB",ljungby-gjuteriservice
1116,"William Nyberg Invest AB",william-nyberg-invest
1117,"True Consulting & Recruitment Dalarna HR AB",true-consulting-och-recruitment-dalarna-hr
1118,"Novant AB",novant
1119,"KKP Bemanning AB",kkp-bemanning
1120,"JobCenter Eagleman AB",jobcenter-eagleman
1121,"I & O Consulting AB",i-och-o-consulting
1122,"HK Staffing AB",hk-staffing
1123,"HB Service AB",hb-service
1124,"FREY RECRUITMENT AB",frey-recruitment
1125,"Collaborative Minds Sweden AB",collaborative-minds-sweden
1126,"Grauja AB",grauja
1127,"Jokr Konsult AB",jokr-konsult
1128,"Biasline Consulting AB",biasline-consulting
1129,"NoFatCats AB",nofatcats
1130,"Interimakademin AB",interimakademin
1131,"Elite Värdar Stockholm AB",elite-vardar-stockholm
1132,"Blomqvist HR AB",blomqvist-hr
1133,"All in one Solutions AB",all-in-one-solutions
1134,"360 Rekrytering & Interim AB",360-rekrytering-och-interim
1135,"Josephson Allservice AB",josephson-allservice
1136,"FJEW Gruppen Advokater AB",fjew-gruppen-advokater
1137,"Consulta It-service AB",consulta-it-service
1138,"BOFLO SERVICE AB",boflo-service
1139,"Xtra Bemanning i Falkenberg AB",xtra-bemanning-i-falkenberg
1140,"SP Gruppen AB",sp-gruppen
1141,"GOTEBOX AB",gotebox
1142,"Anytime Group AB",anytime-group
1143,"Layout & Dekor Sweden AB",layout-och-dekor-sweden
1144,"KL's Kvalitetsvets & Grävtjänst AB",kl-s-kvalitetsvets-och-gravtjanst
1145,"Nybyn Miljö AB",nybyn-miljo
1146,"Crewlearn AB",crewlearn
1147,"Rekmatch AB",rekmatch
1148,"Prefeo AB",prefeo
1149,"Net2Source Global Workforce Solutions AB",net2source-global-workforce-solutions
1150,"Marinkraft Bemanning Sverige AB",marinkraft-bemanning-sverige
1151,"IE Maskinförare AB",ie-maskinforare
1152,"Flores Service 316 AB",flores-service-316
1153,"Do Step AB",do-step
1154,"Arellano Diskservice AB",arellano-diskservice
1155,"Vixus MC AB",vixus-mc
1156,"AB te ress",ab-te-ress
1157,"Medzwa AB",medzwa
1158,"Zobia Bemanning AB",zobia-bemanning
1159,"Mark & Maskinbemanning i Norr AB",mark-och-maskinbemanning-i-norr
1160,"Ice Drift AB",ice-drift
1161,"Take Care Scandinavia AB",take-care-scandinavia
1162,"Rutinera i Sundsvall AB",rutinera-i-sundsvall
1163,"Mero Rekrytering AB",mero-rekrytering
1164,"Jobbstjärnan AB",jobbstjarnan
1165,"TF Vårdtjänst AB",tf-vardtjanst
1166,"Sandersson SV AB",sandersson-sv
1167,"MP Sekure Stockholm AB",mp-sekure-stockholm
1168,"Amplius Field Service Group AB",amplius-field-service-group
1169,"Actors in Sweden AB",actors-in-sweden
1170,"Farma Mia AB",farma-mia
1171,"Licato Holding AB",licato-holding
1172,"ACES Eventbemanning AB",aces-eventbemanning
1173,"Hagatrion AB",hagatrion
1174,"KOJ Bergbom AB",koj-bergbom
1175,"Bewes entreprenad AB",bewes-entreprenad
1176,"Shawkat Fastigheter AB",shawkat-fastigheter
1177,"UU Brand & Recruit AB",uu-brand-och-recruit
1178,"Sodajo Consulting AB",sodajo-consulting
1179,"STEPTEAM LJI AB",stepteam-lji
1180,"Insikta AB",insikta
1181,"Gabert&Partners AB",gabert-och-partners
1182,"10 Ton Rekrytering AB",10-ton-rekrytering
1183,"Konsultkuriren AB",konsultkuriren
1184,"Engström bemanning AB",engstrom-bemanning
1185,"Sweajobb Arbetsförmedling AB",sweajobb-arbetsformedling
1186,"Göteborgs Orientdriv AB",goteborgs-orientdriv
1187,"SSB Bygg AB",ssb-bygg
1188,"Jobbman AB",jobbman
1189,"Husgruppen Bemanning AB",husgruppen-bemanning
1190,"Livia Consulting AB",livia-consulting
1191,"Grönberg & Wahlström Company AB",gronberg-och-wahlstrom-company
1192,"Faciendum AB",faciendum
1193,"ÖTL AB",otl
1194,"Talent & Partner AB",talent-och-partner
1195,"Scandinavian Institute for International Work and Studies in Malmö AB",scandinavian-institute-for-international-work-and-studies-in-malmo
1196,"People360 AB",people360
1197,"Knack Rekrytering AB",knack-rekrytering
1198,"Ideal BM AB",ideal-bm
1199,"Heim Executive AB",heim-executive
1200,"Farma Kraft AB",farma-kraft
1201,"Event Horizon Consultants AB",event-horizon-consultants
1202,"The Kitchenstaff Sverige AB",the-kitchenstaff-sverige
1203,"Staff by Five Moments AB",staff-by-five-moments
1204,"J2 Uthyrning AB",j2-uthyrning
1205,"Globe Consulting International Sweden AB",globe-consulting-international-sweden
1206,"Prince PharmaCare AB",prince-pharmacare
1207,"Pontos Bemanning och Byggstäd AB",pontos-bemanning-och-byggstad
1208,"Logster AB",logster
1209,"Céwe Bemanning AB",cewe-bemanning
1210,"Bygg och Försäljningsbolaget Sverige AB",bygg-och-forsaljningsbolaget-sverige
1211,"Göteborgs Byggresurs AB",goteborgs-byggresurs
1212,"Xaga Surgical AB",xaga-surgical
1213,"Lasotex Aktiebolag",lasotex-aktiebolag
1214,"COJL AB",cojl
1215,"FJ Bemanning AB",fj-bemanning
1216,"Palovaara Industriservice AB",palovaara-industriservice
1217,"Deje Bemannings AB",deje-bemannings
1218,"Mindmatch Bemanning & Rekrytering AB",mindmatch-bemanning-och-rekrytering
1219,"Örnabben bemanning AB",ornabben-bemanning
1220,"M6 i Rörön AB",m6-i-roron
1221,"Searching For Talents AB",searching-for-talents
1222,"Muxator AB",muxator
1223,"Gritify AB",gritify
1224,"Franklin Recruit AB",franklin-recruit
1225,"The Way Bemanning AB",the-way-bemanning
1226,"OPP Objekt Produktion Personal AB",opp-objekt-produktion-personal
1227,"AB Vårdlänken Bemanning & Rekrytering",ab-vardlanken-bemanning-och-rekrytering
1228,"M bemanning AB",m-bemanning
1229,"E20 Lager och bemanning AB",e20-lager-och-bemanning
1230,"Expertiss AB",expertiss
1231,"Hälsinge Maskinkonsult AB",halsinge-maskinkonsult
1232,"Nordic BR Norr AB",nordic-br-norr
1233,"hands on crew AB",hands-on-crew
1234,"Jobblyftet AB",jobblyftet
1235,"Helhetsguiden AB",helhetsguiden
1236,"Fredrik Roxenius AB",fredrik-roxenius
1237,"TBC Stockholm AB",tbc-stockholm
1238,"Markus Fors AB",markus-fors
1239,"Aveny Riv & Sanering i Göteborg AB",aveny-riv-och-sanering-i-goteborg
1240,"STL Uppsala AB",stl-uppsala
1241,"Kvadraten i Uppsala AB",kvadraten-i-uppsala
1242,"VJM Service AB",vjm-service
1243,"Yosef Svenska Transporter AB",yosef-svenska-transporter
1244,"Nicolas Konsult AB",nicolas-konsult
1245,"Nord Kommendering AB",nord-kommendering
1246,"Bandsjö Schakt & Maskin AB",bandsjo-schakt-och-maskin
1247,"Viveka Holm Rekrytering och Interim management AB",viveka-holm-rekrytering-och-interim-management
1248,"VIOCHNI AB",viochni
1249,"Process Talent Sweden AB",process-talent-sweden
1250,"Mployed Sweden AB",mployed-sweden
1251,"M Möjligheternas Plats AB",m-mojligheternas-plats
1252,"Fortem HC i Stockholm AB",fortem-hc-i-stockholm
1253,"MR Motor AB",mr-motor
1254,"Montagelogistik Nordic AB",montagelogistik-nordic
1255,"Miljö partner i Stockholm AB",miljo-partner-i-stockholm
1256,"Bemanning AB Kapsylen",bemanning-ab-kapsylen
1257,"Wiloria AB",wiloria
1258,"Vartofta MaskinTjänst AB",vartofta-maskintjanst
1259,"VM Bemanning AB",vm-bemanning
1260,"ALBFLEX AB",albflex
1261,"Olsson Solutions i Jönköping AB",olsson-solutions-i-jonkoping
1262,"PL Ställningsmontage AB",pl-stallningsmontage
1263,"Win X energi AB",win-x-energi
1264,"Tronelius mek och mark AB",tronelius-mek-och-mark
1265,"MK Konsult i Tväråträsk Aktiebolag",mk-konsult-i-tvaratrask-aktiebolag
1266,"Össjö industri och mekaniska AB",ossjo-industri-och-mekaniska
1267,"Resurs Och Rekrytering i Sverige AB",resurs-och-rekrytering-i-sverige
1268,"E.M Solutions AB",e-m-solutions
1269,"MNC AB",mnc
1270,"XLSP Sweden AB",xlsp-sweden
1271,"Women Ahead AB",women-ahead
1272,"The Specialist Group Nordics AB",the-specialist-group-nordics
1273,"Svensk Personalförsörjning i Strängnäs AB",svensk-personalforsorjning-i-strangnas
1274,"Solum Search AB",solum-search
1275,"Multisales Sweden AB",multisales-sweden
1276,"MIRA Kompetens AB",mira-kompetens
1277,"LinQs Jobbcenter AB",linqs-jobbcenter
1278,"Jobtip Group AB",jobtip-group
1279,"Ethel Executive AB",ethel-executive
1280,"Concea AB",concea
1281,"Artemis Recruit AB",artemis-recruit
1282,"AS Bemanning AB",as-bemanning
1283,"World Clean Service i Stockholm AB",world-clean-service-i-stockholm
1284,"Bussbemanning i Sthlm AB",bussbemanning-i-sthlm
1285,"Vattenkompaniet Göteborg AB",vattenkompaniet-goteborg
1286,"Stora Höga Lastbilsaktiebolag",stora-hoga-lastbilsaktiebolag
1287,"Ultimata Sverige AB",ultimata-sverige
1288,"Zetterstedt Företagsutveckling AB",zetterstedt-foretagsutveckling
1289,"REKLAMIDÉ Skyltgrossisten i Karlstad AB",reklamide-skyltgrossisten-i-karlstad
1290,"Hedgrens Byggkranar AB",hedgrens-byggkranar
1291,"T.Production AB",t-production
1292,"MJS Bemanning AB",mjs-bemanning
1293,"PL Logistik & Entreprenad i Oskarshamn AB",pl-logistik-och-entreprenad-i-oskarshamn
1294,"Vemrike Fastigheter AB",vemrike-fastigheter
1295,"PP Sweden AB",pp-sweden
1296,"Naglar & Skönhet i Stockholm AB",naglar-och-skonhet-i-stockholm
1297,"Jobb Store i Sverige AB",jobb-store-i-sverige
1298,"GA Lots AB",ga-lots
1299,"ETUNA TRANS AB",etuna-trans
1300,"ELK Konsult AB",elk-konsult
1301,"AB Effektiv Matchning",ab-effektiv-matchning
1302,"2solve AB",2solve
1303,"4W FORWARD LIAISON GROUP AB",4w-forward-liaison-group
1304,"JPPS Ytteknik och Underhåll AB",jpps-ytteknik-och-underhall
1305,"Bygginväst Götaland AB",bygginvast-gotaland
1306,"Agrotjänst V:a Skaraborg AB",agrotjanst-v-a-skaraborg
1307,"Hulterstad Bemanning AB",hulterstad-bemanning
1308,"Hjälmared Ställning & Fasad AB",hjalmared-stallning-och-fasad
1309,"Truck Transport Bemanning & Bygg i Gästrikland AB",truck-transport-bemanning-och-bygg-i-gastrikland
1310,"Ledigo AB",ledigo
1311,"TEGMA Entreprenad AB",tegma-entreprenad
1312,"Senioruthyrning i Sweden AB",senioruthyrning-i-sweden
1313,"JJ Handel & Drift AB",jj-handel-och-drift
1314,"Your Talent AB",your-talent
1315,"Stumbly AB",stumbly
1316,"Ryati AB",ryati
1317,"Reperio Search AB",reperio-search
1318,"One Academy Consulting & Recruitment AB",one-academy-consulting-och-recruitment
1319,"Northern Insights AB",northern-insights
1320,"NP Time Invest AB",np-time-invest
1321,"Lansera AB",lansera
1322,"Kaafi jobbförmedling AB",kaafi-jobbformedling
1323,"Ek Simberg Medicin & Omvårdnad AB",ek-simberg-medicin-och-omvardnad
1324,"Delta Workforce AB",delta-workforce
1325,"Emerald Technology Consulting AB",emerald-technology-consulting
1326,"Max Points Bemanning AB",max-points-bemanning
1327,"MICE & ME AB",mice-och-me
1328,"JDT Bemanning AB",jdt-bemanning
1329,"Eeze Consulting AB",eeze-consulting
1330,"BL Flytt och Allservice AB",bl-flytt-och-allservice
1331,"Medical Avenue Good Health Group AB",medical-avenue-good-health-group
1332,"Mechweld Sweden AB",mechweld-sweden
1333,"Gnosjö Personaluthyrning AB",gnosjo-personaluthyrning
1334,"Scr Consulting AB",scr-consulting
1335,"Gigoxo AB",gigoxo
1336,"Fagerhov Invest AB",fagerhov-invest
1337,"JN Nord AB",jn-nord
1338,"Nordic Robot Mowing AB",nordic-robot-mowing
1339,"Jonas Granat AB",jonas-granat
1340,"Elvung Consulting AB",elvung-consulting
1341,"YOMSONAH CARE AB",yomsonah-care
1342,"Sankt Eriks Läkarmottagning AB",sankt-eriks-lakarmottagning
1343,"Gabriel Barmasi Holding AB",gabriel-barmasi-holding
1344,"Checkit Health Care AB",checkit-health-care
1345,"Babasi Production AB",babasi-production
1346,"MD Park AB",md-park
1347,"X9 Marketing AB",x9-marketing
1348,"Marcus Kårebrand AB",marcus-karebrand
1349,"LB Resurs AB",lb-resurs
1350,"Adelej AB",adelej
1351,"Tedkomp AB",tedkomp
1352,"Rada Entreprenad AB",rada-entreprenad
1353,"Maxistans AB",maxistans
1354,"Elit bilhandel syd AB",elit-bilhandel-syd
1355,"Agito Nordic AB",agito-nordic
1356,"Berget Logistik AB",berget-logistik
1357,"PMM Värnamo AB",pmm-varnamo
1358,"Knetens Mek & Montage AB",knetens-mek-och-montage
1359,"E.C. FASTIGHETSSTÄD AB",e-c-fastighetsstad
1360,"GM Bemanning AB",gm-bemanning
1361,"JK Koncept AB",jk-koncept
1362,"Holm IndustriSolutions AB",holm-industrisolutions
1363,"Wermelin's transport AB",wermelin-s-transport
1364,"Veteranresursen i Skåne AB",veteranresursen-i-skane
1365,"UNQ Recruitment AB",unq-recruitment
1366,"SpottingMe AB",spottingme
1367,"PRS Talent AB",prs-talent
1368,"Jakkal Resourcing AB",jakkal-resourcing
1369,"Fincruit AB",fincruit
1370,"Eleonor Sjunnevik Recruitment & Coaching AB",eleonor-sjunnevik-recruitment-och-coaching
1371,"CBB Sverige AB",cbb-sverige
1372,"Beyondo AB",beyondo
1373,"AJ konsult syd AB",aj-konsult-syd
1374,"SBZ Group AB",sbz-group
1375,"Miraclean Stockholm AB",miraclean-stockholm
1376,"DAHRNÉ GRUPPEN AB",dahrne-gruppen
1377,"Speed Impacta AB",speed-impacta
1378,"MS Personalservice AB",ms-personalservice
1379,"Guardsec Services AB",guardsec-services
1380,"Faster Vera's armé Aktiebolag",faster-vera-s-arme-aktiebolag
1381,"Kreativ Bemanningspartner i Nässjö AB",kreativ-bemanningspartner-i-nassjo
1382,"AB Farmartjänst Entreprenad & Bemanning i Avesta",ab-farmartjanst-entreprenad-och-bemanning-i-avesta
1383,"Procruitment AB",procruitment
1384,"Fixar'n i Arjeplog AB",fixar-n-i-arjeplog
1385,"Bara En Minut AB",bara-en-minut
1386,"CB-Resurs AB",cb-resurs
1387,"ehandelsgruppen GLM AB",ehandelsgruppen-glm
1388,"Wilja Arbetsrehab AB",wilja-arbetsrehab
1389,"TQ Academy AB",tq-academy
1390,"Romney & Rudberg Talent Search AB",romney-och-rudberg-talent-search
1391,"PowerXec AB",powerxec
1392,"NSB AB",nsb
1393,"Jobbentrén Sverige AB",jobbentren-sverige
1394,"Holy Sister AB",holy-sister
1395,"Atsego Care AB",atsego-care
1396,"ArbetsLagret AB",arbetslagret
1397,"Rent Green AB",rent-green
1398,"Dars multi AB",dars-multi
1399,"Chowdhury Consulting AB",chowdhury-consulting
1400,"Hajoms Allservice AB",hajoms-allservice
1401,"ELAB Logistik AB",elab-logistik
1402,"Wialma AB",wialma
1403,"Moving Go Group AB",moving-go-group
1404,"Cumlaude AB",cumlaude
1405,"Autotrans Sweden AB",autotrans-sweden
1406,"Amrasco Services AB",amrasco-services
1407,"SEKA Transport AB",seka-transport
1408,"Q Professionals AB",q-professionals
1409,"BTO Consulting AB",bto-consulting
1410,"Aiau AB",aiau
1411,"Tuppski AB",tuppski
1412,"GS Industri AB",gs-industri
1413,"MBG i Sydost AB",mbg-i-sydost
1414,"Offshore it Ekonomibemanning AB",offshore-it-ekonomibemanning
1415,"tell and konsult AB",tell-and-konsult
1416,"W Executive Search AB",w-executive-search
1417,"Recruit Partner Nordic AB",recruit-partner-nordic
1418,"Ordkanon AB",ordkanon
1419,"NFP Recruitment AB",nfp-recruitment
1420,"Jobblink Sweden AB",jobblink-sweden
1421,"Interim dynamics Aktiebolag",interim-dynamics-aktiebolag
1422,"ExecTech AB",exectech
1423,"Einvent AB",einvent
1424,"Sekons AB",sekons
1425,"Zilverius Holding AB",zilverius-holding
1426,"Ugglehed Solutions AB",ugglehed-solutions
1427,"Prodectra Sweden AB",prodectra-sweden
1428,"Onrail Consulting AB",onrail-consulting
1429,"Mindeko Construction AB",mindeko-construction
1430,"Klingstar Aktiebolag",klingstar-aktiebolag
1431,"KT Management AB",kt-management
1432,"Bondhjälpen i Borgeby Aktiebolag",bondhjalpen-i-borgeby-aktiebolag
1433,"Svea People AB",svea-people
1434,"Sjökompetens i Norrköping AB",sjokompetens-i-norrkoping
1435,"Hessab AB",hessab
1436,"Falkenbergs Bemanning AB",falkenbergs-bemanning
1437,"Zero Bemanning AB",zero-bemanning
1438,"RiFo AB",rifo
1439,"D Gunnarsson Invest AB",d-gunnarsson-invest
1440,"Salvis Bemanning AB",salvis-bemanning
1441,"Carlströms Care of Life AB",carlstroms-care-of-life
1442,"Worktasker AB",worktasker
1443,"VEB konsulting AB",veb-konsulting
1444,"Ugglegård omsorg AB",ugglegard-omsorg
1445,"Unlimited Horizon AB",unlimited-horizon
1446,"Skarp Rekrytering Öst AB",skarp-rekrytering-ost
1447,"Nilsson & Mossberger AB",nilsson-och-mossberger
1448,"Li-reco AB",li-reco
1449,"Jämtländska Kompaniet AB",jamtlandska-kompaniet
1450,"Eliyah AB",eliyah
1451,"Dickens Consulting AB",dickens-consulting
1452,"Cabeza rekrytering och konsulting AB",cabeza-rekrytering-och-konsulting
1453,"Selin Legal AB",selin-legal
1454,"LDM Transport & Logistics AB",ldm-transport-och-logistics
1455,"Pal Mark & Bygg AB",pal-mark-och-bygg
1456,"Ilvonen & co AB",ilvonen-och-co
1457,"AutoConsult & Bemanning Helsingborg AB",autoconsult-och-bemanning-helsingborg
1458,"AB Sälshögs Consulting",ab-salshogs-consulting
1459,"Henrik Oskarsson Invest AB",henrik-oskarsson-invest
1460,"JB Bergunderhåll AB",jb-bergunderhall
1461,"V A Snabb AB",v-a-snabb
1462,"MEMU Svensk mässbemanning AB",memu-svensk-massbemanning
1463,"Shophouse event & marknads AB",shophouse-event-och-marknads
1464,"TO Be Done AB",to-be-done
1465,"Peter Asp AB",peter-asp
1466,"Nilssons Allservice i Sälen AB",nilssons-allservice-i-salen
1467,"Öhman Maskin & Motor AB",ohman-maskin-och-motor
1468,"JINS AB",jins
1469,"Håkanssons Jord & Skogstjänst AB",hakanssons-jord-och-skogstjanst
1470,"Your Partners Group AB",your-partners-group
1471,"Trademark PBM AB",trademark-pbm
1472,"Rapid Interim Consulting i Malmö AB",rapid-interim-consulting-i-malmo
1473,"NXT Interim AB",nxt-interim
1474,"Mira Bemanning Sverige AB",mira-bemanning-sverige
1475,"MegaJobs AB",megajobs
1476,"Lyckojobbet AB",lyckojobbet
1477,"Laterna Executive Search AB",laterna-executive-search
1478,"Jolaine AB",jolaine
1479,"Jobblotsen Sverige AB",jobblotsen-sverige
1480,"Fibbla kompetens AB",fibbla-kompetens
1481,"FXL Sweden AB",fxl-sweden
1482,"Bidma AB",bidma
1483,"Staffbuddy AB",staffbuddy
1484,"Ramlak AB",ramlak
1485,"Plow experts sverige AB",plow-experts-sverige
1486,"People Personal i Stockholm AB",people-personal-i-stockholm
1487,"Opiconsivia AB",opiconsivia
1488,"F. Andersson Måleri AB",f-andersson-maleri
1489,"Svenska-Maskin i Södertälje AB",svenska-maskin-i-sodertalje
1490,"SBP i Sverige AB",sbp-i-sverige
1491,"Pettersson & son Transport AB",pettersson-och-son-transport
1492,"Nordic Part Resources AB",nordic-part-resources
1493,"Emissa Tech AB",emissa-tech
1494,"Vega Psykologi AB",vega-psykologi
1495,"RoBaldo AB",robaldo
1496,"PMW KONSULT AB",pmw-konsult
1497,"FlexMan Bemanning AB",flexman-bemanning
1498,"Charge Up for life Sweden AB",charge-up-for-life-sweden
1499,"Strövelsborg AB",strovelsborg
1500,"PS Promotion i Sverige AB",ps-promotion-i-sverige
1501,"Mahmoud AB",mahmoud
1502,"JoJo Gordon AB",jojo-gordon
1503,"Metall & Trä i Söderbärke AB",metall-och-tra-i-soderbarke
1504,"ABAB Hotellkonsult AB",abab-hotellkonsult
1505,"Orval Transport AB",orval-transport
1506,"Tjärnlidens Maskin AB",tjarnlidens-maskin
1507,"Hultgren Invest AB",hultgren-invest
1508,"NORDENS LOKFÖRARPOOL AB",nordens-lokforarpool
1509,"Peda Restaurangkonsult AB",peda-restaurangkonsult
1510,"Mickans BistroCafe AB",mickans-bistrocafe
1511,"Valinski Film AB",valinski-film
1512,"SF&Partner AB",sf-och-partner
1513,"Roxhed & Co AB",roxhed-och-co
1514,"Rastock Consulting MR365 AB",rastock-consulting-mr365
1515,"Pharmalifenordic AB",pharmalifenordic
1516,"Nova Talent AB",nova-talent
1517,"Nidsjö Resurs AB",nidsjo-resurs
1518,"NXT Interim Malmö AB",nxt-interim-malmo
1519,"Magaz i Varberg AB",magaz-i-varberg
1520,"M.R Partner AB",m-r-partner
1521,"Karriär kompisar AB",karriar-kompisar
1522,"Jämt Group AB",jamt-group
1523,"Jobbmaskinen DistansMatchning AB",jobbmaskinen-distansmatchning
1524,"Jobblösningar stockholm AB",jobblosningar-stockholm
1525,"Jobb- och studieguiden Sverige AB",jobb-och-studieguiden-sverige
1526,"Jiskala AB",jiskala
1527,"Camilla Glifberg AB",camilla-glifberg
1528,"Braathen Artist Management AB",braathen-artist-management
1529,"Allen Recruitment Sweden AB",allen-recruitment-sweden
1530,"Alivo AB",alivo
1531,"ALPA bemanning & rekrytering AB",alpa-bemanning-och-rekrytering
1532,"TS Support Aktiebolag",ts-support-aktiebolag
1533,"Svea bemanning AB",svea-bemanning
1534,"Medelia AB",medelia
1535,"KreMatistika AB",krematistika
1536,"Fina's Bemanning AB",fina-s-bemanning
1537,"Chef4u Stockholm AB",chef4u-stockholm
1538,"A Better Care Stockholm AB",a-better-care-stockholm
1539,"vargardahalsocenter AB",vargardahalsocenter
1540,"Te Crea Elevhälsa AB",te-crea-elevhalsa
1541,"Smygvinkel AB",smygvinkel
1542,"Medical Specialist PB AB",medical-specialist-pb
1543,"BOLD by Malin AB",bold-by-malin
1544,"Carl-Axel Cronberg AB",carl-axel-cronberg
1545,"Alpha vård bemanning AB",alpha-vard-bemanning
1546,"Albardes AB",albardes
1547,"ProVisus Nordic AB",provisus-nordic
1548,"Sten.mark.service Grythyttan AB",sten-mark-service-grythyttan
1549,"Eskilstunahem Fastighets AB",eskilstunahem-fastighets
1550,"KD Metalwork AB",kd-metalwork
1551,"Borlänge Fjärr Aktiebolag",borlange-fjarr-aktiebolag
1552,"Trollskogen i Skogsberg AB",trollskogen-i-skogsberg
1553,"MBX AB",mbx
1554,"Vardo AB",vardo
1555,"Rajatori AB",rajatori
1556,"M Bygg & Bemanning AB",m-bygg-och-bemanning
1557,"AG konsult i Norr AB",ag-konsult-i-norr
1558,"Christoffer Andersson Arkitekter AB",christoffer-andersson-arkitekter
1559,"Niklas Nordvall Invest AB",niklas-nordvall-invest
1560,"Vinge Talent AB",vinge-talent
1561,"Valegro AB",valegro
1562,"Talensia AB",talensia
1563,"SweKraft Bemanning AB",swekraft-bemanning
1564,"SMJ Bemanning & Konsultation AB",smj-bemanning-och-konsultation
1565,"PRS Konsult AB",prs-konsult
1566,"Norbergs Rekrytering & Jobbcoachning AB",norbergs-rekrytering-och-jobbcoachning
1567,"Maestra utbildningar AB",maestra-utbildningar
1568,"MADA Konsult i Jönköping AB",mada-konsult-i-jonkoping
1569,"Linda Wells Rekrytering & Säljutveckling AB",linda-wells-rekrytering-och-saljutveckling
1570,"Just in Franchise Konsult AB",just-in-franchise-konsult
1571,"Job Solution Sweden AB",job-solution-sweden
1572,"JH Bemanningskonsult AB",jh-bemanningskonsult
1573,"George och lily AB",george-och-lily
1574,"Beautytalents Sweden AB",beautytalents-sweden
1575,"Bemanning Sverige Byrå AB",bemanning-sverige-byra
1576,"Rishworth Aviation AB",rishworth-aviation
1577,"Din Bemanning Sthlm AB",din-bemanning-sthlm
1578,"Active Care Sweden AB",active-care-sweden
1579,"Vi Systrar AB",vi-systrar
1580,"Terraferma AB",terraferma
1581,"Scandinavisk Medicin och Social Konsult AB",scandinavisk-medicin-och-social-konsult
1582,"Hotopp & Co AB",hotopp-och-co
1583,"Blue Collar Bemanning AB",blue-collar-bemanning
1584,"VIABUM AB",viabum
1585,"Stangis & Co Bemanning AB",stangis-och-co-bemanning
1586,"SeniorProffs Göteborg AB",seniorproffs-goteborg
1587,"SBS Bemanning AB",sbs-bemanning
1588,"Bzz Bemanning AB",bzz-bemanning
1589,"Affärskompaniet i Sverige AB",affarskompaniet-i-sverige
1590,"KS Transport & Entreprenad AB",ks-transport-och-entreprenad
1591,"Schakt och Last i Luleå AB",schakt-och-last-i-lulea
1592,"GE Alltjänst AB",ge-alltjanst
1593,"Staff By Lindqvist AB",staff-by-lindqvist
1594,"Sydnext AB",sydnext
1595,"Skilltech Rekrytering AB",skilltech-rekrytering
1596,"SAPC AB",sapc
1597,"Neway i Sverige AB",neway-i-sverige
1598,"Ljung Kompetensförsörjning AB",ljung-kompetensforsorjning
1599,"Lexuz Invest Nordic AB",lexuz-invest-nordic
1600,"Ledgery Sweden AB",ledgery-sweden
1601,"Kristina Stutterheim AB",kristina-stutterheim
1602,"Jobcenter Skåne AB",jobcenter-skane
1603,"Habo Veteranservice AB",habo-veteranservice
1604,"Glada Hudik Konsulttjänst AB",glada-hudik-konsulttjanst
1605,"Drillity AB",drillity
1606,"Busnes Bolagkraft AB",busnes-bolagkraft
1607,"BrinkLink AB",brinklink
1608,"Uniphar Pharma Nordics AB",uniphar-pharma-nordics
1609,"Stockholms Bemanning & Teknik AB",stockholms-bemanning-och-teknik
1610,"MedicalDoctor Sverige AB",medicaldoctor-sverige
1611,"Josiander bemanning AB",josiander-bemanning
1612,"Aktiebolaget Filiatrix",aktiebolaget-filiatrix
1613,"Källarbo Bemanning AB",kallarbo-bemanning
1614,"KL Bemanningsservice AB",kl-bemanningsservice
1615,"Fogel Bemanning AB",fogel-bemanning
1616,"Biljon AB",biljon
1617,"Badrudin konsult AB",badrudin-konsult
1618,"ADA Bemanning AB",ada-bemanning
1619,"Sumus Event AB",sumus-event
1620,"Medicvest Göteborg AB",medicvest-goteborg
1621,"Jering Bemanning AB",jering-bemanning
1622,"Careisma AB",careisma
1623,"Salad & Sushi Malmö AB",salad-och-sushi-malmo
1624,"Norbisch AB",norbisch
1625,"Aminaläkare AB",aminalakare
1626,"BRBC AB",brbc
1627,"Svartbäcken Konsult AB",svartbacken-konsult
1628,"MixConsulting AB",mixconsulting
1629,"H-Gate AB",h-gate
1630,"SWEPROFILE KGA AB",sweprofile-kga
1631,"EPD Personaluthyrning AB",epd-personaluthyrning
1632,"Projma Konsult AB",projma-konsult
1633,"Doktor Ola Dahlbäck AB",doktor-ola-dahlback
1634,"Norrsom AB",norrsom
1635,"OveRall34 AB",overall34
1636,"Lindströms Alltjänst AB",lindstroms-alltjanst
1637,"Central unity holding AB",central-unity-holding
1638,"Yes2work AB",yes2work
1639,"Thai bemannings service AB",thai-bemannings-service
1640,"Scandinavian Resource AB",scandinavian-resource
1641,"Riendas AB",riendas
1642,"PRD Executive AB",prd-executive
1643,"Olofsson & Ingmarsson AB",olofsson-och-ingmarsson
1644,"Odonti AB",odonti
1645,"New Future Bemanning AB",new-future-bemanning
1646,"Mångfaldsbyrån i Sverige AB",mangfaldsbyran-i-sverige
1647,"Magnus Sandqvist Invest AB",magnus-sandqvist-invest
1648,"Maanka AB",maanka
1649,"Kompetent bemanning Kungsbacka AB",kompetent-bemanning-kungsbacka
1650,"Interselection AB",interselection
1651,"Hållbar Bemanning SWE AB",hallbar-bemanning-swe
1652,"Hyllie Park Talentbyrån AB",hyllie-park-talentbyran
1653,"Granter AB",granter
1654,"CronWik Consulting AB",cronwik-consulting
1655,"Bright People AB",bright-people
1656,"Blue Condor AB",blue-condor
1657,"Blomster Executive Search & Interim AB",blomster-executive-search-och-interim
1658,"Agardh Recruitment & Consulting AB",agardh-recruitment-och-consulting
1659,"TKI bemanning AB",tki-bemanning
1660,"Riksläkarna AB",rikslakarna
1661,"NHE Bemanning AB",nhe-bemanning
1662,"KungsgatansDiskGrupp AB",kungsgatansdiskgrupp
1663,"ITIVE AB",itive
1664,"H.K Bygg & Invest AB",h-k-bygg-och-invest
1665,"ND.Pharma AB",nd-pharma
1666,"MikaMel AB",mikamel
1667,"Hyrläkare Sun Södertälje AB",hyrlakare-sun-sodertalje
1668,"Ghion Systerjouren AB",ghion-systerjouren
1669,"Bee Bemanning AB",bee-bemanning
1670,"RCK Förvaltning i Tvåstad AB",rck-forvaltning-i-tvastad
1671,"August Fiskeri AB",august-fiskeri
1672,"Analog Design Sweden AB",analog-design-sweden
1673,"ProStaff Sverige AB",prostaff-sverige
1674,"Mediakompetens i Sverige AB",mediakompetens-i-sverige
1675,"ABRE Consulting AB",abre-consulting
1676,"HA Solutions AB",ha-solutions
1677,"Smålandsfönster AB",smalandsfonster
1678,"Sago Eye Consult AB",sago-eye-consult
1679,"Helene Degerlund AB",helene-degerlund
1680,"Karanis Sweden AB",karanis-sweden
1681,"Kårbo Konsult & Entreprenad AB",karbo-konsult-och-entreprenad
1682,"indumo AB",indumo
1683,"Alfredson Tendon Clinic AB",alfredson-tendon-clinic
1684,"Indira Med. AB",indira-med
1685,"Karlskoga Ventilteknik AB",karlskoga-ventilteknik
1686,"Energilabbet AB",energilabbet
1687,"Your Source AB",your-source
1688,"Talent Bridge AB",talent-bridge
1689,"Skills i Mälardalen AB",skills-i-malardalen
1690,"Seligo AB",seligo
1691,"Nästa Jobb i Sverige AB",nasta-jobb-i-sverige
1692,"Nordic Claims & Care Consulting AB",nordic-claims-och-care-consulting
1693,"Nordeast Kompetens och Bemanning AB",nordeast-kompetens-och-bemanning
1694,"Nation Services Scandinavia AB",nation-services-scandinavia
1695,"J S Legal Talent AB",j-s-legal-talent
1696,"Hunter & Tailor Sverige AB",hunter-och-tailor-sverige
1697,"Finance Recruitment Göteborg AB",finance-recruitment-goteborg
1698,"Eqpe Solutions Aktiebolag",eqpe-solutions-aktiebolag
1699,"Capto HR AB",capto-hr
1700,"Avilon AB",avilon
1701,"Artistguiden i Sverige AB",artistguiden-i-sverige
1702,"Ahrle, Laurell & Partners AB",ahrle-laurell-och-partners
1703,"Sventure AB",sventure
1704,"Ryan Commerce AB",ryan-commerce
1705,"Renommé Event AB",renomme-event
1706,"MA-help AB",ma-help
1707,"GBS Resurs AB",gbs-resurs
1708,"Southcity Interim AB",southcity-interim
1709,"Jarbos Service AB",jarbos-service
1710,"FP&AA Konsult AB",fp-och-aa-konsult
1711,"W.M Properties AB",w-m-properties
1712,"Skaraborgs Chaufförsbemanning AB",skaraborgs-chaufforsbemanning
1713,"Prismtur DMC AB",prismtur-dmc
1714,"KustBemanning i Väst AB",kustbemanning-i-vast
1715,"IFIX AB",ifix
1716,"Hammo Consulting AB",hammo-consulting
1717,"Aurelijus Consulting i Skövde AB",aurelijus-consulting-i-skovde
1718,"Rätt Väg Express AB",ratt-vag-express
1719,"R.M recruit AB",r-m-recruit
1720,"Osseolight AB",osseolight
1721,"Ludvigsborgs Entreprenad AB",ludvigsborgs-entreprenad
1722,"Brisk Bemanning AB",brisk-bemanning
1723,"ADHERE to LIFE AB",adhere-to-life
1724,"Workers4Sweden AB",workers4sweden
1725,"JD eTrading AB",jd-etrading
1726,"Seguro AB",seguro
1727,"MN Trading AB",mn-trading
1728,"HRS FOOD CONTRACT AB",hrs-food-contract
1729,"Oxelösunds Industrimålning AB",oxelosunds-industrimalning
1730,"Avan Barnmedicin i Sverige AB",avan-barnmedicin-i-sverige
1731,"Ekohus & Industri Mälardalen AB",ekohus-och-industri-malardalen
1732,"Idoctor AB",idoctor
1733,"Carléns mekaniska AB",carlens-mekaniska
1734,"MEdward AB",medward
1735,"Herrewik Partner AB",herrewik-partner
1736,"workdone AB",workdone
1737,"eData Solutions AB",edata-solutions
1738,"Vedea AB",vedea
1739,"Twin Works AB",twin-works
1740,"Speakeasy Agency AB",speakeasy-agency
1741,"PRABI AB",prabi
1742,"Logistic Professionals Sweden AB",logistic-professionals-sweden
1743,"Kasma AB",kasma
1744,"Jobready Stockholm AB",jobready-stockholm
1745,"ISSY AB",issy
1746,"CIP Global Executive Search AB",cip-global-executive-search
1747,"Beyron Ahxner AB",beyron-ahxner
1748,"BayInCo Tech AB",bayinco-tech
1749,"BENSAR90 AB",bensar90
1750,"Viatour Group AB",viatour-group
1751,"Lexicare AB",lexicare
1752,"L&M Nordic AB",l-och-m-nordic
1753,"EasyFreelance AB",easyfreelance
1754,"Swepharma Bemanning AB",swepharma-bemanning
1755,"O M Gamdisk och städ AB",o-m-gamdisk-och-stad
1756,"Nibe Consulting AB",nibe-consulting
1757,"Elitstyrkan i Haninge AB",elitstyrkan-i-haninge
1758,"PAHA Invest AB",paha-invest
1759,"OLFM AB",olfm
1760,"BLAGAJ AB",blagaj
1761,"SJÖSTRANDS TRANSPORT AB",sjostrands-transport
1762,"PBT Entreprenad AB",pbt-entreprenad
1763,"Flexio Service AB",flexio-service
1764,"ADS Competens AB",ads-competens
1765,"Cnior AB",cnior
1766,"Lyckmed AB",lyckmed
1767,"LaPia Health & Education AB",lapia-health-och-education
1768,"Saltamonte AB",saltamonte
1769,"Kross och Entreprenadkonsult i Nora AB",kross-och-entreprenadkonsult-i-nora
1770,"Örstasam AB",orstasam
1771,"Tunbyn Invest Entreprenad AB",tunbyn-invest-entreprenad
1772,"Gällivare Entreprenad i Norr AB",gallivare-entreprenad-i-norr
1773,"Umekan service AB",umekan-service
1774,"Medi Consultants Group MCG AB",medi-consultants-group-mcg
1775,"Kusmarks Entreprenad AB",kusmarks-entreprenad
1776,"All-Kjells i Vimmerby AB",all-kjells-i-vimmerby
1777,"Familjen Polback AB",familjen-polback
1778,"Curia Utbildning & Bemanning AB",curia-utbildning-och-bemanning
1779,"Willaborg Consulting AB",willaborg-consulting
1780,"Wrknest Engineering AB",wrknest-engineering
1781,"Thord Jonsson Artist & Nöje AB",thord-jonsson-artist-och-noje
1782,"T-Consulting Sweden AB",t-consulting-sweden
1783,"Sveriges Guiderna AB",sveriges-guiderna
1784,"Skandit AB",skandit
1785,"Silfversparre Consulting AB",silfversparre-consulting
1786,"Recruiting Rewards AB",recruiting-rewards
1787,"Maze 4 Talents AB",maze-4-talents
1788,"MULTIFLXIA AB",multiflxia
1789,"Lönn-Sulic Mångfaldsmodeller AB",lonn-sulic-mangfaldsmodeller
1790,"Letsgig AB",letsgig
1791,"Jobnet AB",jobnet
1792,"Jalla Jobbcenter AB",jalla-jobbcenter
1793,"J.R.C i Stockholm AB",j-r-c-i-stockholm
1794,"Indarad AB",indarad
1795,"Human Network Sverige AB",human-network-sverige
1796,"GreyM AB",greym
1797,"FEEN Aktiebolag (svb)",feen-aktiebolag-svb
1798,"Darwin Consulting AB",darwin-consulting
1799,"Bonobon AB",bonobon
1800,"Beyond Resource Sweden AB",beyond-resource-sweden
1801,"Areus AB",areus
1802,"Svensk Vårdsupport Sjuksköterskor AB",svensk-vardsupport-sjukskoterskor
1803,"Sjuksyrra SWE AB",sjuksyrra-swe
1804,"Hyde Recruitment AB",hyde-recruitment
1805,"BPHealthcare AB",bphealthcare
1806,"ST Consultation AB",st-consultation
1807,"Rospiggens Begravningsbyrå i Sverige AB",rospiggens-begravningsbyra-i-sverige
1808,"Nurseline AB",nurseline
1809,"Nordic Group Concept AB",nordic-group-concept
1810,"HLR och Operationsspecialisterna i Storstockholm AB",hlr-och-operationsspecialisterna-i-storstockholm
1811,"Dover Bay AB",dover-bay
1812,"ALLBACKSTAGE AB",allbackstage
1813,"Trestads lyft och maskintransport AB",trestads-lyft-och-maskintransport
1814,"Nordenstam Johnsson AB",nordenstam-johnsson
1815,"Modum kök AB",modum-kok
1816,"Modu Transport Bemanning AB",modu-transport-bemanning
1817,"MOT AB",mot
1818,"JJ Consulting AB",jj-consulting
1819,"c/o Finans AB",c-o-finans
1820,"Vlad Cristian AB",vlad-cristian
1821,"Ryan läkartjänst AB",ryan-lakartjanst
1822,"Marlins Städ i Malmö AB",marlins-stad-i-malmo
1823,"Gigservice Sweden AB",gigservice-sweden
1824,"Excellent HR Partner i Helsingborg AB",excellent-hr-partner-i-helsingborg
1825,"Flyttmar Norrköpings Express AB",flyttmar-norrkopings-express
1826,"Bröderna Bjärnlids Dagsverke AB",broderna-bjarnlids-dagsverke
1827,"360 Öst AB",360-ost
1828,"Oscar Palm Marketing AB",oscar-palm-marketing
1829,"CGT Auto AB",cgt-auto
1830,"Ahita Diagnostik konsult AB",ahita-diagnostik-konsult
1831,"André Karlsson Invest AB",andre-karlsson-invest
1832,"Emil K Transport AB",emil-k-transport
1833,"Bostadseffekt Sverige AB",bostadseffekt-sverige
1834,"M Wåhlstedt Transportservice AB",m-wahlstedt-transportservice
1835,"Face by DFA AB",face-by-dfa
1836,"Railforce Sweden AB",railforce-sweden
1837,"Nordström bemanning AB",nordstrom-bemanning
1838,"CM Leanbemanning AB",cm-leanbemanning
1839,"Stenudds Konsult & Arbetsledning AB",stenudds-konsult-och-arbetsledning
1840,"NorthFix AB",northfix
1841,"Landin Consulting och fastigheter AB",landin-consulting-och-fastigheter
1842,"Jari&Jessica AB",jari-och-jessica
1843,"Ranya Med AB",ranya-med
1844,"Lordea AB",lordea
1845,"MER Service i Jämtland AB",mer-service-i-jamtland
1846,"Dykbemanning Gotland AB",dykbemanning-gotland
1847,"iWest Personal AB",iwest-personal
1848,"Verdi Nordic AB",verdi-nordic
1849,"Transeo AB",transeo
1850,"Tor Konsult AB",tor-konsult
1851,"R.S Jobb Magnet AB",r-s-jobb-magnet
1852,"Paul Position Consulting AB",paul-position-consulting
1853,"One Star AB",one-star
1854,"Motivista Consulting AB",motivista-consulting
1855,"Mats Källström Information Aktiebolag",mats-kallstrom-information-aktiebolag
1856,"MPS Sverige AB",mps-sverige
1857,"Kvarnhyddan AB",kvarnhyddan
1858,"Find By Anna AB",find-by-anna
1859,"Farell Consulting AB",farell-consulting
1860,"EK Konsult Bemanning AB",ek-konsult-bemanning
1861,"Din Rekryteringspartner i Umeå AB",din-rekryteringspartner-i-umea
1862,"Definite AB",definite
1863,"Comcube AB",comcube
1864,"Cfk Konsult AB",cfk-konsult
1865,"By Sanna AB",by-sanna
1866,"Bipet Consulting AB",bipet-consulting
1867,"Arbetsvägen Halland AB",arbetsvagen-halland
1868,"Arbetsmedlarna i Sverige AB",arbetsmedlarna-i-sverige
1869,"André Hellström AB",andre-hellstrom
1870,"Althalja N.J.L AB",althalja-n-j-l
1871,"ABS Bygg och Entreprenad AB",abs-bygg-och-entreprenad
1872,"Trygghetsbevakning Sverige AB",trygghetsbevakning-sverige
1873,"M&E Bemanning AB",m-och-e-bemanning
1874,"Khan care AB",khan-care
1875,"Åkare i Sverige Åkersberga AB",akare-i-sverige-akersberga
1876,"YellowRock AB",yellowrock
1877,"SB Marktjänst AB",sb-marktjanst
1878,"Hillsan AB",hillsan
1879,"Burgos Entreprenad AB",burgos-entreprenad
1880,"Slutplattan HAMLO 126906 AB",slutplattan-hamlo-126906
1881,"SM-Justering Aktiebolag",sm-justering-aktiebolag
1882,"Perkhed Company AB",perkhed-company
1883,"MAV-iation AB",mav-iation
1884,"Aktiebolag Pontus Sandberg",aktiebolag-pontus-sandberg
1885,"AS Logistik AB",as-logistik
1886,"WGA IT & Bemanning tjänster AB",wga-it-och-bemanning-tjanster
1887,"Misalith AB",misalith
1888,"Berliko AB",berliko
1889,"Hjärpe Holding AB",hjarpe-holding
1890,"Engkel AB",engkel
1891,"Zenteec Solutions AB",zenteec-solutions
1892,"Robin Johansson AB",robin-johansson
1893,"Junior TeamWork AB",junior-teamwork
1894,"Kungsbacka Estetik AB",kungsbacka-estetik
1895,"Forsbäck Holding AB",forsback-holding
1896,"Tuna Bemanning AB",tuna-bemanning
1897,"Division 303 i Kvicksund AB",division-303-i-kvicksund
1898,"MP Åkeritjänster i Helsingborg AB",mp-akeritjanster-i-helsingborg
1899,"Carmod Sweden AB",carmod-sweden
1900,"Aero Komponenter Rindö AB",aero-komponenter-rindo
1901,"AB Frida bygg & prefab montage",ab-frida-bygg-och-prefab-montage
1902,"Pizzeria Hagfors AB",pizzeria-hagfors
1903,"Aktiebolaget C.G. Dahlins Eftr.",aktiebolaget-c-g-dahlins-eftr
1904,"Marilia AB",marilia
1905,"Wallgrens Teknik AB",wallgrens-teknik
1906,"LeaseMe AB",leaseme
1907,"Sherpa Stage Crew AB",sherpa-stage-crew
1908,"MH Support AB",mh-support
1909,"Havsklippan AB",havsklippan
1910,"We are Heroes AB",we-are-heroes
1911,"Finaco AB",finaco
1912,"iSociety AB",isociety
1913,"Talent People Interim & Search Sweden AB",talent-people-interim-och-search-sweden
1914,"Swifty AB",swifty
1915,"Sturehovs Partner AB",sturehovs-partner
1916,"Sociotalang Sverige AB",sociotalang-sverige
1917,"Servicegruppen Partner i Göteborg AB",servicegruppen-partner-i-goteborg
1918,"SEVR Recruitment AB",sevr-recruitment
1919,"Revocruit AB",revocruit
1920,"RMC Medicinkonsult AB",rmc-medicinkonsult
1921,"Pointpeople Aktiebolag",pointpeople-aktiebolag
1922,"Pike Personal Group AB",pike-personal-group
1923,"Pauline H Casting AB",pauline-h-casting
1924,"Moderskeppet Sävedalen AB",moderskeppet-savedalen
1925,"MGG Consulting AB",mgg-consulting
1926,"MCK Bemanning AB",mck-bemanning
1927,"MC-Consulting AB",mc-consulting
1928,"Josefin Pauli AB",josefin-pauli
1929,"Höreda Bemanning AB",horeda-bemanning
1930,"Hygieia Städ AB",hygieia-stad
1931,"Hired Sverige AB",hired-sverige
1932,"Fast Lane AB",fast-lane
1933,"EMAJSI AB",emajsi
1934,"DWI Consulting AB",dwi-consulting
1935,"Christine Mannerstråle AB",christine-mannerstrale
1936,"Brightness Communications AB",brightness-communications
1937,"Alwin Consulting AB",alwin-consulting
1938,"Aldea Executive Search AB",aldea-executive-search
1939,"Advokat Henrik Hoffman Aktiebolag",advokat-henrik-hoffman-aktiebolag
1940,"Act1 Group Sweden AB",act1-group-sweden
1941,"Tandläkare Viktoria G AB",tandlakare-viktoria-g
1942,"Stockholms Depå Service AB",stockholms-depa-service
1943,"Quality Smart Support QSS AB",quality-smart-support-qss
1944,"NKA Städ & Livs Aktiebolag",nka-stad-och-livs-aktiebolag
1945,"Genex AB",genex
1946,"SIWI Holding AB",siwi-holding
1947,"Nordanvind Bemanningstjänst AB",nordanvind-bemanningstjanst
1948,"M.G Assist Bemanning AB",m-g-assist-bemanning
1949,"Entreprenadservice Maskin Södertälje AB",entreprenadservice-maskin-sodertalje
1950,"Arrow Transport AB",arrow-transport
1951,"Strömstad Skee 2:1 AB",stromstad-skee-2-1
1952,"Specialisttandläkare Avesta Haider AB",specialisttandlakare-avesta-haider
1953,"Seniorarbete AAJ AB",seniorarbete-aaj
1954,"Nordic Weldness AB",nordic-weldness
1955,"Kolibra AB",kolibra
1956,"Grubbagården Lantbruks AB",grubbagarden-lantbruks
1957,"Önneköps Konsult AB",onnekops-konsult
1958,"Värda Familjer AB",varda-familjer
1959,"Rosdahls Transport AB",rosdahls-transport
1960,"PLB Allservice AB",plb-allservice
1961,"Industri och service i Skåne AB",industri-och-service-i-skane
1962,"Elit Trafikskola i Norrköping AB",elit-trafikskola-i-norrkoping
1963,"BLADESTALL AB",bladestall
1964,"Dahlgrens i Falkenberg AB",dahlgrens-i-falkenberg
1965,"WB Åkeri AB",wb-akeri
1966,"Forssblad Motorsport AB",forssblad-motorsport
1967,"Intertalento Service Agency AB",intertalento-service-agency
1968,"Mälardalens Bygg & Bemanning AB",malardalens-bygg-och-bemanning
1969,"Railway Agency AB",railway-agency
1970,"North Invest AB",north-invest
1971,"Lappeasuando Turistservice Aktiebolag",lappeasuando-turistservice-aktiebolag
1972,"Klas Hällerstrand AB",klas-hallerstrand
1973,"Vitvaruspecialisten Umeå Holding AB",vitvaruspecialisten-umea-holding
1974,"Jocke Fixare AB",jocke-fixare
1975,"JB Konsult i Lycksele AB",jb-konsult-i-lycksele
1976,"BECO Entreprenad AB",beco-entreprenad
1977,"Sundsvalls City Transport AB",sundsvalls-city-transport
1978,"Djurvaruhuset i Sundsvall AB",djurvaruhuset-i-sundsvall
1979,"Aspö Composite Bygg AB",aspo-composite-bygg
1980,"Jämtlands senioruthyrning AB",jamtlands-senioruthyrning
1981,"Bröderna Thalén AB",broderna-thalen
1982,"msemploy Sweden AB",msemploy-sweden
1983,"VenturePeople AB",venturepeople
1984,"Swane Consulting AB",swane-consulting
1985,"Sommensjö HR AB",sommensjo-hr
1986,"Sobab Samverkan och Bemanning AB",sobab-samverkan-och-bemanning
1987,"Search4S Dustgoat AB",search4s-dustgoat
1988,"SOREVO Bemanning AB",sorevo-bemanning
1989,"Psykab AB",psykab
1990,"Praca Match AB",praca-match
1991,"Power Solutions Väst AB",power-solutions-vast
1992,"Noreno AB",noreno
1993,"Nimko consulting AB",nimko-consulting
1994,"Michael Catenacci AB",michael-catenacci
1995,"LH Affärsutveckling AB",lh-affarsutveckling
1996,"L Gruppen AB",l-gruppen
1997,"K&S Bemanning AB",k-och-s-bemanning
1998,"Green Search & Selection AB",green-search-och-selection
1999,"Good Fit Consulting AB",good-fit-consulting
2000,"Glansia AB",glansia
2001,"Gazella Trygg AB",gazella-trygg
2002,"Endurio AB",endurio
2003,"Cleo Consulting AB",cleo-consulting
2004,"BraPersonal Sverige AB",brapersonal-sverige
2005,"Boxhill AB",boxhill
2006,"Bloomscape AB",bloomscape
2007,"Am hyr & service i Skåne AB",am-hyr-och-service-i-skane
2008,"Acquiro International Recruitment AB",acquiro-international-recruitment
2009,"AB International Search partners, ISPA",ab-international-search-partners-ispa
2010,"Robutz Förvaltning AB",robutz-forvaltning
2011,"Mattias Lindberg Bemanning AB",mattias-lindberg-bemanning
2012,"Defencia Service AB",defencia-service
2013,"BemanningsXpressen i Sverige AB",bemanningsxpressen-i-sverige
2014,"Service 4you Sundbyberg AB",service-4you-sundbyberg
2015,"Sase nursecare AB",sase-nursecare
2016,"Peter Kasto Medical AB",peter-kasto-medical
2017,"MIMLITA AB",mimlita
2018,"Carlos Lilja KONSULT AB",carlos-lilja-konsult
2019,"Care4u Europe AB",care4u-europe
2020,"Bredden Bilservice & Bilvård AB",bredden-bilservice-och-bilvard
2021,"Röntgenjouren Sverige AB",rontgenjouren-sverige
2022,"Kidshälsa AB",kidshalsa
2023,"Antovak AB",antovak
2024,"Klug Entreprenad AB",klug-entreprenad
2025,"Karlite Consulting AB",karlite-consulting
2026,"Compandben Sweden AB",compandben-sweden
2027,"Blomberg & Näsströms AB",blomberg-och-nasstroms
2028,"Läkargruppen i Linköping AB",lakargruppen-i-linkoping
2029,"Frippe Johansson Allservice AB",frippe-johansson-allservice
2030,"Adacta socionom AB",adacta-socionom
2031,"D&M Uthyrning Entreprenad AB",d-och-m-uthyrning-entreprenad
2032,"ATF Maskin AB",atf-maskin
2033,"Rådström Event AB",radstrom-event
2034,"OEBERG SOLUTIONS AB",oeberg-solutions
2035,"JS LOGISTIK OCH ENTREPRENAD I UMEÅ AB",js-logistik-och-entreprenad-i-umea
2036,"Crew Solutions Kalmar AB",crew-solutions-kalmar
2037,"Pharmagruppen AB",pharmagruppen
2038,"influx AB",influx
2039,"Wilford Leadership Partner AB",wilford-leadership-partner
2040,"WIDE Personalpartner AB",wide-personalpartner
2041,"The Jobbify i Sverige AB",the-jobbify-i-sverige
2042,"Sweden Entertainment Group AB",sweden-entertainment-group
2043,"Subito Bemanning AB",subito-bemanning
2044,"Steps Jobbcenter AB",steps-jobbcenter
2045,"STENMARK CV FILM & CASTING AB",stenmark-cv-film-och-casting
2046,"SEBR AB",sebr
2047,"Patrick & Christian Food Consulting AB",patrick-och-christian-food-consulting
2048,"NETC Group Aktiebolag",netc-group-aktiebolag
2049,"MAWEJ Projekt AB",mawej-projekt
2050,"Lahne Unit AB",lahne-unit
2051,"Lagercrantz Associates AB",lagercrantz-associates
2052,"LEJCA AB",lejca
2053,"L&D Care AB",l-och-d-care
2054,"JobYard Sverige AB",jobyard-sverige
2055,"Henrison AB",henrison
2056,"Hemvik Consulting AB",hemvik-consulting
2057,"Framgångshuset AB",framgangshuset
2058,"ESQ Global Consulting AB",esq-global-consulting
2059,"Dayshift AB",dayshift
2060,"Closer AB",closer
2061,"Bokastandup Sverige AB",bokastandup-sverige
2062,"BrAvE Recruitment Sweden AB",brave-recruitment-sweden
2063,"Bernflo People Advisory AB",bernflo-people-advisory
2064,"Bergstrand Consulting Sthlm AB",bergstrand-consulting-sthlm
2065,"Axelera Sverige AB",axelera-sverige
2066,"Ambassador of Kwan AB",ambassador-of-kwan
2067,"AB Jobbredo Sverige",ab-jobbredo-sverige
2068,"Verdura Trädgård & Allservice AB",verdura-tradgard-och-allservice
2069,"Supportia Sverige AB",supportia-sverige
2070,"Sjysta tjänster Stockholm AB",sjysta-tjanster-stockholm
2071,"Renardgroup AB",renardgroup
2072,"Rausén Ekonomikonsult AB",rausen-ekonomikonsult
2073,"Juancho AB",juancho
2074,"High Star AB",high-star
2075,"HS Service AB",hs-service
2076,"Gårdefelt Systems AB",gardefelt-systems
2077,"Forax AB",forax
2078,"Colivia Tech AB",colivia-tech
2079,"Aeternus Care AB",aeternus-care
2080,"Veteraner i Stockholm AB",veteraner-i-stockholm
2081,"Söderbröder VVS AB",soderbroder-vvs
2082,"Stödkonsult i Sverige Aktiebolag",stodkonsult-i-sverige-aktiebolag
2083,"Sara Haavisto AB",sara-haavisto
2084,"PRECURA AB",precura
2085,"Forsbom Performance Consulting AB",forsbom-performance-consulting
2086,"Eminent Care Sweden AB",eminent-care-sweden
2087,"Ekonomerna NB & IC Personal AB",ekonomerna-nb-och-ic-personal
2088,"Easy M Consulting AB",easy-m-consulting
2089,"Västra Götaland åkeri bemanning AB",vastra-gotaland-akeri-bemanning
2090,"Psykiater Bedrija Hasanagic AB",psykiater-bedrija-hasanagic
2091,"NTP Invest AB",ntp-invest
2092,"Min Psykiatri Sverige AB",min-psykiatri-sverige
2093,"FAM.JOHNSSON INVEST AB",fam-johnsson-invest
2094,"C.E. Andréasson Invest AB",c-e-andreasson-invest
2095,"Acetech Aktiebolag",acetech-aktiebolag
2096,"slow motion AB",slow-motion
2097,"Vellinge Tak & Plåtslageri AB",vellinge-tak-och-platslageri
2098,"L & L Service AB",l-och-l-service
2099,"Bromölla bemanning AB",bromolla-bemanning
2100,"Sheilas Entreprenad AB",sheilas-entreprenad
2101,"Magnus Automekaniska Motala AB",magnus-automekaniska-motala
2102,"Roslags Bemanning AB",roslags-bemanning
2103,"TKTN Group AB",tktn-group
2104,"Profital Ekonomi AB",profital-ekonomi
2105,"Nurse Care Värnamo AB",nurse-care-varnamo
2106,"POM i Läjet AB",pom-i-lajet
2107,"Kungsbacka Asfalt AB",kungsbacka-asfalt
2108,"Viktorsson Industrilackering AB",viktorsson-industrilackering
2109,"Bröderna Kurt AB",broderna-kurt
2110,"AB Thoreson i Nora",ab-thoreson-i-nora
2111,"Nordic Highway AB",nordic-highway
2112,"Karlbo Bygg & Entreprenad AB",karlbo-bygg-och-entreprenad
2113,"EBH Care AB",ebh-care
2114,"Richards Bemanning AB",richards-bemanning
2115,"Service o Fastigheter AD AB",service-o-fastigheter-ad
2116,"Storoxen invest AB",storoxen-invest
2117,"Petterssons Transport i Kalix AB",petterssons-transport-i-kalix
2118,"TN i Lycksele AB",tn-i-lycksele
2119,"Pernilla Oderstål AB",pernilla-oderstal
2120,"Talentconnect AB",talentconnect
2121,"Relcon AB",relcon
2122,"Lykkekliniken AB",lykkekliniken
2123,"JUSE AB",juse
2124,"Barnsyrra AB",barnsyrra
2125,"Sociala tjänster i Blekinge AB",sociala-tjanster-i-blekinge
2126,"Willaborg Basecamp AB",willaborg-basecamp
2127,"de Wall Bemanning & Rekrytering AB",de-wall-bemanning-och-rekrytering
2128,"WeQube AB",weqube
2129,"Urvalet Executive AB",urvalet-executive
2130,"Tryggheten AB",tryggheten
2131,"Södertörns Bemanning AB",sodertorns-bemanning
2132,"SoCo bemanning AB",soco-bemanning
2133,"Snabbjobb MM AB",snabbjobb-mm
2134,"Simole AB",simole
2135,"STARKT JOBBAT AB",starkt-jobbat
2136,"RB Jobbförmedling AB",rb-jobbformedling
2137,"OT Crew AB",ot-crew
2138,"Macavoy AB",macavoy
2139,"LogistiCan Rekrytering AB",logistican-rekrytering
2140,"Lodins Smide AB",lodins-smide
2141,"Lemond Sales & Consulting AB",lemond-sales-och-consulting
2142,"Kärnvärden Aktiebolag",karnvarden-aktiebolag
2143,"Inner Impact Sweden AB",inner-impact-sweden
2144,"INQLUDERA CJ AB",inqludera-cj
2145,"Hytton Technologies AB",hytton-technologies
2146,"Huvudverket i Sverige AB",huvudverket-i-sverige
2147,"Holmberg Consulting & Talents AB",holmberg-consulting-och-talents
2148,"F L CASTING AB",f-l-casting
2149,"Elin Jerklind Consulting AB",elin-jerklind-consulting
2150,"Dora & Son Aktiebolag",dora-och-son-aktiebolag
2151,"Daily Crew AB",daily-crew
2152,"Daggny AB",daggny
2153,"CMH i Stockholm AB",cmh-i-stockholm
2154,"Athletes Abroad Management 2019 AB",athletes-abroad-management-2019
2155,"Annica Wiberg AB",annica-wiberg
2156,"Amivo Bemanning & rekrytering Sverige AB",amivo-bemanning-och-rekrytering-sverige
2157,"AnKom Aktiebolag",ankom-aktiebolag
2158,"Allways Trading Sweden AB",allways-trading-sweden
2159,"Active Padel SWE AB",active-padel-swe
2160,"2Work Sverige AB",2work-sverige
2161,"Nea RM Service AB",nea-rm-service
2162,"KLR Holding AB",klr-holding
2163,"Eric Persson Konsult AB",eric-persson-konsult
2164,"BA Personal och Ekonomi AB",ba-personal-och-ekonomi
2165,"Wangerheim Consulting AB",wangerheim-consulting
2166,"WD Service AB",wd-service
2167,"VårdVärde Sverige AB",vardvarde-sverige
2168,"Rekonomista AB",rekonomista
2169,"Psykolognina AB",psykolognina
2170,"EH Healthcare AB",eh-healthcare
2171,"Cloud Solutions for Business Sweden AB",cloud-solutions-for-business-sweden
2172,"Bendix Ekonomi & Konsult AB",bendix-ekonomi-och-konsult
2173,"AIMÉEX Service AB",aimeex-service
2174,"WTM i Lidköping AB",wtm-i-lidkoping
2175,"Talentify AB",talentify
2176,"Peter Elmander AB",peter-elmander
2177,"Medica Corporal Borås AB",medica-corporal-boras
2178,"Eos Bemanning AB",eos-bemanning
2179,"Ronix Konsult AB",ronix-konsult
2180,"Engstrand Kran AB",engstrand-kran
2181,"Your Dentist Sweden AB",your-dentist-sweden
2182,"N Claesson Konsult AB",n-claesson-konsult
2183,"MA Sociala Resurser AB",ma-sociala-resurser
2184,"TronSe AB",tronse
2185,"Vissboda Allservice AB",vissboda-allservice
2186,"Taxi Ride Solutions Sweden AB",taxi-ride-solutions-sweden
2187,"Södergård Konsult AB",sodergard-konsult
2188,"Mccerkers skog och maskin AB",mccerkers-skog-och-maskin
2189,"GRÅDÖ Entreprenad AB",grado-entreprenad
2190,"RME Solutions AB",rme-solutions
2191,"Bruzelius Bemanning AB",bruzelius-bemanning
2192,"Team SER AB",team-ser
2193,"PJSR Holding AB",pjsr-holding
2194,"Activa Veteraner i Västerås AB",activa-veteraner-i-vasteras
2195,"Svalbros Mekaniska AB",svalbros-mekaniska
2196,"SVM Sverige AB",svm-sverige
2197,"Stensele Bemanning AB",stensele-bemanning
2198,"RnR Agency AB",rnr-agency
2199,"PG Spår och Maskinservice AB",pg-spar-och-maskinservice
2200,"Oasis i Skellefteå AB",oasis-i-skelleftea
2201,"Landströms Bemanning AB",landstroms-bemanning
2202,"Pleasure Production Sweden AB",pleasure-production-sweden
2203,"Jelle AB",jelle
2204,"AMB Flex Bemanning AB",amb-flex-bemanning
2205,"NP Hkansson AB",np-hkansson
2206,"Magnus Högberg AB",magnus-hogberg
2207,"CARMI Resurs AB",carmi-resurs
2208,"BV Bemanning & Fordonsfix AB",bv-bemanning-och-fordonsfix
2209,"Vapper butiksspecialist AB",vapper-butiksspecialist
2210,"UJL AB",ujl
2211,"Trinéa Capital AB",trinea-capital
2212,"Skills & Talent AB",skills-och-talent
2213,"Sikta Urval AB",sikta-urval
2214,"Sabay Sabay Allservice AB",sabay-sabay-allservice
2215,"RRR Production AB",rrr-production
2216,"MT Search & Recruit AB",mt-search-och-recruit
2217,"JJ Entreprenad Älvsbyn AB",jj-entreprenad-alvsbyn
2218,"Issa Rekrytering AB",issa-rekrytering
2219,"Fima Bemanning och Redovisning AB",fima-bemanning-och-redovisning
2220,"Fazeli Talent Solutions AB",fazeli-talent-solutions
2221,"Esther Rekrytering AB",esther-rekrytering
2222,"Energy Staffing & Advisement Sweden AB",energy-staffing-och-advisement-sweden
2223,"Byggagentur Norden AB",byggagentur-norden
2224,"Burgaz Management AB",burgaz-management
2225,"Björklund Bemannings AB",bjorklund-bemannings
2226,"Bemapoint Business Group AB",bemapoint-business-group
2227,"Acqira AB",acqira
2228,"Samlarhuset Sverige AB",samlarhuset-sverige
2229,"MAD Uthyrning AB",mad-uthyrning
2230,"LBE bemanning och event AB",lbe-bemanning-och-event
2231,"J2 Analytics AB",j2-analytics
2232,"Apotek Plus AB",apotek-plus
2233,"123 Allgruppen AB",123-allgruppen
2234,"Visanova i Sollentuna AB",visanova-i-sollentuna
2235,"Ramp Up Consulting AB",ramp-up-consulting
2236,"Pharm Match Lifesience AB",pharm-match-lifesience
2237,"Nordens Bemanning och Konsultation AB",nordens-bemanning-och-konsultation
2238,"LB Care AB",lb-care
2239,"Craxy AB",craxy
2240,"Care by Nahl AB",care-by-nahl
2241,"BSH transport AB",bsh-transport
2242,"Astra socionomerna AB",astra-socionomerna
2243,"Arineh AB",arineh
2244,"Trygga Åk AB",trygga-ak
2245,"Mitpot AB",mitpot
2246,"Maskindepån i Väst AB",maskindepan-i-vast
2247,"M/L Bemanning AB",m-l-bemanning
2248,"Jobbakuten Väst AB",jobbakuten-vast
2249,"EA MED+ AB",ea-med
2250,"Brogren Consulting AB",brogren-consulting
2251,"Urianda AB",urianda
2252,"SA.BestNurse AB",sa-bestnurse
2253,"Renova Care AB",renova-care
2254,"NKS - Nordisk Kontorsservice AB",nks-nordisk-kontorsservice
2255,"Lillaryds Konsult AB",lillaryds-konsult
2256,"Corlogix AB",corlogix
2257,"AB GT Consulting i Skåne",ab-gt-consulting-i-skane
2258,"Ludwig Bernholtz AB",ludwig-bernholtz
2259,"Cajajo AB",cajajo
2260,"CCConsulting Crew i Linköping AB",ccconsulting-crew-i-linkoping
2261,"Upplandskonsulterna AB",upplandskonsulterna
2262,"Aktiebolaget Ilonis",aktiebolaget-ilonis
2263,"Evangeline AB",evangeline
2264,"SR Holding i Laholm AB",sr-holding-i-laholm
2265,"Kyrkspiran Ekonomi AB",kyrkspiran-ekonomi
2266,"Nyköpings Handel AB",nykopings-handel
2267,"Mellansvenska Billots Aktiebolag",mellansvenska-billots-aktiebolag
2268,"Hamra Hardware AB",hamra-hardware
2269,"Sunda Omsorg AB",sunda-omsorg
2270,"Petra Back HR AB",petra-back-hr
2271,"Stugsundsudden fastigheter AB",stugsundsudden-fastigheter
2272,"Nowall AB",nowall
2273,"Sten & markservice i kristinehamn AB",sten-och-markservice-i-kristinehamn
2274,"Eklunden Service AB",eklunden-service
2275,"Törnblom Fastighet AB",tornblom-fastighet
2276,"WFE Förvaltning AB",wfe-forvaltning
2277,"Only the sky is the limit i Övertorneå AB",only-the-sky-is-the-limit-i-overtornea
2278,"North Equipment AB",north-equipment
2279,"Nilsson Svarv & Teknik AB",nilsson-svarv-och-teknik
2280,"Jamar AB",jamar
2281,"J H Viligroup AB",j-h-viligroup
2282,"Västerbottens Elinstallationer AB",vasterbottens-elinstallationer
2283,"HAJO Alltjänst AB",hajo-alltjanst
2284,"JNSolutions AB",jnsolutions
2285,"62 North AB",62-north
2286,"Nemero Two AB",nemero-two
2287,"J Hellqvist AB",j-hellqvist
2288,"Härjedalsguiderna AB",harjedalsguiderna
2289,"YLPO Consulting AB",ylpo-consulting
2290,"XLNT Search AB",xlnt-search
2291,"X-effekt AB",x-effekt
2292,"Wonderful People AB",wonderful-people
2293,"Watthammar Interim & Search AB",watthammar-interim-och-search
2294,"Velpro AB",velpro
2295,"TruckPartner Sverige AB",truckpartner-sverige
2296,"Södrin Consulting AB",sodrin-consulting
2297,"SweaJobb Bemanning AB",sweajobb-bemanning
2298,"Stråtenbo Consulting AB",stratenbo-consulting
2299,"Sofias Bemanning AB",sofias-bemanning
2300,"Sacore AB",sacore
2301,"SJS Consulting AB",sjs-consulting
2302,"Rekryteringsexperten Göteborg AB",rekryteringsexperten-goteborg
2303,"Recruit & Connect Sweden AB",recruit-och-connect-sweden
2304,"Qonsulta Sweden AB",qonsulta-sweden
2305,"OMAA Headhunting och Rekrytering AB",omaa-headhunting-och-rekrytering
2306,"NIS AB",nis
2307,"Movan Consulting AB",movan-consulting
2308,"Melbi Executive Search AB",melbi-executive-search
2309,"Maverick Management AB",maverick-management
2310,"KALIBER STHLM AB",kaliber-sthlm
2311,"Jens Arnesson Socionomkonsult AB",jens-arnesson-socionomkonsult
2312,"Helene&Lindroth konsult AB",helene-och-lindroth-konsult
2313,"Forat Xellent Nurses AB",forat-xellent-nurses
2314,"Fairplace AB",fairplace
2315,"Ellström & Partners AB",ellstrom-och-partners
2316,"DSCVR AB",dscvr
2317,"Clockwork Management AB",clockwork-management
2318,"Caroline Ekman AB",caroline-ekman
2319,"CENORIA AB",cenoria
2320,"C.A Rekrytering AB",c-a-rekrytering
2321,"Bjerndal Consulting AB",bjerndal-consulting
2322,"Axel Persson Socionomkonsult AB",axel-persson-socionomkonsult
2323,"Alma & Partners AB",alma-och-partners
2324,"AddSales Nordic AB",addsales-nordic
2325,"AccessCare Sverige AB",accesscare-sverige
2326,"AB BEK consulting",ab-bek-consulting
2327,"Topp Bemanning Stockholm AB",topp-bemanning-stockholm
2328,"Team Friman AB",team-friman
2329,"Personal Basaren AB",personal-basaren
2330,"Northmen 1ndustries AB",northmen-1ndustries
2331,"Ameen AB",ameen
2332,"Workio Bemanning AB",workio-bemanning
2333,"URBAN CAR & TRANSPORT AB",urban-car-och-transport
2334,"TMG Consulting AB",tmg-consulting
2335,"Nursesnet AB",nursesnet
2336,"JanniCare AB",jannicare
2337,"Axiri AB",axiri
2338,"Ahlund Holding AB",ahlund-holding
2339,"Wadin Psykologi och Struktur AB",wadin-psykologi-och-struktur
2340,"Strömberg Yachting AB",stromberg-yachting
2341,"Slutplattan HAMLO 127141 AB",slutplattan-hamlo-127141
2342,"Rivera Care AB",rivera-care
2343,"Piraten Bemanning AB",piraten-bemanning
2344,"Leon Transport AB",leon-transport
2345,"Helena Bähr AB",helena-bahr
2346,"Hanin Hälsa konsult AB",hanin-halsa-konsult
2347,"Backa Emballage Aktiebolag",backa-emballage-aktiebolag
2348,"Svetscom AB",svetscom
2349,"Skånes Psykologiska Utbildningsinstitut AB",skanes-psykologiska-utbildningsinstitut
2350,"Lycke Alltjänst AB",lycke-alltjanst
2351,"Johan Gunnarssons Entreprenad AB",johan-gunnarssons-entreprenad
2352,"Ernisa Family Consult AB",ernisa-family-consult
2353,"Elsapo AB",elsapo
2354,"Daniel Ossowski Handkirurgi AB",daniel-ossowski-handkirurgi
2355,"Rode Consulting AB",rode-consulting
2356,"Rinna Ekonomi AB",rinna-ekonomi
2357,"CAPI Consulting i Mantorp AB",capi-consulting-i-mantorp
2358,"Dupix AB",dupix
2359,"AG Event & Marketing AB",ag-event-och-marketing
2360,"Vårdtruppen Sverige AB",vardtruppen-sverige
2361,"We Know Göteborg AB",we-know-goteborg
2362,"P Kvarnströms Entreprenad AB",p-kvarnstroms-entreprenad
2363,"Kapplatorpets Bilservice AB",kapplatorpets-bilservice
2364,"VARIATOR Bemanning AB",variator-bemanning
2365,"Olséns Transport AB",olsens-transport
2366,"Land Socionomkonsult AB",land-socionomkonsult
2367,"EIR Bemanning AB",eir-bemanning
2368,"Boolof uthyrning AB",boolof-uthyrning
2369,"Svennebo Invest AB",svennebo-invest
2370,"Karlssons Motor & Mekan AB",karlssons-motor-och-mekan
2371,"Your Staff i Sverige AB",your-staff-i-sverige
2372,"FORCERA i Mellansverige AB",forcera-i-mellansverige
2373,"D. Grama Consulting AB",d-grama-consulting
2374,"THE VILLAGE TEAM AB",the-village-team
2375,"JH Motorsport och Event AB",jh-motorsport-och-event
2376,"FriCra Aktiebolag",fricra-aktiebolag
2377,"ART Entreprenad AB",art-entreprenad
2378,"Karlssons Allservice i Storuman AB",karlssons-allservice-i-storuman
2379,"Fredrika Energiteknik AB",fredrika-energiteknik
2380,"Småland Solution AB",smaland-solution
2381,"Olofzons bemanning AB",olofzons-bemanning
2382,"Irina Med AB",irina-med
2383,"LP308 i Sollefteå AB",lp308-i-solleftea
2384,"Expressbemanning i Sundsvall AB",expressbemanning-i-sundsvall
2385,"Fjällfysiken AB",fjallfysiken
2386,"Bemata AB",bemata
2387,"B&J Bemanning AB",b-och-j-bemanning
2388,"nAbleGrowth AB",nablegrowth
2389,"Växtlusten AB",vaxtlusten
2390,"Vashly AB",vashly
2391,"Unik Headhunting Nordics AB",unik-headhunting-nordics
2392,"Techopia AB",techopia
2393,"Talify AB",talify
2394,"Talent Agency Trollhättan AB",talent-agency-trollhattan
2395,"Systergräv AB",systergrav
2396,"SyncUp AB",syncup
2397,"Stockholm E-konsult uthyrning AB",stockholm-e-konsult-uthyrning
2398,"Selecta Recruitment AB",selecta-recruitment
2399,"STAR Group Sweden AB",star-group-sweden
2400,"SIMS Executive Search AB",sims-executive-search
2401,"RekryteringsKonsulten Sverige AB",rekryteringskonsulten-sverige
2402,"Recruitment Center in Sweden AB",recruitment-center-in-sweden
2403,"Nazar Bemanning Aktiebolag",nazar-bemanning-aktiebolag
2404,"Modeverket Aktiebolag",modeverket-aktiebolag
2405,"ML Power AB",ml-power
2406,"LBO SVERIGE AB",lbo-sverige
2407,"Konport AB",konport
2408,"Karisma Rekrytering AB",karisma-rekrytering
2409,"KARIERA NORDIC AB",kariera-nordic
2410,"Inkognito Konsult AB",inkognito-konsult
2411,"Human Ability AB",human-ability
2412,"Human & Executive Sweden AB",human-och-executive-sweden
2413,"Hitract AB",hitract
2414,"Friis Consulting AB",friis-consulting
2415,"Excellium Sweden AB",excellium-sweden
2416,"Elfrax AB",elfrax
2417,"Ekenfelts Konsult AB",ekenfelts-konsult
2418,"EFFSO Tech AB",effso-tech
2419,"Curatia AB",curatia
2420,"Briljant Rekrytering i Stockholm AB",briljant-rekrytering-i-stockholm
2421,"Berving/Hägglund AB",berving-hagglund
2422,"Balkefors Consulting Aktiebolag",balkefors-consulting-aktiebolag
2423,"BETE Global Bemanning AB",bete-global-bemanning
2424,"Amanda Invest AB",amanda-invest
2425,"Allegis Global Solutions Aktiebolag",allegis-global-solutions-aktiebolag
2426,"All Competence Malmö AB",all-competence-malmo
2427,"Agentera AB",agentera
2428,"ASTAREC AB",astarec
2429,"AAA ArbetsAccess AB",aaa-arbetsaccess
2430,"1:a L.I.F Omsorg AB",1-a-l-i-f-omsorg
2431,"Xcaret Fastighetsservice AB",xcaret-fastighetsservice
2432,"Ugarit Care AB",ugarit-care
2433,"Timmis AB",timmis
2434,"Taktikon Crew AB",taktikon-crew
2435,"Tabbouli Group AB",tabbouli-group
2436,"STOCKHOLM PHONE CENTER AB",stockholm-phone-center
2437,"Operating Room Nurse Sweden AB",operating-room-nurse-sweden
2438,"Mokum Restaurang Aktiebolag",mokum-restaurang-aktiebolag
2439,"Michael Nilsson Konsult AB",michael-nilsson-konsult
2440,"MJO Bemanning AB",mjo-bemanning
2441,"Krakowski Consulting AB",krakowski-consulting
2442,"Himali Consulting AB",himali-consulting
2443,"Garde Security Sweden AB",garde-security-sweden
2444,"Berggren Consultant AB",berggren-consultant
2445,"AshMedicin AB",ashmedicin
2446,"Amazonia service AB",amazonia-service
2447,"Unistaff AB",unistaff
2448,"Tilles Miljö AB",tilles-miljo
2449,"The Butler Stockholm AB",the-butler-stockholm
2450,"THU Group Invest AB",thu-group-invest
2451,"Stockholm Tre Evenemang AB",stockholm-tre-evenemang
2452,"Robin Grape AB",robin-grape
2453,"Ramqvist Management Consultants AB",ramqvist-management-consultants
2454,"RM Konsult AB",rm-konsult
2455,"Ordo AB",ordo
2456,"OPSELL AB",opsell
2457,"Noxian Event AB",noxian-event
2458,"Nilha AB",nilha
2459,"Milina AB",milina
2460,"MM Bemanning AB",mm-bemanning
2461,"Kosmo Bemanning AB",kosmo-bemanning
2462,"Helsved AB",helsved
2463,"E.G.A. AB",e-g-a
2464,"Adviser Pink interactive AB",adviser-pink-interactive
2465,"Valp AB",valp
2466,"Sombridge AB",sombridge
2467,"Solid Concrete Göteborg AB",solid-concrete-goteborg
2468,"ServEase AB",servease
2469,"PEPS BUTIK AB",peps-butik
2470,"Midas AB",midas
2471,"K.S läkartjänster AB",k-s-lakartjanster
2472,"Johanens Redovisning AB",johanens-redovisning
2473,"Hanami Medical AB",hanami-medical
2474,"Freja Konsulting AB",freja-konsulting
2475,"Albert A Consulting AB",albert-a-consulting
2476,"Väsbylunds gård AB",vasbylunds-gard
2477,"Tysani Workpower AB",tysani-workpower
2478,"TygelsjöMölla Konsult AB",tygelsjomolla-konsult
2479,"Ted K Mårtensson Management AB",ted-k-martensson-management
2480,"Självklar Service AB",sjalvklar-service
2481,"Per Hammar AB",per-hammar
2482,"Inovatorët Consulting AB",inovatoret-consulting
2483,"HN Lotstjänst AB",hn-lotstjanst
2484,"Goldstream Aktiebolag",goldstream-aktiebolag
2485,"Fjällfotasjö Gård AB",fjallfotasjo-gard
2486,"E Snecker Konsult AB",e-snecker-konsult
2487,"CB Care AB",cb-care
2488,"Aktiebolaget Arvidsson & Alm",aktiebolaget-arvidsson-och-alm
2489,"Unik Student i Sverige AB",unik-student-i-sverige
2490,"Lars Tholmark AB",lars-tholmark
2491,"AfroNordic Consulting AB",afronordic-consulting
2492,"Sliwinski Holding AB",sliwinski-holding
2493,"NineFor Group AB",ninefor-group
2494,"GetANurse Sweden AB",getanurse-sweden
2495,"Tryckfärgsvägens Förvaltnings AB",tryckfargsvagens-forvaltnings
2496,"Juhas Bemanning AB",juhas-bemanning
2497,"AB Tranås AIF",ab-tranas-aif
2498,"ELEVATA HISS AKTIEBOLAG",elevata-hiss-aktiebolag
2499,"Örebro Cocktails AB",orebro-cocktails
2500,"J Adolfsson Project AB",j-adolfsson-project
2501,"AI Socionompoolen Consulting AB",ai-socionompoolen-consulting
2502,"Cowslip AB",cowslip
2503,"Zipp Bemanning AB",zipp-bemanning
2504,"Helgstrand Entreprenad AB",helgstrand-entreprenad
2505,"Gimlä Bemanning AB",gimla-bemanning
2506,"European Air Invest AB",european-air-invest
2507,"Robert Eriksson Förvaltning i Avesta AB",robert-eriksson-forvaltning-i-avesta
2508,"Masfix AB",masfix
2509,"F-Bolaget AB",f-bolaget
2510,"Teodora AB",teodora
2511,"Ramstedts Service AB",ramstedts-service
2512,"Erikssons Alltjänst & Holding AB",erikssons-alltjanst-och-holding
2513,"ER Konsult i Torsby AB",er-konsult-i-torsby
2514,"BANKSY AB",banksy
2515,"YumYum Jobb AB",yumyum-jobb
2516,"MW Demolition AB",mw-demolition
2517,"ViolaVård AB",violavard
2518,"Wallstål Motorsport AB",wallstal-motorsport
2519,"R66 AB",r66
2520,"NesnejE AB",nesneje
2521,"Morris BMA AB",morris-bma
2522,"Lejde Maskin & Teknik AB",lejde-maskin-och-teknik
2523,"Kågedalens Alltjänst AB",kagedalens-alltjanst
2524,"Eze Solutions AB",eze-solutions
2525,"Elin Holmlund Consulting AB",elin-holmlund-consulting
2526,"Darirums Teknik AB",darirums-teknik
2527,"BjoTech Aktiebolag",bjotech-aktiebolag
2528,"R. Karlssons Transport AB",r-karlssons-transport
2529,"Etapp AB",etapp
2530,"Nurse Support Sverige AB",nurse-support-sverige
2531,"Henrik Forss Entreprenad AB",henrik-forss-entreprenad
2532,"mkbergman consulting AB",mkbergman-consulting
2533,"WorkGuide Sverige AB",workguide-sverige
2534,"WOOW Executive Search AB",woow-executive-search
2535,"Uppsala Jobb Poll AB",uppsala-jobb-poll
2536,"VDB Consulting AB",vdb-consulting
2537,"Tecy AB",tecy
2538,"TOBLOR Consulting AB",toblor-consulting
2539,"Sweden Works AB",sweden-works
2540,"Swapp Agency Aktiebolag",swapp-agency-aktiebolag
2541,"Sture Search AB",sture-search
2542,"Stockholm Sourcing AB",stockholm-sourcing
2543,"Stanton Chase Sweden AB",stanton-chase-sweden
2544,"Socialaktörerna AB",socialaktorerna
2545,"Skånes Alltjänst i Malmö AB",skanes-alltjanst-i-malmo
2546,"Skylight Invest AB",skylight-invest
2547,"REBE INTER AB",rebe-inter
2548,"RL Future Management AB",rl-future-management
2549,"PsykoLogiskt Niemandius AB",psykologiskt-niemandius
2550,"PSXpress AB",psxpress
2551,"Ostoya Concept Development AB",ostoya-concept-development
2552,"Oslipat AB",oslipat
2553,"Norrtälje vård & omsorg AB",norrtalje-vard-och-omsorg
2554,"Niash AB",niash
2555,"Moriso Consulting AB",moriso-consulting
2556,"Lilliér Rekrytering AB",lillier-rekrytering
2557,"Kvinnokompetensen Rekrytering & Ledarutveckling Sverige AB",kvinnokompetensen-rekrytering-och-ledarutveckling-sverige
2558,"Kerstin Avemo AB",kerstin-avemo
2559,"Kayali Consulting AB",kayali-consulting
2560,"KaNoHa AB",kanoha
2561,"Josefin Thörnert Consulting AB",josefin-thornert-consulting
2562,"Jobmax AB",jobmax
2563,"Jansson Partners Cornerstone AB",jansson-partners-cornerstone
2564,"JG transport & konsult Aktiebolag",jg-transport-och-konsult-aktiebolag
2565,"Hyrhälsan i Örebro AB",hyrhalsan-i-orebro
2566,"Hope Guiden AB",hope-guiden
2567,"Hospitality Specialist AB",hospitality-specialist
2568,"Gatenborg Executive Consulting AB",gatenborg-executive-consulting
2569,"Fairquest rekrytering AB",fairquest-rekrytering
2570,"Eyra Education AB",eyra-education
2571,"Exelect AB",exelect
2572,"DuoScentia AB",duoscentia
2573,"DreamTalent AB",dreamtalent
2574,"Dimple Sverige AB",dimple-sverige
2575,"Deploy Group AB",deploy-group
2576,"Connectas AB",connectas
2577,"CV Sail AB",cv-sail
2578,"CO-WORKER Kandidatförmedling Sverige AB",co-worker-kandidatformedling-sverige
2579,"CNB Consulting AB",cnb-consulting
2580,"Black Flag Alliance AB",black-flag-alliance
2581,"Bemia AB",bemia
2582,"BOND Human Capital AB",bond-human-capital
2583,"Avipes Entreprenad och Arbetskraft AB",avipes-entreprenad-och-arbetskraft
2584,"Atvexla AB",atvexla
2585,"Anfrab Bemanning AB",anfrab-bemanning
2586,"4 Sleep & Repeat AB",4-sleep-och-repeat
2587,"Wahrlings Eventbyrå AB",wahrlings-eventbyra
2588,"Sweden International Enterprises AB",sweden-international-enterprises
2589,"Partnerteam Sweden AB",partnerteam-sweden
2590,"OculoCura AB",oculocura
2591,"Nurse Direct NC AB",nurse-direct-nc
2592,"Hagmanbolaget AB",hagmanbolaget
2593,"Gorgis Holding AB",gorgis-holding
2594,"Emrose AB",emrose
2595,"Dinc Talent Pool AB",dinc-talent-pool
2596,"Dwyer Consult AB",dwyer-consult
2597,"söderby support AB",soderby-support
2598,"frwrd Asset Management AB",frwrd-asset-management
2599,"R Lindahl Consulting AB",r-lindahl-consulting
2600,"PaMeri Entreprenad AB",pameri-entreprenad
2601,"OLITEK Healthcare AB",olitek-healthcare
2602,"NIO AB",nio
2603,"DirektArbete AB",direktarbete
2604,"Care Staffing North AB",care-staffing-north
2605,"Bergagruppen i Sverige AB",bergagruppen-i-sverige
2606,"A&W bemanning AB",a-och-w-bemanning
2607,"Syster Vanjas vårdbemanning AB",syster-vanjas-vardbemanning
2608,"Swekör AB",swekor
2609,"Square Nine Mangament & Holding AB",square-nine-mangament-och-holding
2610,"Solomio Partner AB",solomio-partner
2611,"Sjanand AB",sjanand
2612,"Rose Personalservice Sverige AB",rose-personalservice-sverige
2613,"Lindhults Bil & Svets AB",lindhults-bil-och-svets
2614,"Jocke Odehed AB",jocke-odehed
2615,"Isflaket AB",isflaket
2616,"Inmont AB",inmont
2617,"Flex Bemanning i Väst AB",flex-bemanning-i-vast
2618,"Commy AB",commy
2619,"Adiuva socionomkonsult AB",adiuva-socionomkonsult
2620,"Zama Medicare AB",zama-medicare
2621,"Staffpartner Sverige AB",staffpartner-sverige
2622,"SeniorArbetsglädje i Skåne AB",seniorarbetsgladje-i-skane
2623,"Nordenstad Consulting AB",nordenstad-consulting
2624,"N Shine Bilvård & Handel AB",n-shine-bilvard-och-handel
2625,"Eko Ettan AB",eko-ettan
2626,"Cila Beauty AB",cila-beauty
2627,"13 Company AB",13-company
2628,"Poldo AB",poldo
2629,"NillisNurse AB",nillisnurse
2630,"MB Medicare AB",mb-medicare
2631,"JP Ekonomi i Vadstena AB",jp-ekonomi-i-vadstena
2632,"Ekeby Ekonomi AB",ekeby-ekonomi
2633,"CKJ Bemanning AB",ckj-bemanning
2634,"Bemanning I Götaland AB",bemanning-i-gotaland
2635,"AB Hansson Med Crew",ab-hansson-med-crew
2636,"PKNytt AB",pknytt
2637,"Intermed AB",intermed
2638,"HNordlander AB",hnordlander
2639,"RODSKAGG AB",rodskagg
2640,"EEB Fastighetsförvaltning&Bygg AB",eeb-fastighetsforvaltning-och-bygg
2641,"Joakim Einars Bygg och Entreprenad AB",joakim-einars-bygg-och-entreprenad
2642,"JH Bemanning & Fastighetsservice AB",jh-bemanning-och-fastighetsservice
2643,"Medicinsk fotvård & Hälsa i Halmstad AB",medicinsk-fotvard-och-halsa-i-halmstad
2644,"MSL CARE AB",msl-care
2645,"Lars Broberg konsult AB",lars-broberg-konsult
2646,"Idelunds Gräv AB",idelunds-grav
2647,"BM Verkstan AB",bm-verkstan
2648,"M.FAGER AB",m-fager
2649,"Högvalla Entreprenad AB",hogvalla-entreprenad
2650,"Forskilen AB",forskilen
2651,"Baronz AB",baronz
2652,"Per Larsson Entreprenad i Enviken AB",per-larsson-entreprenad-i-enviken
2653,"Nyholm Transport AB",nyholm-transport
2654,"Lindbergs Terrängfordon AB",lindbergs-terrangfordon
2655,"Innovation by Tom Bergkvist AB",innovation-by-tom-bergkvist
2656,"Högbo 23 AB",hogbo-23
2657,"EJansson Entreprenad AB",ejansson-entreprenad
2658,"Arnea Design och Trading AB",arnea-design-och-trading
2659,"nrok AB",nrok
2660,"Haka Av AB",haka-av
2661,"H.Eriksson Ockelbo AB",h-eriksson-ockelbo
2662,"Dina Zelnina Läkarkonsult AB",dina-zelnina-lakarkonsult
2663,"Gåsborn Maskin AB",gasborn-maskin
2664,"Gårdarna i Värmland AB",gardarna-i-varmland
2665,"Pang Boom AB",pang-boom
2666,"Krooks entreprenad AB",krooks-entreprenad
2667,"G.O. Carlsson AB",g-o-carlsson
2668,"OGUH Milieu AB",oguh-milieu
2669,"Nordström Entreprenad & Konsult AB",nordstrom-entreprenad-och-konsult
2670,"Larssons Skylt & Reklam AB",larssons-skylt-och-reklam
2671,"Jan Juntti AB",jan-juntti
2672,"Andreas Enbom Entreprenad AB",andreas-enbom-entreprenad
2673,"1111 Motor AB",1111-motor
2674,"Lindström Bemanning & Service AB",lindstrom-bemanning-och-service
2675,"Elevate Kåge AB",elevate-kage
2676,"Sonrysa AB",sonrysa
2677,"SSK Olle Ege AB",ssk-olle-ege
2678,"ABYSS AB",abyss
2679,"Svenska Düsovit Aktiebolag",svenska-dusovit-aktiebolag
2680,"Sam Event & Resurs AB",sam-event-och-resurs
2681,"Stall ElMa AB",stall-elma
2682,"Carolines Transport AB",carolines-transport
2683,"Yveborg Holding AB",yveborg-holding
2684,"Sörfors Mek & Mark AB",sorfors-mek-och-mark
2685,"Su's Thaimat & Bärodling AB",su-s-thaimat-och-barodling
2686,"PN Friskvård AB",pn-friskvard
2687,"Gullgård's GammelGård AB",gullgard-s-gammelgard
2688,"EB.Berglund AB",eb-berglund
2689,"Bakkan Assist AB",bakkan-assist
2690,"WinkIn AB",winkin
2691,"Vireos Sustainability Partners AB",vireos-sustainability-partners
2692,"VFL Bemanning AB",vfl-bemanning
2693,"TREK STOCKHOLM AB",trek-stockholm
2694,"Stockholm Interim AB",stockholm-interim
2695,"StaffPro Sweden AB",staffpro-sweden
2696,"Smart Matchning AB",smart-matchning
2697,"Shakalina Consulting AB",shakalina-consulting
2698,"Searchlight Talent AB",searchlight-talent
2699,"Saming Partner AB",saming-partner
2700,"SAMVERKANSHUSET - Individ & Näringslivsutveckling i Sverige AB",samverkanshuset-individ-och-naringslivsutveckling-i-sverige
2701,"SAM International Executive Sweden AB",sam-international-executive-sweden
2702,"Ring Consulting AB",ring-consulting
2703,"Restaurangkraft Sverige AB",restaurangkraft-sverige
2704,"Race Rekrytering AB",race-rekrytering
2705,"Profondo Rekrytering & Libris AB",profondo-rekrytering-och-libris
2706,"OnePartnerGroup Fjällriket AB",onepartnergroup-fjallriket
2707,"Nätt Consulting AB",natt-consulting
2708,"Nordic Geo Recruiting AB",nordic-geo-recruiting
2709,"Niki Valinger AB",niki-valinger
2710,"Malkea AB",malkea
2711,"MEST Rekrytering AB",mest-rekrytering
2712,"Lehtola Ring AB",lehtola-ring
2713,"KAMLIN CAREERS AB",kamlin-careers
2714,"Jungbeck consulting AB",jungbeck-consulting
2715,"Jonas Westergren AB",jonas-westergren
2716,"Jobmaking Sweden AB",jobmaking-sweden
2717,"Jobs By Nordics AB",jobs-by-nordics
2718,"Isabel Sundvall AB",isabel-sundvall
2719,"Inventum Search AB",inventum-search
2720,"Hälsinglands Rekrytering AB",halsinglands-rekrytering
2721,"Hultenheim Search AB",hultenheim-search
2722,"Helena Sävenek Rekrytering AB",helena-savenek-rekrytering
2723,"Helpsam AB",helpsam
2724,"Four potentials AB",four-potentials
2725,"EngelbergRosendahl AB",engelbergrosendahl
2726,"Eccelso AB",eccelso
2727,"E Lundbergs i Norberg AB",e-lundbergs-i-norberg
2728,"Daniel Dudek AB",daniel-dudek
2729,"Casting Skåne AB",casting-skane
2730,"Brunella AB",brunella
2731,"Bemanningstjänster i Sverige AB",bemanningstjanster-i-sverige
2732,"Avse Management AB",avse-management
2733,"Aveli Talent Solutions AB",aveli-talent-solutions
2734,"Arborelius & co AB",arborelius-och-co
2735,"Anurik Personal AB",anurik-personal
2736,"Alpa Bemanning i Solna AB",alpa-bemanning-i-solna
2737,"Alex Jobbcenter AB",alex-jobbcenter
2738,"AWOL Group AB",awol-group
2739,"AK Östersund Consulting AB",ak-ostersund-consulting
2740,"Union Rekrytering AB",union-rekrytering
2741,"Twin Power AB",twin-power
2742,"Sonma Consulting AB",sonma-consulting
2743,"EHB Stockholm AB",ehb-stockholm
2744,"Zest Care Society AB",zest-care-society
2745,"Vela Bemanning AB",vela-bemanning
2746,"Tjädertuppen STHLM AB",tjadertuppen-sthlm
2747,"Renderos Stockholm AB",renderos-stockholm
2748,"NexPharma AB",nexpharma
2749,"NAVA International AB",nava-international
2750,"Måleva AB",maleva
2751,"Mauritz Grävservice AB",mauritz-gravservice
2752,"Härad Entreprenad AB",harad-entreprenad
2753,"Entreprenadstyrning i Stockholm AB",entreprenadstyrning-i-stockholm
2754,"Atroval AB",atroval
2755,"Asan Care AB",asan-care
2756,"Allonge AB",allonge
2757,"Ahlinder Service AB",ahlinder-service
2758,"Thriving AB",thriving
2759,"TKI Hjo AB",tki-hjo
2760,"Struma AB",struma
2761,"S3 Event AB",s3-event
2762,"Rubys VVS AB",rubys-vvs
2763,"Raknebo Åkeri AB",raknebo-akeri
2764,"Mudemio AB",mudemio
2765,"M.C.N. Invest AB",m-c-n-invest
2766,"Kvarntorps Mek & Svets AB",kvarntorps-mek-och-svets
2767,"Iswecare AB",iswecare
2768,"Hjul & Entreprenad Service i Alingsås AB",hjul-och-entreprenad-service-i-alingsas
2769,"Health Art i Göteborg AB",health-art-i-goteborg
2770,"Hagman Entreprenad & Bemanning AB",hagman-entreprenad-och-bemanning
2771,"HAO Golf & Hälsa AB",hao-golf-och-halsa
2772,"Global Konsult AB",global-konsult
2773,"Gerles Service & Bemanning AB",gerles-service-och-bemanning
2774,"Eliteva Care & Beauty AB",eliteva-care-och-beauty
2775,"ETEON Consulting AB",eteon-consulting
2776,"EFF BYGG AB",eff-bygg
2777,"Dolatiorthodontics AB",dolatiorthodontics
2778,"DnZ solutions AB",dnz-solutions
2779,"CF Göteborg Consulting AB",cf-goteborg-consulting
2780,"Alsofi Vårdbemanning AB",alsofi-vardbemanning
2781,"AVB Event AB",avb-event
2782,"Öresund gruppen personal AB",oresund-gruppen-personal
2783,"V Vilhelm AB",v-vilhelm
2784,"Tegentia AB",tegentia
2785,"TopHuman AB",tophuman
2786,"Sociala resurskedjan i Kristianstad AB",sociala-resurskedjan-i-kristianstad
2787,"Skånska Servicegruppen AB",skanska-servicegruppen
2788,"RT Service i Svedala AB",rt-service-i-svedala
2789,"Optimity Solutions AB",optimity-solutions
2790,"Optikerresursen Helena Broman AB",optikerresursen-helena-broman
2791,"MJC Invest AB",mjc-invest
2792,"Larsson Trädgård & Odling AB",larsson-tradgard-och-odling
2793,"Hemmestorps markarbete & bemanning AB",hemmestorps-markarbete-och-bemanning
2794,"FocusPoint AB",focuspoint
2795,"Barsebäcks Godsförvaltning AB",barsebacks-godsforvaltning
2796,"ZorroCare AB",zorrocare
2797,"JM's Entreprenad & Transport AB",jm-s-entreprenad-och-transport
2798,"GMG Administration Aktiebolag",gmg-administration-aktiebolag
2799,"Schysst Bemanning i Uppsala AB",schysst-bemanning-i-uppsala
2800,"N&J Hönborgs konsult AB",n-och-j-honborgs-konsult
2801,"Medica Nord consult AB",medica-nord-consult
2802,"Becura AB",becura
2803,"E. Hallman Development AB",e-hallman-development
2804,"Meiyo AB",meiyo
2805,"Expario Consulting AB",expario-consulting
2806,"VendoCrew AB",vendocrew
2807,"Klemo Konsult och Bemanning i Örebro AB",klemo-konsult-och-bemanning-i-orebro
2808,"JSJ Konsult AB",jsj-konsult
2809,"Apoproffs Sverige AB",apoproffs-sverige
2810,"Kramsjö Consulting AB",kramsjo-consulting
2811,"DP Dataservice AB",dp-dataservice
2812,"Our Way Holding AB",our-way-holding
2813,"Logistiktjänst Dalarna AB",logistiktjanst-dalarna
2814,"Stocka Media AB",stocka-media
2815,"Schassen Entreprenad AB",schassen-entreprenad
2816,"S.NO AB",s-no
2817,"MS Ovvio AB",ms-ovvio
2818,"Leif Ring AB",leif-ring
2819,"INSITO Payroll AB",insito-payroll
2820,"Thim och Linda Transport AB",thim-och-linda-transport
2821,"Västerås Konsulterna AB",vasteras-konsulterna
2822,"Qlog och Bemanning AB",qlog-och-bemanning
2823,"Mrobs AB",mrobs
2824,"AB OMEGA Bemanning & Rekrytering",ab-omega-bemanning-och-rekrytering
2825,"WMR i Pajala AB",wmr-i-pajala
2826,"Triton Logistics AB",triton-logistics
2827,"Markitta Entreprenad AB",markitta-entreprenad
2828,"LAISKA AB",laiska
2829,"Kiruna Bygg & Betong AB",kiruna-bygg-och-betong
2830,"Kerrä AB",kerra
2831,"Kliwec AB",kliwec
2832,"J.A.B.K AB",j-a-b-k
2833,"Frelea AB",frelea
2834,"FH Mek och Entreprenad AB",fh-mek-och-entreprenad
2835,"Aktab Sverige AB",aktab-sverige
2836,"TSITConsulting AB",tsitconsulting
2837,"RUKA Holding AB",ruka-holding
2838,"Pären Holding AB",paren-holding
2839,"Libeho Consulting AB",libeho-consulting
2840,"JSE Norr AB",jse-norr
2841,"JS i Vilhelmina AB",js-i-vilhelmina
2842,"Elmowi Group AB",elmowi-group
2843,"Brita Brännbeck AB",brita-brannbeck
2844,"Normans i Ådalen AB",normans-i-adalen
2845,"Hallstabacken AB",hallstabacken
2846,"Movere futurum AB",movere-futurum
2847,"Kasper Wikén AB",kasper-wiken
2848,"El Martin i Bräcke AB",el-martin-i-bracke
2849,"D Andersson Entreprenad i Jämtland AB",d-andersson-entreprenad-i-jamtland
2850,"job and skill sweden AB",job-and-skill-sweden
2851,"we:source AB",we-source
2852,"White & White AB",white-och-white
2853,"WILDCARD UnTap AB",wildcard-untap
2854,"Västerviks bemanning och rekrytering AB",vasterviks-bemanning-och-rekrytering
2855,"Svensk Vårdrekrytering AB",svensk-vardrekrytering
2856,"Sträva i Sverige AB",strava-i-sverige
2857,"Stockholm Workpower Hotell & Restaurang AB",stockholm-workpower-hotell-och-restaurang
2858,"Shrlst Resources AB",shrlst-resources
2859,"SPIRA Solutions Coaching & Utbildning AB",spira-solutions-coaching-och-utbildning
2860,"RÂK AB",rak
2861,"Recruit By Erik AB",recruit-by-erik
2862,"Ragnar Lundborg Consulting AB",ragnar-lundborg-consulting
2863,"RMP Musik AB",rmp-musik
2864,"RASCAL AB",rascal
2865,"OnePartnerGroup Norrland AB",onepartnergroup-norrland
2866,"NavConEro AB",navconero
2867,"Mensur Holding AB",mensur-holding
2868,"Medlia AB",medlia
2869,"MME Executive Consulting AB",mme-executive-consulting
2870,"Lindahl HR Konsult AB",lindahl-hr-konsult
2871,"Latitude 63 AB",latitude-63
2872,"Kompetensleverans Sverige AB",kompetensleverans-sverige
2873,"Keiller Consulting AB",keiller-consulting
2874,"KLOPP Scouting AB",klopp-scouting
2875,"Joon AB",joon
2876,"Johansson entreprenad industri fastighet AB",johansson-entreprenad-industri-fastighet
2877,"JeCe Consulting AB",jece-consulting
2878,"Hellsjön-Grängesberg TA Aktiebolag",hellsjon-grangesberg-ta-aktiebolag
2879,"Gigs for her AB",gigs-for-her
2880,"FENA AB",fena
2881,"Estetique Invest AB",estetique-invest
2882,"Esco E. Seifter Company AB",esco-e-seifter-company
2883,"Dotoo AB",dotoo
2884,"Dinkel & Friends AB",dinkel-och-friends
2885,"Boudin Consulting AB",boudin-consulting
2886,"Balansek AB",balansek
2887,"Arbetslab Stockholm AB",arbetslab-stockholm
2888,"Anders Idépartner AB",anders-idepartner
2889,"Active Future Investment AB",active-future-investment
2890,"AB Jobbservice & Co",ab-jobbservice-och-co
2891,"Wilhelmrecruitment AB",wilhelmrecruitment
2892,"Wiam Holding AB",wiam-holding
2893,"Univerb Förlag Aktiebolag",univerb-forlag-aktiebolag
2894,"Lanstaff Sverige AB",lanstaff-sverige
2895,"Janny Way AB",janny-way
2896,"Inti Raymi AB",inti-raymi
2897,"Höjdén It AB",hojden-it
2898,"Belamor AB",belamor
2899,"AIMS Pharmakonsult AB",aims-pharmakonsult
2900,"Yuki Event & Bemanning AB",yuki-event-och-bemanning
2901,"WMM Transport AB",wmm-transport
2902,"StaffConstruct AB",staffconstruct
2903,"SB Medicus AB",sb-medicus
2904,"Proaktiv Bevakning & Bemanning i Sverige AB",proaktiv-bevakning-och-bemanning-i-sverige
2905,"Premium HRM AB",premium-hrm
2906,"Norrtälje chaufförstjänst AB",norrtalje-chaufforstjanst
2907,"Nexuma AB",nexuma
2908,"LabRek AB",labrek
2909,"JabCare AB",jabcare
2910,"H.Bergman AB",h-bergman
2911,"Emma Bygg AB",emma-bygg
2912,"DiDoc Aktiebolag",didoc-aktiebolag
2913,"Daydream AB",daydream
2914,"Öbotrafik AB",obotrafik
2915,"Vartofta Bil och Däckservice Aktiebolag",vartofta-bil-och-dackservice-aktiebolag
2916,"Sayyad Care AB",sayyad-care
2917,"SMBT AB",smbt
2918,"SAB Städ AB",sab-stad
2919,"R.G. Gustavsson Entreprenad AB",r-g-gustavsson-entreprenad
2920,"Need i Gbg AB",need-i-gbg
2921,"Leo Anderssons Transporter AB",leo-anderssons-transporter
2922,"Kungstens Plåt Kök Bad AB",kungstens-plat-kok-bad
2923,"Kaaling Solutions AB",kaaling-solutions
2924,"Hero Staffing Solution AB",hero-staffing-solution
2925,"Franks Maskinentreprenad AB",franks-maskinentreprenad
2926,"Drazens Konsultverksamhet AB",drazens-konsultverksamhet
2927,"Apikan AB",apikan
2928,"AGE Nordic AB",age-nordic
2929,"em's entreprenad Höör AB",em-s-entreprenad-hoor
2930,"TC Montage AB",tc-montage
2931,"Orion Invest AB",orion-invest
2932,"MaiRa Consulting AB",maira-consulting
2933,"GIRGO AB",girgo
2934,"Crazy Cruisers AB",crazy-cruisers
2935,"Soulspirit AB",soulspirit
2936,"DALSTUGAN BEMANNING & TRÄDGÅRD AB",dalstugan-bemanning-och-tradgard
2937,"Holmbergs Bilvård & Chaufförstjänst AB",holmbergs-bilvard-och-chaufforstjanst
2938,"Rasmus Nilsson Motorsport AB",rasmus-nilsson-motorsport
2939,"Pyrit Förvaltning AB",pyrit-forvaltning
2940,"ALDA AB",alda
2941,"Turkman & Co AB",turkman-och-co
2942,"N.Ps skydd och service AB",n-ps-skydd-och-service
2943,"Lecaro AB",lecaro
2944,"Klingskitchen AB",klingskitchen
2945,"Örebro Bra Bemanning AB",orebro-bra-bemanning
2946,"Åndbergs Svets & Industriservice Aktiebolag",andbergs-svets-och-industriservice-aktiebolag
2947,"ZENIX Scandinavia AB",zenix-scandinavia
2948,"MB Racing & Allservice AB",mb-racing-och-allservice
2949,"Logistik & Service i Strängnäs AB",logistik-och-service-i-strangnas
2950,"Åhl & Co AB",ahl-och-co
2951,"RK i Borlänge AB",rk-i-borlange
2952,"LiTi Hantverk AB",liti-hantverk
2953,"Gessåns Entreprenad AB",gessans-entreprenad
2954,"Ekotvätt i Ludvika AB",ekotvatt-i-ludvika
2955,"DalaDrängen AB",daladrangen
2956,"Svenska HumaFlex AB",svenska-humaflex
2957,"SSK Lena AB",ssk-lena
2958,"Per Ekström Bemanning AB",per-ekstrom-bemanning
2959,"Maverick i Hudiksvall AB",maverick-i-hudiksvall
2960,"Joffa Bygg AB",joffa-bygg
2961,"Hälsokonsulten IL AB",halsokonsulten-il
2962,"AG General Care AB",ag-general-care
2963,"Westtjänst Montage AB",westtjanst-montage
2964,"TKs Trucks n Trees AB",tks-trucks-n-trees
2965,"Personalpartner Värmland AB",personalpartner-varmland
2966,"Krister Erikssons Allservice AB",krister-erikssons-allservice
2967,"Hammarö Ved AB",hammaro-ved
2968,"JD Bemanningstjänst AB",jd-bemanningstjanst
2969,"HVO AB",hvo
2970,"Torneus Alltjänst AB",torneus-alltjanst
2971,"Tennström Invest AB",tennstrom-invest
2972,"Per Hedestig Transport AB",per-hedestig-transport
2973,"MKL Ekonomi AB",mkl-ekonomi
2974,"Luleälvdals Upplevelsecenter AB",lulealvdals-upplevelsecenter
2975,"L.Entreprenadtjänst AB",l-entreprenadtjanst
2976,"Larssons Entreprenad i Gällivare AB",larssons-entreprenad-i-gallivare
2977,"HLR & Sjukvård i Norrbotten AB",hlr-och-sjukvard-i-norrbotten
2978,"H Eriksson AB",h-eriksson
2979,"Elimar Care AB",elimar-care
2980,"UMEÅ TECH AB",umea-tech
2981,"Rätt för allt AB",ratt-for-allt
2982,"Ostvik Alltjänst AB",ostvik-alltjanst
2983,"Kafia Medical Consulting AB",kafia-medical-consulting
2984,"Älmhults Skogstransporter AB",almhults-skogstransporter
2985,"Y.A.L.A Design Sweden AB",y-a-l-a-design-sweden
2986,"S.Eriksson AB",s-eriksson
2987,"HTM Mek och Transport AB",htm-mek-och-transport
2988,"H.E Resurs AB",h-e-resurs
2989,"Diversos AB",diversos
2990,"Roia Medicare AB",roia-medicare
2991,"Klix AB",klix
2992,"Accordance AB",accordance
2993,"Cavida AB",cavida
2994,"Hejdlös svets AB",hejdlos-svets
2995,"JH Rental AB",jh-rental
2996,"Byggnadsantikvarie Anna Plahn AB",byggnadsantikvarie-anna-plahn
2997,"Wolander Kompaniet AB",wolander-kompaniet
2998,"WORKIE AB",workie
2999,"Universal Care Sweden AB",universal-care-sweden
3000,"Törnblom Talent Management AB",tornblom-talent-management
3001,"Talent(h)ify Group AB",talent-h-ify-group
3002,"Talent Search and Selection Sweden AB",talent-search-and-selection-sweden
3003,"TR Företagsutveckling AB",tr-foretagsutveckling
3004,"Svanfors Resurs AB",svanfors-resurs
3005,"Strömvirveln AB",stromvirveln
3006,"StaffRec Systems AB",staffrec-systems
3007,"Skånes Vakanser Solutions AB",skanes-vakanser-solutions
3008,"Skirhammar Rekrytering & Interim AB",skirhammar-rekrytering-och-interim
3009,"Skarsgård Casting AB",skarsgard-casting
3010,"SevenEdge Financial Consulting AB",sevenedge-financial-consulting
3011,"Selectus Bemanning AB",selectus-bemanning
3012,"Scratch AB",scratch
3013,"Schnell Rekrytering AB",schnell-rekrytering
3014,"Salk Ego Invest AB",salk-ego-invest
3015,"Roze Recruitment AB",roze-recruitment
3016,"Ringbrant HeLar AB",ringbrant-helar
3017,"Reqrytera SH AB",reqrytera-sh
3018,"Recruitas AB",recruitas
3019,"Quadriga Holding AB",quadriga-holding
3020,"Puchy Consulting AB",puchy-consulting
3021,"Placed AB",placed
3022,"Pharmapool Bemanning AB",pharmapool-bemanning
3023,"PRN Konsult AB",prn-konsult
3024,"Olky AB",olky
3025,"Nominera AB",nominera
3026,"NAM Recruitment AB",nam-recruitment
3027,"Moses akuten bemanningsföretag AB",moses-akuten-bemanningsforetag
3028,"Missions AB",missions
3029,"Marlene Vikström AB",marlene-vikstrom
3030,"Management Search Sverige Aktiebolag",management-search-sverige-aktiebolag
3031,"Katti Jansson Shahin AB",katti-jansson-shahin
3032,"Jobiva AB",jobiva
3033,"Jobb Kvalifex AB",jobb-kvalifex
3034,"JobSeekr AB",jobseekr
3035,"JAMI LOTS Å MUSIK AB",jami-lots-a-musik
3036,"Isaksson Consulting AB",isaksson-consulting
3037,"Hultmans Rekrytering AB",hultmans-rekrytering
3038,"Headmagnet AB",headmagnet
3039,"Graftus International AB",graftus-international
3040,"Falk Search AB",falk-search
3041,"Eyra Bemanning och Rekrytering AB",eyra-bemanning-och-rekrytering
3042,"Elva Rekrytering AB",elva-rekrytering
3043,"Curval AB",curval
3044,"Beautytalents Sverige AB",beautytalents-sverige
3045,"Autorefresh Malmö AB",autorefresh-malmo
3046,"Avesta logistik AB",avesta-logistik
3047,"A-Karriär & Utveckling AB",a-karriar-och-utveckling
3048,"Tommy J. Bolag AB",tommy-j-bolag
3049,"Medenaria AB",medenaria
3050,"Miacoachcare AB",miacoachcare
3051,"Landeskog Bemanning AB",landeskog-bemanning
3052,"Kundia HR AB",kundia-hr
3053,"Knightly & Amso AB",knightly-och-amso
3054,"Heart of Gold Investment Company AB",heart-of-gold-investment-company
3055,"GeoMedic Consulting AB",geomedic-consulting
3056,"Byggmicke AB",byggmicke
3057,"Bemanningsbyrån i Mälardalen Aktiebolag",bemanningsbyran-i-malardalen-aktiebolag
3058,"Westness Åkeri AB",westness-akeri
3059,"Upplandspoolen Personal AB",upplandspoolen-personal
3060,"Tegmark Fysio AB",tegmark-fysio
3061,"Roos-lagen Support AB",roos-lagen-support
3062,"Prihumana AB",prihumana
3063,"PA Norrman AB",pa-norrman
3064,"Markus Consulting AB",markus-consulting
3065,"John Söderström Vård AB",john-soderstrom-vard
3066,"HR Länken AB",hr-lanken
3067,"GE Konsultation och Produktion AB",ge-konsultation-och-produktion
3068,"Freeh! Coaching & Event AB",freeh-coaching-och-event
3069,"FB & B Kommunikation Aktiebolag",fb-och-b-kommunikation-aktiebolag
3070,"ESA Entreprenad & Förvaltning AB",esa-entreprenad-och-forvaltning
3071,"CLSANDSTRÖM AB",clsandstrom
3072,"CG Socionom AB",cg-socionom
3073,"Bro Taxi AB",bro-taxi
3074,"Blue Care AB",blue-care
3075,"Asagrymer AB",asagrymer
3076,"Amwiss Sales AB",amwiss-sales
3077,"Alpha Cardiac Ultrasound AB",alpha-cardiac-ultrasound
3078,"Stefan's Lund AB",stefan-s-lund
3079,"Romida Bygg AB",romida-bygg
3080,"Rapp Konsult AB",rapp-konsult
3081,"R Svets Mekaniska AB",r-svets-mekaniska
3082,"Primora All service AB",primora-all-service
3083,"Patientagent i Sverige AB",patientagent-i-sverige
3084,"Nicess AB",nicess
3085,"Merikas AB",merikas
3086,"Koster Adventures AB",koster-adventures
3087,"Klas Berg Holding AB",klas-berg-holding
3088,"Göta Bemanning AB",gota-bemanning
3089,"Good Gusto AB",good-gusto
3090,"BELP AB",belp
3091,"Autoservice i Skövde AB",autoservice-i-skovde
3092,"Viktor Gunnarsson Släp Holding AB",viktor-gunnarsson-slap-holding
3093,"Stålros logistik och konsult AB",stalros-logistik-och-konsult
3094,"Skånsk specialistvård inom psykiatri AB",skansk-specialistvard-inom-psykiatri
3095,"Sandis af Sweden AB",sandis-af-sweden
3096,"Q55 Sverige AB",q55-sverige
3097,"OA Österlen FoB AB",oa-osterlen-fob
3098,"Maderik Institute of Management AB",maderik-institute-of-management
3099,"Lundqvist Solutions AB",lundqvist-solutions
3100,"HYRESAKUTEN I MALMÖ AB",hyresakuten-i-malmo
3101,"Coffieking AB",coffieking
3102,"Carlssons Bygg i Degeberga AB",carlssons-bygg-i-degeberga
3103,"Al Azzawi vård AB",al-azzawi-vard
3104,"Viringe Åkeri & Logistik Aktiebolag",viringe-akeri-och-logistik-aktiebolag
3105,"Tigria AB",tigria
3106,"Ronnie Eriksson AB",ronnie-eriksson
3107,"Nous psykiatri AB",nous-psykiatri
3108,"Mekanikertjänst i Norrköping AB",mekanikertjanst-i-norrkoping
3109,"KEGIT Kontor och Hem AB",kegit-kontor-och-hem
3110,"Hyr & Bygg i Linköping AB",hyr-och-bygg-i-linkoping
3111,"Geze Group AB",geze-group
3112,"Aesthetics by Jessica & Consulting AB",aesthetics-by-jessica-och-consulting
3113,"Rosco AB",rosco
3114,"J.H.M.N Consulting AB",j-h-m-n-consulting
3115,"J HAGSTEN AB",j-hagsten
3116,"Emils Skog & Service AB",emils-skog-och-service
3117,"Yod & Mikael AB",yod-och-mikael
3118,"U & D Pantzar AB",u-och-d-pantzar
3119,"Skeppshults Mekaniska AB",skeppshults-mekaniska
3120,"Forthmeiier Consultant AB",forthmeiier-consultant
3121,"Al-Dulaimi all service AB",al-dulaimi-all-service
3122,"Nacki Transport AB",nacki-transport
3123,"Industriteknik i Sverige AB",industriteknik-i-sverige
3124,"Björkebo alltjänst AB",bjorkebo-alltjanst
3125,"Älvkrokens Bygg & Kakel AB",alvkrokens-bygg-och-kakel
3126,"Xenia Service och Montage AB",xenia-service-och-montage
3127,"Vård med Omsorg Askersund AB",vard-med-omsorg-askersund
3128,"Qvision Pharma aktiebolag",qvision-pharma-aktiebolag
3129,"Mita&Stefan's Entreprenad Aktiebolag",mita-och-stefan-s-entreprenad-aktiebolag
3130,"Björklunda Alltjänst AB",bjorklunda-alltjanst
3131,"Sörskog Bygg & Petroleum AB",sorskog-bygg-och-petroleum
3132,"Nels & Axel AB",nels-och-axel
3133,"YgareGöransson AB",ygaregoransson
3134,"R Östlings Transport AB",r-ostlings-transport
3135,"RYYD SOLUTIONS GROUP AB",ryyd-solutions-group
3136,"PEBE TRANSPORTTJÄNSTER AB",pebe-transporttjanster
3137,"Helsinge Hyrcenter AB",helsinge-hyrcenter
3138,"Åhlins Brunnservice AB",ahlins-brunnservice
3139,"Tingvalla Hantverks AB",tingvalla-hantverks
3140,"Rosén Design AB",rosen-design
3141,"Gemera Ekonomi AB",gemera-ekonomi
3142,"Deje Sorterings AB",deje-sorterings
3143,"Albin Lennartsson AB",albin-lennartsson
3144,"Trust Works AB",trust-works
3145,"KSB Konstruktionsbolaget AB",ksb-konstruktionsbolaget
3146,"FleetForce Bemaning AB",fleetforce-bemaning
3147,"Sven Flinkfelt AB",sven-flinkfelt
3148,"SanRiv AB",sanriv
3149,"Rebackuddens Fjällfisk AB",rebackuddens-fjallfisk
3150,"Norra allservice AB",norra-allservice
3151,"Mila Care Sweden AB",mila-care-sweden
3152,"MK System AB",mk-system
3153,"Kalix Apartments AB",kalix-apartments
3154,"C.S i Älvsbyn AB",c-s-i-alvsbyn
3155,"AW Skogs och Entreprenad AB",aw-skogs-och-entreprenad
3156,"Umeå Pro service AB",umea-pro-service
3157,"Sven P Mek AB",sven-p-mek
3158,"SH:s Allservice AB",sh-s-allservice
3159,"FGK i Norr AB",fgk-i-norr
3160,"Senior Bemanning i Sydost AB",senior-bemanning-i-sydost
3161,"Ölands Delta AB",olands-delta
3162,"Gardell konsult AB",gardell-konsult
3163,"Nightmare On Tour AB",nightmare-on-tour
3164,"BOD SJÖ Bemanning AB",bod-sjo-bemanning
3165,"alexanderssonj AB",alexanderssonj
3166,"Visåsen skog och maskiner AB",visasen-skog-och-maskiner
3167,"Smlohtip AB",smlohtip
3168,"Marcus Lindblom Instrumentteknik AB",marcus-lindblom-instrumentteknik
3169,"Olssons Entreprenad i Blekinge AB",olssons-entreprenad-i-blekinge
3170,"Nystrom Aviation AB",nystrom-aviation
3171,"T&S Rådgivning AB",t-och-s-radgivning
3172,"Irma Global Assistans AB",irma-global-assistans
3173,"Svahn & Stålbrings Event AB",svahn-och-stalbrings-event
3174,"Nall AB",nall
3175,"Jox konsult AB",jox-konsult
3176,"Gremmla AB",gremmla
3177,"Glad Kompetens AB",glad-kompetens
3178,"Alex Woxlin AB",alex-woxlin
3179,"le Casting AB",le-casting
3180,"i-fix Home AB",i-fix-home
3181,"WrkNw AB",wrknw
3182,"We Hunt For Heads AB",we-hunt-for-heads
3183,"Venoxa AB",venoxa
3184,"True Linn AB",true-linn
3185,"TRUEHelena AB",truehelena
3186,"Svea vårdbemanning AB",svea-vardbemanning
3187,"Ståhlberg Affärspartner AB",stahlberg-affarspartner
3188,"Staff Assessment Sweden AB",staff-assessment-sweden
3189,"Speed Jobb AB",speed-jobb
3190,"Sigma Resurs AB",sigma-resurs
3191,"SensArt Aktiebolag",sensart-aktiebolag
3192,"Senior Poolen i Sala AB",senior-poolen-i-sala
3193,"Seaside Service AB",seaside-service
3194,"Safire Sverige AB",safire-sverige
3195,"SCD Konsult AB",scd-konsult
3196,"RekryteringsMäklaren i Norden AB",rekryteringsmaklaren-i-norden
3197,"RMT Bemanning AB",rmt-bemanning
3198,"People360 JK AB",people360-jk
3199,"PASSO AB",passo
3200,"One of a kind Relations AB",one-of-a-kind-relations
3201,"Nurrse Bemanning AB",nurrse-bemanning
3202,"Norrlandsläkarna AB",norrlandslakarna
3203,"Nordic Chef AB",nordic-chef
3204,"Nesrins Vård och Coaching AB",nesrins-vard-och-coaching
3205,"MRB Matching AB",mrb-matching
3206,"MIDA Bemanning AB",mida-bemanning
3207,"Legal Executive Search & Interim i Stockholm AB",legal-executive-search-och-interim-i-stockholm
3208,"Kotte Management Aktiebolag",kotte-management-aktiebolag
3209,"Kernel HR AB",kernel-hr
3210,"Karin Lood Rekrytering AB",karin-lood-rekrytering
3211,"KS Scandinavia Aktiebolag",ks-scandinavia-aktiebolag
3212,"InstantWork AB",instantwork
3213,"Immunize AB",immunize
3214,"INEZA Consulting AB",ineza-consulting
3215,"Ett nytt kapitel AB",ett-nytt-kapitel
3216,"Eskils Jobb och rekrytering AB",eskils-jobb-och-rekrytering
3217,"Elin Mankert Agency AB",elin-mankert-agency
3218,"Ekonza searcHR AB",ekonza-searchr
3219,"EQUISTAFF SWEDEN AB",equistaff-sweden
3220,"Darle Recruitment AB",darle-recruitment
3221,"Competence Club Group Sweden AB",competence-club-group-sweden
3222,"Carina Bergman AB",carina-bergman
3223,"CAPA & Partners AB",capa-och-partners
3224,"BomanKerer Rekrytering AB",bomankerer-rekrytering
3225,"Axon Consulting AB",axon-consulting
3226,"AmiLu AB",amilu
3227,"Amaton AB",amaton
3228,"ACTUAL Support 054 AB",actual-support-054
3229,"157Solutions AB",157solutions
3230,"WeRSeniors Aktiebolag",werseniors-aktiebolag
3231,"Seniorbemanning i Sverige AB",seniorbemanning-i-sverige
3232,"Sabah Al-Ashi AB",sabah-al-ashi
3233,"SIN People AB",sin-people
3234,"Révay Performance AB",revay-performance
3235,"Ritva Konsult AB",ritva-konsult
3236,"NS Ideal Care AB",ns-ideal-care
3237,"Medkompetens i Stockholm AB",medkompetens-i-stockholm
3238,"MaaX Solutions AB",maax-solutions
3239,"LMG Restaurang AB",lmg-restaurang
3240,"Jörgensens Luft & Kultur AB",jorgensens-luft-och-kultur
3241,"International Health Care Management Sweden AB",international-health-care-management-sweden
3242,"INTRASENZE Resource AB",intrasenze-resource
3243,"I Value Your Talent Sweden AB",i-value-your-talent-sweden
3244,"Harpans Fakturering AB",harpans-fakturering
3245,"Hard Workers Crew Stockholm AB",hard-workers-crew-stockholm
3246,"Doaa Hassan AB",doaa-hassan
3247,"Crecer Tillsammans AB",crecer-tillsammans
3248,"Banuli AB",banuli
3249,"Aurenumus AB",aurenumus
3250,"Alif AB",alif
3251,"Takläggarna i Spånga AB",taklaggarna-i-spanga
3252,"Sasan Group AB",sasan-group
3253,"Sanhill AB",sanhill
3254,"SCAB - Soulmate Consulting AB",scab-soulmate-consulting
3255,"Rätt På Bordet AB",ratt-pa-bordet
3256,"Omsorgskonsulten Helena Mattsson AB",omsorgskonsulten-helena-mattsson
3257,"NOXLUX AB",noxlux
3258,"Medkit AB",medkit
3259,"Izza bereket AB",izza-bereket
3260,"Hantverksförmedlingen FDH AB",hantverksformedlingen-fdh
3261,"Fridens vård och omsorg AB",fridens-vard-och-omsorg
3262,"Dipool Pharma konsult AB",dipool-pharma-konsult
3263,"DAKO Bemanning AB",dako-bemanning
3264,"BE1961 AB",be1961
3265,"Aryanas klinik & vård och omsorg AB",aryanas-klinik-och-vard-och-omsorg
3266,"Arhum enterprises AB",arhum-enterprises
3267,"Toddson AB",toddson
3268,"SVETDOKT AB",svetdokt
3269,"SP Transport och Byggservice AB",sp-transport-och-byggservice
3270,"Pharmify Consulting AB",pharmify-consulting
3271,"Nubban AB",nubban
3272,"MILAJA i Trollhättan AB",milaja-i-trollhattan
3273,"Level 8 AB",level-8
3274,"LJL Byggservice AB",ljl-byggservice
3275,"Kylebäck Consulting AB",kyleback-consulting
3276,"Kaggestorps maskin & bygg service AB",kaggestorps-maskin-och-bygg-service
3277,"Johan Silberg AB",johan-silberg
3278,"In Barbell We Trust AB",in-barbell-we-trust
3279,"Gothia Support AB",gothia-support
3280,"DC group AB",dc-group
3281,"CL EXPERIENCE AB",cl-experience
3282,"Boocra AB",boocra
3283,"Bet Man Holding Aktiebolag",bet-man-holding-aktiebolag
3284,"Bemanningsjouren Västra Götaland AB",bemanningsjouren-vastra-gotaland
3285,"Belmont Sweden AB",belmont-sweden
3286,"Alma Bemaning AB",alma-bemaning
3287,"Vento Care AB",vento-care
3288,"Vabö Förvaltning AB",vabo-forvaltning
3289,"Trygga boende och bemanningstjänster A & M AB",trygga-boende-och-bemanningstjanster-a-och-m
3290,"TGV Socionomkonsult AB",tgv-socionomkonsult
3291,"Stend AB",stend
3292,"SkånskaSeniorer AB",skanskaseniorer
3293,"Robin Åhlund AB",robin-ahlund
3294,"RF Personaluthyrning AB",rf-personaluthyrning
3295,"Psykologiet AB",psykologiet
3296,"Lighthouse Pingst AB",lighthouse-pingst
3297,"Lirosa AB",lirosa
3298,"Kolamossens Däck & Bilverkstad AB",kolamossens-dack-och-bilverkstad
3299,"KimLe AB",kimle
3300,"Inova Sweden AB",inova-sweden
3301,"Höörs Personaluthyrning AB",hoors-personaluthyrning
3302,"Hottarp Resources AB",hottarp-resources
3303,"Glam Care Sweden AB",glam-care-sweden
3304,"Famba AB",famba
3305,"Doublecare AB",doublecare
3306,"Credens Anesthesia Aktiebolag",credens-anesthesia-aktiebolag
3307,"Ce & Jo AB",ce-och-jo
3308,"Capri PRE AB",capri-pre
3309,"Beta Vårdbemanning AB",beta-vardbemanning
3310,"BL Imaging Diagnostics AB",bl-imaging-diagnostics
3311,"AnnBi Consulting AB",annbi-consulting
3312,"AB Någon",ab-nagon
3313,"Skin Clinic Norrköping AB",skin-clinic-norrkoping
3314,"Missing Nurse Linköping AB",missing-nurse-linkoping
3315,"LK Care AB",lk-care
3316,"NurseCore Consulting Scandinavia AB",nursecore-consulting-scandinavia
3317,"MCJ Konsult AB",mcj-konsult
3318,"LaBeMed Konsult AB",labemed-konsult
3319,"Allegria AB",allegria
3320,"Adel Varasteh AB",adel-varasteh
3321,"Servicegruppen Sverige AB",servicegruppen-sverige
3322,"Niklas frilans AB",niklas-frilans
3323,"VMS Maskin AB",vms-maskin
3324,"Friberg Redovisning AB",friberg-redovisning
3325,"Allas Bemanning Sweden AB",allas-bemanning-sweden
3326,"YKB Halland AB",ykb-halland
3327,"Robin Rail & Road AB",robin-rail-och-road
3328,"KUMINKO AB",kuminko
3329,"SD logistik & service AB",sd-logistik-och-service
3330,"Nordic A.S.K Pharma AB",nordic-a-s-k-pharma
3331,"J.Westholm Lots & Bemanning AB",j-westholm-lots-och-bemanning
3332,"HART Sweden AB",hart-sweden
3333,"Royal i Nyköping AB",royal-i-nykoping
3334,"Roundbranch AB",roundbranch
3335,"Lundén Entreprenad AB",lunden-entreprenad
3336,"YEE AB",yee
3337,"Ted & co AB",ted-och-co
3338,"Norman Holding AB",norman-holding
3339,"NRH Konsult AB",nrh-konsult
3340,"Hellbackos AB",hellbackos
3341,"Fogd Invest AB",fogd-invest
3342,"DalaNet Mora AB",dalanet-mora
3343,"Cognitus Trafiklogistik AB",cognitus-trafiklogistik
3344,"TriMPH Konsult AB",trimph-konsult
3345,"Söderhamnstvätten AB",soderhamnstvatten
3346,"Landbonns AB",landbonns
3347,"LW Personal & Bemanning AB",lw-personal-och-bemanning
3348,"CJonsson Alltjänst AB",cjonsson-alltjanst
3349,"KAPROT AB",kaprot
3350,"iCars Rental AB",icars-rental
3351,"MJO Partners AB",mjo-partners
3352,"Docloc AB",docloc
3353,"Asplund & Harju AB",asplund-och-harju
3354,"Arboga Allservice AB",arboga-allservice
3355,"TN Uddvägen AB",tn-uddvagen
3356,"SKÁIDI AB",skaidi
3357,"Jakobssons.P.U.H AB",jakobssons-p-u-h
3358,"Gransels Entreprenad AB",gransels-entreprenad
3359,"Eseyas Excellent Service AB",eseyas-excellent-service
3360,"Bojen i Bukten AB",bojen-i-bukten
3361,"Aulands Alltjänst AB",aulands-alltjanst
3362,"Vildmarkskojan AB",vildmarkskojan
3363,"Tompas alltjänst AB",tompas-alltjanst
3364,"TeOnga AB",teonga
3365,"Olofssons allservice AB",olofssons-allservice
3366,"AM Estetik AB",am-estetik
3367,"Åsebo Entreprenad AB",asebo-entreprenad
3368,"Kronobergslotsen AB",kronobergslotsen
3369,"Saosong AB",saosong
3370,"Härnösands Mjölktransporter AB",harnosands-mjolktransporter
3371,"Bergeforsen Bemanning AB",bergeforsen-bemanning
3372,"A&S företag AB",a-och-s-foretag
3373,"3C Creativ AB",3c-creativ
3374,"Be Patient AB",be-patient
3375,"Åsbygdens Distriktsskötersketjänst AB",asbygdens-distriktsskotersketjanst
3376,"JP Å EB AB",jp-a-eb
3377,"J Åkervall Jämtland AB",j-akervall-jamtland
3378,"F Sundmans Entreprenad i Jämtland AB",f-sundmans-entreprenad-i-jamtland
3379,"Wade & Partners AB",wade-och-partners
3380,"UnIT- TechRecruitment and Consulting AB",unit-techrecruitment-and-consulting
3381,"Ulf Magnusson Konsult AB",ulf-magnusson-konsult
3382,"Unikraft AB",unikraft
3383,"Tribe Dynamics AB",tribe-dynamics
3384,"The Next One AB",the-next-one
3385,"Sverre Carlsson Entertainment och Nöjes, S.C.E.N. AB",sverre-carlsson-entertainment-och-nojes-s-c-e-n
3386,"Spira Group AB",spira-group
3387,"Snabb Jobb Sverige AB",snabb-jobb-sverige
3388,"Smartare Rekrytering @ Sverige AB",smartare-rekrytering-sverige
3389,"SandraTech Consulting AB",sandratech-consulting
3390,"STANCE Gallery AB",stance-gallery
3391,"Resursbrist Norden AB",resursbrist-norden
3392,"Restaurangentreprenören i Sverige AB",restaurangentreprenoren-i-sverige
3393,"Rekryteringsbolaget Annette Gille AB",rekryteringsbolaget-annette-gille
3394,"RAMAS TEKNIK AB",ramas-teknik
3395,"QRS i Örebro AB",qrs-i-orebro
3396,"PrataPå-Konsult AB",pratapa-konsult
3397,"Philia Consulting AB",philia-consulting
3398,"PAWR AB",pawr
3399,"Nielsen Grey AB",nielsen-grey
3400,"NFM Bemanning AB",nfm-bemanning
3401,"Mesta Stockholm AB",mesta-stockholm
3402,"MedBe AB",medbe
3403,"MB Select Executive Search AB",mb-select-executive-search
3404,"M EXCLUSIVE AB",m-exclusive
3405,"M Blom People & Business AB",m-blom-people-och-business
3406,"Läkarakuten i Sverige AB",lakarakuten-i-sverige
3407,"Luma Consulting AB",luma-consulting
3408,"Lejonet&Partners Företagstjänst AB",lejonet-och-partners-foretagstjanst
3409,"Kulturaktiebolaget Det Blir Kul Comedy",kulturaktiebolaget-det-blir-kul-comedy
3410,"Kullberg Headhunting AB",kullberg-headhunting
3411,"Kronstugan 1 AB",kronstugan-1
3412,"Karriärmentorn Tumba AB",karriarmentorn-tumba
3413,"Jobbtjänster i Sverige AB",jobbtjanster-i-sverige
3414,"Jobbmäklarna i Sverige AB",jobbmaklarna-i-sverige
3415,"Joachim Wallin invest AB",joachim-wallin-invest
3416,"JSW Consulting AB",jsw-consulting
3417,"J Lundén Consulting AB",j-lunden-consulting
3418,"Isla Invest AB",isla-invest
3419,"Inner Voice Media AB",inner-voice-media
3420,"Imprint Recruitment AB",imprint-recruitment
3421,"Hälsinglands LegioBemanning AB",halsinglands-legiobemanning
3422,"HR Cons AB",hr-cons
3423,"Gunnersen Consulting AB",gunnersen-consulting
3424,"Framgångsförmedlingen AB",framgangsformedlingen
3425,"Fredrik Svensson AB",fredrik-svensson
3426,"Farhat Consulting AB",farhat-consulting
3427,"Familjen Enell AB",familjen-enell
3428,"Engström & Rasteby AB",engstrom-och-rasteby
3429,"Elton AB",elton
3430,"Ekedahl Consulting AB",ekedahl-consulting
3431,"Dahlén Rekrytering & Konsult AB",dahlen-rekrytering-och-konsult
3432,"Bynosh AB",bynosh
3433,"Bridge2work AB",bridge2work
3434,"Björklund och Persson AB",bjorklund-och-persson
3435,"Bemanning 991 Aktiebolag",bemanning-991-aktiebolag
3436,"AxÖ Consulting Syd AB",axo-consulting-syd
3437,"Avilectus AB",avilectus
3438,"Ariator AB",ariator
3439,"Anthroworks AB",anthroworks
3440,"Adelson & Co AB",adelson-och-co
3441,"Advansi AB",advansi
3442,"AMCC Konsult AB",amcc-konsult
3443,"Z Paragraph AB",z-paragraph
3444,"Wishbone AB",wishbone
3445,"Tändsticksområdet i Jönköping Aktiebolag",tandsticksomradet-i-jonkoping-aktiebolag
3446,"SMC Redovisning@Rådgivning AB",smc-redovisning-radgivning
3447,"Rocabado Enterprises AB",rocabado-enterprises
3448,"Respons Sverige AB",respons-sverige
3449,"RefLink AB",reflink
3450,"RRS Bemanning AB",rrs-bemanning
3451,"Paper Hands AB",paper-hands
3452,"Nordiska Redovisningsgruppen AB",nordiska-redovisningsgruppen
3453,"Gig&Go AB",gig-och-go
3454,"Galax Trading AB",galax-trading
3455,"DocConsult AB",docconsult
3456,"Åhuset Ekonomi AB",ahuset-ekonomi
3457,"VHVinc AB",vhvinc
3458,"VALINTEL AB",valintel
3459,"Säsongare AB",sasongare
3460,"Stockholm Truck & Bemanning AB",stockholm-truck-och-bemanning
3461,"StaTement AB",statement
3462,"SW Entreprenad Stockholm AB",sw-entreprenad-stockholm
3463,"Refine & Nurse AB",refine-och-nurse
3464,"MJ care AB",mj-care
3465,"LPC Projekt AB",lpc-projekt
3466,"Jaktkunskap Svenska AB",jaktkunskap-svenska
3467,"JHR consulting AB",jhr-consulting
3468,"Inmaren AB",inmaren
3469,"HHS ProStaff Bemanning AB",hhs-prostaff-bemanning
3470,"FinFlow Consulting AB",finflow-consulting
3471,"Fadem Transport AB",fadem-transport
3472,"Dennis Jansson Transport i Roslagen AB",dennis-jansson-transport-i-roslagen
3473,"Dalénum 365 AB",dalenum-365
3474,"Cornell Support AB",cornell-support
3475,"Chrilles Entreprenad AB",chrilles-entreprenad
3476,"Arma Security AB",arma-security
3477,"Aerie Group AB",aerie-group
3478,"Tasnem Vård AB",tasnem-vard
3479,"SM Justering Fastighets AB",sm-justering-fastighets
3480,"RAS 365 AB",ras-365
3481,"Nadin AB",nadin
3482,"NXT Interim Göteborg AB",nxt-interim-goteborg
3483,"Koggholmen AB",koggholmen
3484,"Kardamek AB",kardamek
3485,"KIOJK AB",kiojk
3486,"H.Linder AB",h-linder
3487,"H.D.C SVERIGE AB",h-d-c-sverige
3488,"Eskil Grahn Media AB",eskil-grahn-media
3489,"Emanuel Johansson Produktion & Service AB",emanuel-johansson-produktion-och-service
3490,"Ayad Radiology Service AB",ayad-radiology-service
3491,"Aditasvård AB",aditasvard
3492,"Wende Consulting AB",wende-consulting
3493,"Sund Mat i Skåne Aktiebolag",sund-mat-i-skane-aktiebolag
3494,"STOMAK Invest AB",stomak-invest
3495,"Reservkraft AB",reservkraft
3496,"MH Förvaltning i Skåne AB",mh-forvaltning-i-skane
3497,"Luna & Zein Medical AB",luna-och-zein-medical
3498,"Laviva AB",laviva
3499,"Future Concerns AB",future-concerns
3500,"Ad Your Solution AB",ad-your-solution
3501,"3M Syd AB",3m-syd
3502,"STG Diagnostik AB",stg-diagnostik
3503,"Mammorad AB",mammorad
3504,"M94 Consulting AB",m94-consulting
3505,"HSL TEAM IL AB",hsl-team-il
3506,"A.Andersson Lantbrukstjänst AB",a-andersson-lantbrukstjanst
3507,"Söderbergs Rörelse och Aktivitet AB",soderbergs-rorelse-och-aktivitet
3508,"Rungius AB",rungius
3509,"Hyrchaffis i Jönköping AB",hyrchaffis-i-jonkoping
3510,"Halger AB",halger
3511,"Viribus Bemanning AB",viribus-bemanning
3512,"Rosegarden Chef AB",rosegarden-chef
3513,"Karlsgard AB",karlsgard
3514,"J.Askehag AB",j-askehag
3515,"EmBe i Hillerstorp AB",embe-i-hillerstorp
3516,"CH Consulting AB",ch-consulting
3517,"WelDig AB",weldig
3518,"Nges i Hishult AB",nges-i-hishult
3519,"PK Logistics AB",pk-logistics
3520,"MKL Konsult AB",mkl-konsult
3521,"E.Persson Entreprenad AB",e-persson-entreprenad
3522,"Divas I Onsala AB",divas-i-onsala
3523,"Axel Johansson Alltjänst AB",axel-johansson-alltjanst
3524,"BHC AB",bhc
3525,"ME Motorsport AB",me-motorsport
3526,"Cuchillo AB",cuchillo
3527,"Franzén Transport Örebro AB",franzen-transport-orebro
3528,"SEASR Consulting AB",seasr-consulting
3529,"Eskilstuna Specialservice AB",eskilstuna-specialservice
3530,"Tom Puhakka AB",tom-puhakka
3531,"Wilanders Åkeri AB",wilanders-akeri
3532,"Nickarvet Allservice AB",nickarvet-allservice
3533,"Nathalie Vårdbemanning AB",nathalie-vardbemanning
3534,"Klintgårdens Bemanning AB",klintgardens-bemanning
3535,"Isakas Entreprenad & Lantbruk AB",isakas-entreprenad-och-lantbruk
3536,"C-Jack-Zon AB",c-jack-zon
3537,"ViKu AB",viku
3538,"Rödins i Rengsjö AB",rodins-i-rengsjo
3539,"NBG El & Industrimontage AB",nbg-el-och-industrimontage
3540,"TOP KNIFE AB",top-knife
3541,"Fredrick Thyberg AB",fredrick-thyberg
3542,"Intervenio AB",intervenio
3543,"Timize AB",timize
3544,"NurseNow Norrbotten AB",nursenow-norrbotten
3545,"Nordaveo AG Solutions AB",nordaveo-ag-solutions
3546,"Mavon Store AB",mavon-store
3547,"Kustviken AB",kustviken
3548,"Kusttransport i Kalix AB",kusttransport-i-kalix
3549,"Exora AB",exora
3550,"Eric transport Vittangi AB",eric-transport-vittangi
3551,"Umeå Transport Förmedling AB",umea-transport-formedling
3552,"Umeå Lotsservice AB",umea-lotsservice
3553,"Startenders Umeå AB",startenders-umea
3554,"Milbo AB",milbo
3555,"Generation Rental Aktiebolag",generation-rental-aktiebolag
3556,"Essi Soltani AB",essi-soltani
3557,"Rhema Consult AB",rhema-consult
3558,"Söråkers El AB",sorakers-el
3559,"Norrlandskustens Förvaltning AB",norrlandskustens-forvaltning
3560,"Nils Stefan Vedin AB",nils-stefan-vedin
3561,"Mek5an AB",mek5an
3562,"Lundqvist Transport & Service AB",lundqvist-transport-och-service
3563,"Lithéns Totalentreprenad AB",lithens-totalentreprenad
3564,"MR Bygg & transport AB",mr-bygg-och-transport
3565,"Klartor est 2018 AB",klartor-est-2018
3566,"Fränt.se internethandel och logistik AB",frant-se-internethandel-och-logistik
3567,"Bondsjö traktor och uthyrning AB",bondsjo-traktor-och-uthyrning
3568,"RSIO AB",rsio
3569,"Mall Aktiebolag",mall-aktiebolag
3570,"Hems & Drive Take of AB",hems-och-drive-take-of
3571,"Engax AB",engax
3572,"Benny Busk i Överberg AB",benny-busk-i-overberg
3573,"Zellman Nordic AB",zellman-nordic
3574,"Vantage Team AB",vantage-team
3575,"The Sales collective Gothenburg AB",the-sales-collective-gothenburg
3576,"Talenta Consulting AB",talenta-consulting
3577,"Tech & Match i Sverige AB",tech-och-match-i-sverige
3578,"Team Recruitment Sweden AB",team-recruitment-sweden
3579,"TH Recruitment AB",th-recruitment
3580,"Sweden Summit Construction AB",sweden-summit-construction
3581,"Stockholm T AB",stockholm-t
3582,"Slutplattan SIPZO 126495 AB",slutplattan-sipzo-126495
3583,"Schwerin Consulting AB",schwerin-consulting
3584,"SEVRA AB",sevra
3585,"SEBKU Service Event Bemanning Konsult & Utbildning AB",sebku-service-event-bemanning-konsult-och-utbildning
3586,"Rutak AB",rutak
3587,"Rizing AB",rizing
3588,"Requritas AB",requritas
3589,"Rekrytering Stockholm Byrå AB",rekrytering-stockholm-byra
3590,"Ray Vesterinen Invest Aktiebolag",ray-vesterinen-invest-aktiebolag
3591,"RG kontorsvaror AB",rg-kontorsvaror
3592,"R.S solutions AB",r-s-solutions
3593,"PoleonGroup AB",poleongroup
3594,"Pin Rekrytering Sverige AB",pin-rekrytering-sverige
3595,"People360 AS AB",people360-as
3596,"Navina Rekrytering och ChefsPartner AB",navina-rekrytering-och-chefspartner
3597,"NEXTEP AB",nextep
3598,"Minaya Strömgren AB",minaya-stromgren
3599,"Medmate AB",medmate
3600,"Matcha Mera I Göteborg AB",matcha-mera-i-goteborg
3601,"MPE Executive Search AB",mpe-executive-search
3602,"Löflings Kapitalförvaltning AB",loflings-kapitalforvaltning
3603,"JobMetz AB",jobmetz
3604,"JL TalentHub AB",jl-talenthub
3605,"ILMRESURS AB",ilmresurs
3606,"ICONICLI Aktiebolag",iconicli-aktiebolag
3607,"Hyrkraft i Göteborg AB",hyrkraft-i-goteborg
3608,"Hittalast Sverige AB",hittalast-sverige
3609,"Happyr AB",happyr
3610,"G Berg Konsult AB",g-berg-konsult
3611,"Event & Media Production i Stockholm Sweden AB",event-och-media-production-i-stockholm-sweden
3612,"Ejnarsdotter HR AB",ejnarsdotter-hr
3613,"Easylife Sweden AB",easylife-sweden
3614,"EMERÉN HOLDING AB",emeren-holding
3615,"EMA Partners Sweden AB",ema-partners-sweden
3616,"Driv & Kompetens Sverige AB",driv-och-kompetens-sverige
3617,"Conpar AB",conpar
3618,"Cecilias Städ & Konsult AB",cecilias-stad-och-konsult
3619,"Burnt Out Punks AB",burnt-out-punks
3620,"Beecon AB",beecon
3621,"Arebos konsult AB",arebos-konsult
3622,"Arbetsmatchen Sverige AB",arbetsmatchen-sverige
3623,"Ambassadör Mäklare AB",ambassador-maklare
3624,"Access & HR Dynamics AB",access-och-hr-dynamics
3625,"AG Professional Services AB",ag-professional-services
3626,"A&M Facesso AB",a-och-m-facesso
3627,"Stockholms Hotellbemanning AB",stockholms-hotellbemanning
3628,"SWEproof Maritime Management AB",sweproof-maritime-management
3629,"S-T Hudklinik AB",s-t-hudklinik
3630,"Roshy care stockholm AB",roshy-care-stockholm
3631,"Prima Autolack Aktiebolag",prima-autolack-aktiebolag
3632,"Pars Logistic AB",pars-logistic
3633,"NT Partners AB",nt-partners
3634,"Mattias Johansson Konsult AB",mattias-johansson-konsult
3635,"Malicare AB",malicare
3636,"MYR-RAD AB",myr-rad
3637,"MR Travel and Event AB",mr-travel-and-event
3638,"Life-Link AB",life-link
3639,"Kinli Solutions AB",kinli-solutions
3640,"Honung och guld - Mat och dryck AB",honung-och-guld-mat-och-dryck
3641,"GS Rådig AB",gs-radig
3642,"Ekens Nova Konsult AB",ekens-nova-konsult
3643,"Carcil Aktiebolag",carcil-aktiebolag
3644,"VFM Konsulter AB",vfm-konsulter
3645,"Tutela Security AB",tutela-security
3646,"Treffenberg Consulting AB",treffenberg-consulting
3647,"Tomaso Resurs AB",tomaso-resurs
3648,"TAT Medical AB",tat-medical
3649,"SuMo AB",sumo
3650,"Skapa Room Socionomkonsult AB",skapa-room-socionomkonsult
3651,"Rivkraft Sverige AB",rivkraft-sverige
3652,"PSF i Sollentuna AB",psf-i-sollentuna
3653,"Moemoney AB",moemoney
3654,"MediCare Connect AB",medicare-connect
3655,"Lebere Services AB",lebere-services
3656,"Kece consulting AB",kece-consulting
3657,"Kifah Personal och Bemanning AB",kifah-personal-och-bemanning
3658,"JSR vårdkonsult AB",jsr-vardkonsult
3659,"General Top Tech AB",general-top-tech
3660,"Fayer Event AB",fayer-event
3661,"Edbu AB",edbu
3662,"Din Kollega AB",din-kollega
3663,"Anikina Konsult AB",anikina-konsult
3664,"Acctus Audentes AB",acctus-audentes
3665,"Trimming Group AB",trimming-group
3666,"S-Vital AB",s-vital
3667,"NIKPAT Förvaltning AB",nikpat-forvaltning
3668,"Munkedals Alltjänst AB",munkedals-alltjanst
3669,"MFJ Holding AB",mfj-holding
3670,"Liten Karin AB",liten-karin
3671,"Jobtime Sverige AB",jobtime-sverige
3672,"Jasm AB",jasm
3673,"IFS Facility Services AB",ifs-facility-services
3674,"HT Läkarbemanning AB",ht-lakarbemanning
3675,"HISINGENS ALLTJÄNST AB",hisingens-alltjanst
3676,"Eftagon affärsbyrå AB",eftagon-affarsbyra
3677,"DK Medcare AB",dk-medcare
3678,"CURA Vårdbemanning Sverige AB",cura-vardbemanning-sverige
3679,"Arvidssons Mekaniska AB",arvidssons-mekaniska
3680,"Antens Alltjänst AB",antens-alltjanst
3681,"Aktiebolaget Bert, Bar & Bit",aktiebolaget-bert-bar-och-bit
3682,"2R & F Ortho Medical AB",2r-och-f-ortho-medical
3683,"Viklund Bemanning AB",viklund-bemanning
3684,"Vexlog AB",vexlog
3685,"Star Solfilm & Bildekor AB",star-solfilm-och-bildekor
3686,"Rider AB",rider
3687,"PonsCare Aktiebolag",ponscare-aktiebolag
3688,"OreStream AB",orestream
3689,"Nordisk Vårdinsats AB",nordisk-vardinsats
3690,"MRC VÄST AB",mrc-vast
3691,"Malmo Rent & Service AB",malmo-rent-och-service
3692,"LÖNNHÄSSLEGÅRDEN AB",lonnhasslegarden
3693,"Lindkvist rekryterings AB",lindkvist-rekryterings
3694,"Hälsoevolution Sverige AB",halsoevolution-sverige
3695,"Gigtec Syd AB",gigtec-syd
3696,"Falkenbergskonsulterna AB",falkenbergskonsulterna
3697,"Dalagård Lantbruks AB",dalagard-lantbruks
3698,"D.P Lots AB",d-p-lots
3699,"CS Medhjälp AB",cs-medhjalp
3700,"AB Rosario Equity",ab-rosario-equity
3701,"Överstad Allservice AB",overstad-allservice
3702,"Östernorrgårds AB",osternorrgards
3703,"Urban Malm Art AB",urban-malm-art
3704,"HagaBuss AB",hagabuss
3705,"Björks Rent a Man AB",bjorks-rent-a-man
3706,"Sylve MedKonsult AB",sylve-medkonsult
3707,"Nordic Bioenergi AB",nordic-bioenergi
3708,"Foveam AB",foveam
3709,"Bårskär Lantreprenad AB",barskar-lantreprenad
3710,"AL Montage & Alltjänst AB",al-montage-och-alltjanst
3711,"Egons Bil & Mek AB",egons-bil-och-mek
3712,"Örfelths ELT AB",orfelths-elt
3713,"RxPharma AB",rxpharma
3714,"Rapallo AB",rapallo
3715,"Mätteknik i Bredaryd AB",matteknik-i-bredaryd
3716,"Konbema AB",konbema
3717,"JOBA AB",joba
3718,"Franca Bemanning AB",franca-bemanning
3719,"Bors schakt och handel AB",bors-schakt-och-handel
3720,"Torell & Frisk Healthcare AB",torell-och-frisk-healthcare
3721,"Hjärtared 1 AB",hjartared-1
3722,"Bud Och Bemanning I Örebro AB",bud-och-bemanning-i-orebro
3723,"ST Personal & Administration AB",st-personal-och-administration
3724,"Racham AB",racham
3725,"H95 Entreprenad AB",h95-entreprenad
3726,"KGA Industrisupport AB",kga-industrisupport
3727,"Bonnatösens Mackor AB",bonnatosens-mackor
3728,"Nyströms Chaufförstjänst AB",nystroms-chaufforstjanst
3729,"Yggip Holding AB",yggip-holding
3730,"MJH Service AB",mjh-service
3731,"J Belin Invest AB",j-belin-invest
3732,"GOS Industries AB",gos-industries
3733,"Diceart AB",diceart
3734,"Dala Kompetens AB",dala-kompetens
3735,"Aktiebolaget ZEUS & PRIAPUS",aktiebolaget-zeus-och-priapus
3736,"98 Bemanning AB",98-bemanning
3737,"Viks Garageservice AB",viks-garageservice
3738,"R Ivarsson Invest AB",r-ivarsson-invest
3739,"DS Invest Group Bemanning AB",ds-invest-group-bemanning
3740,"WILBUR Invest AB",wilbur-invest
3741,"Medicus PersonalPool AB",medicus-personalpool
3742,"Davids Maskin och Transport AB",davids-maskin-och-transport
3743,"A-A Bemanning i Västerås AB",a-a-bemanning-i-vasteras
3744,"VR Plusredovisning i Norrbotten AB",vr-plusredovisning-i-norrbotten
3745,"Solution Models House Group AB",solution-models-house-group
3746,"Pelle's Garage & Maskin AB",pelle-s-garage-och-maskin
3747,"PELINDA AB",pelinda
3748,"Norrabyns Mekteknik AB",norrabyns-mekteknik
3749,"Mfem AB",mfem
3750,"Lillvargen AB",lillvargen
3751,"Hssons Mek och Svets AB",hssons-mek-och-svets
3752,"FMF Fredrikssons Mark & Förartjänst AB",fmf-fredrikssons-mark-och-forartjanst
3753,"Viktors Maskintjänst AB",viktors-maskintjanst
3754,"Suorssá Sense AB",suorssa-sense
3755,"Norberg & Söner AB",norberg-och-soner
3756,"Lotta Consulting AB",lotta-consulting
3757,"Jungehalls fix AB",jungehalls-fix
3758,"KAS Resurs AB",kas-resurs
3759,"JH Mek & Maskin AB",jh-mek-och-maskin
3760,"VGI AB",vgi
3761,"Medigitus AB",medigitus
3762,"InaCus AB",inacus
3763,"Löwenthal Holding AB",lowenthal-holding
3764,"SUPERNIO AB",supernio
3765,"Hälsan i fokus Sölvesborg AB",halsan-i-fokus-solvesborg
3766,"GoCrew Service AB",gocrew-service
3767,"Örjan Bergander AB",orjan-bergander
3768,"Sjukgymnastiken ANWI Aktiebolag",sjukgymnastiken-anwi-aktiebolag
3769,"Patrongården i Värmon AB",patrongarden-i-varmon
3770,"DEKÅ AB",deka